<?xml version="1.0" encoding="UTF-8"?>
<osm version="0.6" generator="openstreetmap-cgimap 2.1.0 (1324 spike-08.openstreetmap.org)" copyright="OpenStreetMap and contributors" attribution="http://www.openstreetmap.org/copyright" license="http://opendatacommons.org/licenses/odbl/1-0/">
 <bounds minlat="13.5173890" minlon="79.9893950" maxlat="13.5267360" maxlon="80.0062390"/>
 <node id="582033526" visible="true" version="4" changeset="154472588" timestamp="2024-07-27T08:31:42Z" user="Heinz_V" uid="91490" lat="13.5395791" lon="80.0002373"/>
 <node id="582033527" visible="true" version="6" changeset="154472588" timestamp="2024-07-27T08:31:42Z" user="Heinz_V" uid="91490" lat="13.5256724" lon="80.0006010"/>
 <node id="1194253975" visible="true" version="2" changeset="136496469" timestamp="2023-05-24T11:39:29Z" user="PlaneMad" uid="1306" lat="13.5164607" lon="79.9790954"/>
 <node id="1194254018" visible="true" version="3" changeset="136496469" timestamp="2023-05-24T11:39:29Z" user="PlaneMad" uid="1306" lat="13.5368016" lon="79.9987292"/>
 <node id="1194254127" visible="true" version="3" changeset="136496469" timestamp="2023-05-24T11:39:29Z" user="PlaneMad" uid="1306" lat="13.5179420" lon="79.9732804"/>
 <node id="1194254225" visible="true" version="2" changeset="22338655" timestamp="2014-05-14T18:05:51Z" user="n'garh" uid="600918" lat="13.5386624" lon="79.9849015"/>
 <node id="1194254246" visible="true" version="3" changeset="136496469" timestamp="2023-05-24T11:39:29Z" user="PlaneMad" uid="1306" lat="13.5056950" lon="79.9858975"/>
 <node id="1194254280" visible="true" version="3" changeset="136496469" timestamp="2023-05-24T11:39:29Z" user="PlaneMad" uid="1306" lat="13.5440822" lon="79.9952745"/>
 <node id="1194254297" visible="true" version="2" changeset="22338655" timestamp="2014-05-14T18:05:51Z" user="n'garh" uid="600918" lat="13.5356824" lon="79.9789009"/>
 <node id="1194254858" visible="true" version="3" changeset="136496469" timestamp="2023-05-24T11:39:29Z" user="PlaneMad" uid="1306" lat="13.5642956" lon="80.0168180"/>
 <node id="1194254863" visible="true" version="3" changeset="136496469" timestamp="2023-05-24T11:39:29Z" user="PlaneMad" uid="1306" lat="13.5067591" lon="79.9825501"/>
 <node id="1194254898" visible="true" version="3" changeset="158622451" timestamp="2024-11-01T14:40:47Z" user="uknown-gryphus" uid="2425805" lat="13.5423788" lon="79.9946052"/>
 <node id="1194255029" visible="true" version="3" changeset="136496469" timestamp="2023-05-24T11:39:29Z" user="PlaneMad" uid="1306" lat="13.5100973" lon="79.9936867"/>
 <node id="1194255032" visible="true" version="2" changeset="158622451" timestamp="2024-11-01T14:40:47Z" user="uknown-gryphus" uid="2425805" lat="13.5186109" lon="80.0051579"/>
 <node id="1194255042" visible="true" version="3" changeset="62557818" timestamp="2018-09-13T16:37:58Z" user="uknown-gryphus" uid="2425805" lat="13.5459972" lon="79.9961640"/>
 <node id="1194255129" visible="true" version="2" changeset="136496469" timestamp="2023-05-24T11:39:29Z" user="PlaneMad" uid="1306" lat="13.5119751" lon="79.9725938"/>
 <node id="1194255136" visible="true" version="6" changeset="154473640" timestamp="2024-07-27T09:06:21Z" user="Heinz_V" uid="91490" lat="13.5265136" lon="80.0099607"/>
 <node id="1194255215" visible="true" version="3" changeset="136496469" timestamp="2023-05-24T11:39:29Z" user="PlaneMad" uid="1306" lat="13.5598317" lon="80.0278258"/>
 <node id="1194255229" visible="true" version="3" changeset="136496469" timestamp="2023-05-24T11:39:29Z" user="PlaneMad" uid="1306" lat="13.5164816" lon="80.0104451"/>
 <node id="1194255244" visible="true" version="2" changeset="62546935" timestamp="2018-09-13T10:14:06Z" user="uknown-gryphus" uid="2425805" lat="13.5448285" lon="79.9950194"/>
 <node id="1194255335" visible="true" version="2" changeset="22338655" timestamp="2014-05-14T18:05:52Z" user="n'garh" uid="600918" lat="13.5552103" lon="79.9948149"/>
 <node id="1194255358" visible="true" version="3" changeset="136496469" timestamp="2023-05-24T11:39:29Z" user="PlaneMad" uid="1306" lat="13.5129556" lon="79.9651480"/>
 <node id="1194255381" visible="true" version="3" changeset="136496469" timestamp="2023-05-24T11:39:29Z" user="PlaneMad" uid="1306" lat="13.5495686" lon="80.0236845"/>
 <node id="1194255384" visible="true" version="2" changeset="62546935" timestamp="2018-09-13T10:14:06Z" user="uknown-gryphus" uid="2425805" lat="13.5255800" lon="79.9980808"/>
 <node id="1194255408" visible="true" version="3" changeset="176296906" timestamp="2025-12-23T08:50:37Z" user="ph4ni" uid="20599849" lat="13.5357067" lon="79.9813435"/>
 <node id="1194255521" visible="true" version="3" changeset="136496469" timestamp="2023-05-24T11:39:29Z" user="PlaneMad" uid="1306" lat="13.5612084" lon="80.0138569"/>
 <node id="1194255652" visible="true" version="4" changeset="158622451" timestamp="2024-11-01T14:40:47Z" user="uknown-gryphus" uid="2425805" lat="13.5401334" lon="79.9952900"/>
 <node id="1194255765" visible="true" version="3" changeset="136496469" timestamp="2023-05-24T11:39:29Z" user="PlaneMad" uid="1306" lat="13.5574537" lon="80.0144791"/>
 <node id="1194255777" visible="true" version="3" changeset="136496469" timestamp="2023-05-24T11:39:29Z" user="PlaneMad" uid="1306" lat="13.5158765" lon="80.0066685"/>
 <node id="1194255791" visible="true" version="4" changeset="121804147" timestamp="2022-06-01T10:04:15Z" user="uknown-gryphus" uid="2425805" lat="13.5367023" lon="79.9962027"/>
 <node id="1194255809" visible="true" version="2" changeset="22338655" timestamp="2014-05-14T18:05:52Z" user="n'garh" uid="600918" lat="13.5302865" lon="79.9780119"/>
 <node id="1194255871" visible="true" version="3" changeset="176296906" timestamp="2025-12-23T08:50:37Z" user="ph4ni" uid="20599849" lat="13.5349295" lon="79.9855775"/>
 <node id="1194255908" visible="true" version="3" changeset="136496469" timestamp="2023-05-24T11:39:29Z" user="PlaneMad" uid="1306" lat="13.5599151" lon="80.0213027"/>
 <node id="1194255922" visible="true" version="3" changeset="136496469" timestamp="2023-05-24T11:39:29Z" user="PlaneMad" uid="1306" lat="13.5151881" lon="80.0157666"/>
 <node id="1194255957" visible="true" version="2" changeset="62546935" timestamp="2018-09-13T10:14:06Z" user="uknown-gryphus" uid="2425805" lat="13.5435633" lon="79.9945880"/>
 <node id="1194255970" visible="true" version="3" changeset="136496469" timestamp="2023-05-24T11:39:29Z" user="PlaneMad" uid="1306" lat="13.5166276" lon="79.9678087"/>
 <node id="1194256031" visible="true" version="2" changeset="22338655" timestamp="2014-05-14T18:05:52Z" user="n'garh" uid="600918" lat="13.5559615" lon="79.9841153"/>
 <node id="1194256074" visible="true" version="3" changeset="136496469" timestamp="2023-05-24T11:39:29Z" user="PlaneMad" uid="1306" lat="13.5129348" lon="80.0252509"/>
 <node id="1194256152" visible="true" version="3" changeset="136496469" timestamp="2023-05-24T11:39:29Z" user="PlaneMad" uid="1306" lat="13.5329631" lon="79.9989867"/>
 <node id="1194256181" visible="true" version="3" changeset="136496469" timestamp="2023-05-24T11:39:29Z" user="PlaneMad" uid="1306" lat="13.5385748" lon="79.9869275"/>
 <node id="1194256199" visible="true" version="3" changeset="136496469" timestamp="2023-05-24T11:39:29Z" user="PlaneMad" uid="1306" lat="13.5133312" lon="79.9928283"/>
 <node id="1194256212" visible="true" version="2" changeset="62557818" timestamp="2018-09-13T16:37:57Z" user="uknown-gryphus" uid="2425805" lat="13.5197892" lon="80.0030241"/>
 <node id="1194256251" visible="true" version="3" changeset="136496469" timestamp="2023-05-24T11:39:29Z" user="PlaneMad" uid="1306" lat="13.5339018" lon="79.9942231"/>
 <node id="1194256341" visible="true" version="3" changeset="136496469" timestamp="2023-05-24T11:39:29Z" user="PlaneMad" uid="1306" lat="13.5161686" lon="79.9658346"/>
 <node id="1194256360" visible="true" version="3" changeset="136496469" timestamp="2023-05-24T11:39:29Z" user="PlaneMad" uid="1306" lat="13.5509453" lon="80.0026130"/>
 <node id="1194256370" visible="true" version="3" changeset="136496469" timestamp="2023-05-24T11:39:29Z" user="PlaneMad" uid="1306" lat="13.5108067" lon="79.9984288"/>
 <node id="1194256380" visible="true" version="3" changeset="158622451" timestamp="2024-11-01T14:40:47Z" user="uknown-gryphus" uid="2425805" lat="13.5274487" lon="79.9973667"/>
 <node id="1194256466" visible="true" version="3" changeset="62833054" timestamp="2018-09-22T18:15:28Z" user="uknown-gryphus" uid="2425805" lat="13.5586984" lon="80.0280929"/>
 <node id="1194256479" visible="true" version="3" changeset="136496469" timestamp="2023-05-24T11:39:29Z" user="PlaneMad" uid="1306" lat="13.5112657" lon="79.9958968"/>
 <node id="1194256621" visible="true" version="3" changeset="136496469" timestamp="2023-05-24T11:39:29Z" user="PlaneMad" uid="1306" lat="13.5167737" lon="79.9733019"/>
 <node id="1905763413" visible="true" version="1" changeset="13035498" timestamp="2012-09-08T16:46:06Z" user="PlaneMad" uid="1306" lat="13.5179625" lon="79.9974696"/>
 <node id="1905763414" visible="true" version="1" changeset="13035498" timestamp="2012-09-08T16:46:06Z" user="PlaneMad" uid="1306" lat="13.5184683" lon="79.9987805"/>
 <node id="1905763415" visible="true" version="1" changeset="13035498" timestamp="2012-09-08T16:46:06Z" user="PlaneMad" uid="1306" lat="13.5193180" lon="80.0000498"/>
 <node id="1905763418" visible="true" version="2" changeset="62546935" timestamp="2018-09-13T10:14:06Z" user="uknown-gryphus" uid="2425805" lat="13.5209254" lon="79.9931842"/>
 <node id="1905763419" visible="true" version="1" changeset="13035498" timestamp="2012-09-08T16:46:06Z" user="PlaneMad" uid="1306" lat="13.5207670" lon="80.0016702"/>
 <node id="1905763420" visible="true" version="3" changeset="158624907" timestamp="2024-11-01T15:32:29Z" user="uknown-gryphus" uid="2425805" lat="13.5212267" lon="79.9779714"/>
 <node id="1905763421" visible="true" version="2" changeset="62546935" timestamp="2018-09-13T10:14:06Z" user="uknown-gryphus" uid="2425805" lat="13.5214513" lon="79.9960657"/>
 <node id="1905763422" visible="true" version="2" changeset="62546935" timestamp="2018-09-13T10:14:06Z" user="uknown-gryphus" uid="2425805" lat="13.5219311" lon="79.9971150"/>
 <node id="1905763423" visible="true" version="1" changeset="13035498" timestamp="2012-09-08T16:46:06Z" user="PlaneMad" uid="1306" lat="13.5230932" lon="79.9847710"/>
 <node id="1905763424" visible="true" version="1" changeset="13035498" timestamp="2012-09-08T16:46:06Z" user="PlaneMad" uid="1306" lat="13.5233217" lon="80.0020664"/>
 <node id="1905763425" visible="true" version="1" changeset="13035498" timestamp="2012-09-08T16:46:06Z" user="PlaneMad" uid="1306" lat="13.5233789" lon="80.0012719"/>
 <node id="1905763426" visible="true" version="1" changeset="13035498" timestamp="2012-09-08T16:46:06Z" user="PlaneMad" uid="1306" lat="13.5236937" lon="79.9996975"/>
 <node id="1905763428" visible="true" version="1" changeset="13035498" timestamp="2012-09-08T16:46:07Z" user="PlaneMad" uid="1306" lat="13.5238653" lon="80.0003008"/>
 <node id="1905763436" visible="true" version="2" changeset="136496469" timestamp="2023-05-24T11:39:29Z" user="PlaneMad" uid="1306" lat="13.5260023" lon="79.9885136"/>
 <node id="1905763437" visible="true" version="3" changeset="158622451" timestamp="2024-11-01T14:40:47Z" user="uknown-gryphus" uid="2425805" lat="13.5264392" lon="79.9976551"/>
 <node id="1905763438" visible="true" version="2" changeset="62557818" timestamp="2018-09-13T16:37:58Z" user="uknown-gryphus" uid="2425805" lat="13.5265791" lon="79.9918879"/>
 <node id="1905763439" visible="true" version="4" changeset="62557818" timestamp="2018-09-13T16:37:58Z" user="uknown-gryphus" uid="2425805" lat="13.5305729" lon="79.9915438"/>
 <node id="2858497514" visible="true" version="2" changeset="136496469" timestamp="2023-05-24T11:39:29Z" user="PlaneMad" uid="1306" lat="13.5092002" lon="80.0264525"/>
 <node id="2858497517" visible="true" version="2" changeset="136496469" timestamp="2023-05-24T11:39:29Z" user="PlaneMad" uid="1306" lat="13.5125592" lon="80.0265384"/>
 <node id="5205584667" visible="true" version="4" changeset="158622451" timestamp="2024-11-01T14:40:47Z" user="uknown-gryphus" uid="2425805" lat="13.5409453" lon="79.9950315"/>
 <node id="5205625235" visible="true" version="3" changeset="121804147" timestamp="2022-06-01T10:04:15Z" user="uknown-gryphus" uid="2425805" lat="13.5310028" lon="79.9969240"/>
 <node id="5493945233" visible="true" version="5" changeset="154472588" timestamp="2024-07-27T08:31:42Z" user="Heinz_V" uid="91490" lat="13.5301988" lon="80.0002527"/>
 <node id="5493945234" visible="true" version="5" changeset="154472588" timestamp="2024-07-27T08:31:42Z" user="Heinz_V" uid="91490" lat="13.5364470" lon="80.0003814"/>
 <node id="5903581780" visible="true" version="1" changeset="62546935" timestamp="2018-09-13T10:14:01Z" user="uknown-gryphus" uid="2425805" lat="13.5454725" lon="79.9955147"/>
 <node id="5903581781" visible="true" version="1" changeset="62546935" timestamp="2018-09-13T10:14:01Z" user="uknown-gryphus" uid="2425805" lat="13.5442167" lon="79.9947501"/>
 <node id="5903581782" visible="true" version="1" changeset="62546935" timestamp="2018-09-13T10:14:01Z" user="uknown-gryphus" uid="2425805" lat="13.5429834" lon="79.9945695"/>
 <node id="5903581783" visible="true" version="2" changeset="121804147" timestamp="2022-06-01T10:04:15Z" user="uknown-gryphus" uid="2425805" lat="13.5385552" lon="79.9957945"/>
 <node id="5903582401" visible="true" version="2" changeset="121804147" timestamp="2022-06-01T10:04:15Z" user="uknown-gryphus" uid="2425805" lat="13.5371176" lon="79.9961351"/>
 <node id="5903582460" visible="true" version="1" changeset="62546935" timestamp="2018-09-13T10:14:02Z" user="uknown-gryphus" uid="2425805" lat="13.5236665" lon="79.9992157"/>
 <node id="5903582461" visible="true" version="1" changeset="62546935" timestamp="2018-09-13T10:14:02Z" user="uknown-gryphus" uid="2425805" lat="13.5236415" lon="79.9990044"/>
 <node id="5903582462" visible="true" version="1" changeset="62546935" timestamp="2018-09-13T10:14:02Z" user="uknown-gryphus" uid="2425805" lat="13.5235833" lon="79.9989149"/>
 <node id="5903582463" visible="true" version="1" changeset="62546935" timestamp="2018-09-13T10:14:02Z" user="uknown-gryphus" uid="2425805" lat="13.5231973" lon="79.9988340"/>
 <node id="5903582464" visible="true" version="1" changeset="62546935" timestamp="2018-09-13T10:14:02Z" user="uknown-gryphus" uid="2425805" lat="13.5231024" lon="79.9988999"/>
 <node id="5903582465" visible="true" version="1" changeset="62546935" timestamp="2018-09-13T10:14:02Z" user="uknown-gryphus" uid="2425805" lat="13.5230012" lon="79.9991075"/>
 <node id="5903582466" visible="true" version="1" changeset="62546935" timestamp="2018-09-13T10:14:02Z" user="uknown-gryphus" uid="2425805" lat="13.5230067" lon="79.9992251"/>
 <node id="5903582467" visible="true" version="1" changeset="62546935" timestamp="2018-09-13T10:14:02Z" user="uknown-gryphus" uid="2425805" lat="13.5235011" lon="79.9988481"/>
 <node id="5903582468" visible="true" version="1" changeset="62546935" timestamp="2018-09-13T10:14:02Z" user="uknown-gryphus" uid="2425805" lat="13.5234030" lon="79.9988104"/>
 <node id="5903582469" visible="true" version="1" changeset="62546935" timestamp="2018-09-13T10:14:02Z" user="uknown-gryphus" uid="2425805" lat="13.5232983" lon="79.9988056"/>
 <node id="5903582470" visible="true" version="1" changeset="62546935" timestamp="2018-09-13T10:14:02Z" user="uknown-gryphus" uid="2425805" lat="13.5230502" lon="79.9993341"/>
 <node id="5903582471" visible="true" version="1" changeset="62546935" timestamp="2018-09-13T10:14:02Z" user="uknown-gryphus" uid="2425805" lat="13.5231266" lon="79.9994219"/>
 <node id="5903582472" visible="true" version="1" changeset="62546935" timestamp="2018-09-13T10:14:02Z" user="uknown-gryphus" uid="2425805" lat="13.5233403" lon="79.9994966"/>
 <node id="5903582473" visible="true" version="1" changeset="62546935" timestamp="2018-09-13T10:14:03Z" user="uknown-gryphus" uid="2425805" lat="13.5234529" lon="79.9994750"/>
 <node id="5903582474" visible="true" version="1" changeset="62546935" timestamp="2018-09-13T10:14:03Z" user="uknown-gryphus" uid="2425805" lat="13.5235520" lon="79.9994158"/>
 <node id="5903582475" visible="true" version="1" changeset="62546935" timestamp="2018-09-13T10:14:03Z" user="uknown-gryphus" uid="2425805" lat="13.5236260" lon="79.9993259"/>
 <node id="5903582476" visible="true" version="1" changeset="62546935" timestamp="2018-09-13T10:14:03Z" user="uknown-gryphus" uid="2425805" lat="13.5236702" lon="79.9991081"/>
 <node id="5903582477" visible="true" version="1" changeset="62546935" timestamp="2018-09-13T10:14:03Z" user="uknown-gryphus" uid="2425805" lat="13.5232272" lon="79.9994782"/>
 <node id="5903582478" visible="true" version="1" changeset="62546935" timestamp="2018-09-13T10:14:03Z" user="uknown-gryphus" uid="2425805" lat="13.5239937" lon="79.9985357"/>
 <node id="5903582479" visible="true" version="3" changeset="158622451" timestamp="2024-11-01T14:40:47Z" user="uknown-gryphus" uid="2425805" lat="13.5244155" lon="79.9982721"/>
 <node id="5903582480" visible="true" version="1" changeset="62546935" timestamp="2018-09-13T10:14:03Z" user="uknown-gryphus" uid="2425805" lat="13.5230344" lon="79.9989947"/>
 <node id="5903582481" visible="true" version="1" changeset="62546935" timestamp="2018-09-13T10:14:03Z" user="uknown-gryphus" uid="2425805" lat="13.5238558" lon="80.0000560"/>
 <node id="5903582482" visible="true" version="1" changeset="62546935" timestamp="2018-09-13T10:14:03Z" user="uknown-gryphus" uid="2425805" lat="13.5236276" lon="79.9995952"/>
 <node id="5903582483" visible="true" version="1" changeset="62546935" timestamp="2018-09-13T10:14:03Z" user="uknown-gryphus" uid="2425805" lat="13.5211269" lon="79.9950712"/>
 <node id="5903582484" visible="true" version="1" changeset="62546935" timestamp="2018-09-13T10:14:03Z" user="uknown-gryphus" uid="2425805" lat="13.5206526" lon="79.9934902"/>
 <node id="5903582485" visible="true" version="1" changeset="62546935" timestamp="2018-09-13T10:14:03Z" user="uknown-gryphus" uid="2425805" lat="13.5204986" lon="79.9929458"/>
 <node id="5903582486" visible="true" version="1" changeset="62546935" timestamp="2018-09-13T10:14:03Z" user="uknown-gryphus" uid="2425805" lat="13.5203743" lon="79.9932970"/>
 <node id="5903582487" visible="true" version="1" changeset="62546935" timestamp="2018-09-13T10:14:03Z" user="uknown-gryphus" uid="2425805" lat="13.5209071" lon="79.9930941"/>
 <node id="5903582488" visible="true" version="1" changeset="62546935" timestamp="2018-09-13T10:14:03Z" user="uknown-gryphus" uid="2425805" lat="13.5208569" lon="79.9930075"/>
 <node id="5903582489" visible="true" version="1" changeset="62546935" timestamp="2018-09-13T10:14:03Z" user="uknown-gryphus" uid="2425805" lat="13.5204174" lon="79.9933776"/>
 <node id="5903582490" visible="true" version="1" changeset="62546935" timestamp="2018-09-13T10:14:03Z" user="uknown-gryphus" uid="2425805" lat="13.5207811" lon="79.9929436"/>
 <node id="5903582491" visible="true" version="1" changeset="62546935" timestamp="2018-09-13T10:14:03Z" user="uknown-gryphus" uid="2425805" lat="13.5206886" lon="79.9929100"/>
 <node id="5903582492" visible="true" version="1" changeset="62546935" timestamp="2018-09-13T10:14:03Z" user="uknown-gryphus" uid="2425805" lat="13.5205905" lon="79.9929108"/>
 <node id="5903582493" visible="true" version="1" changeset="62546935" timestamp="2018-09-13T10:14:03Z" user="uknown-gryphus" uid="2425805" lat="13.5204237" lon="79.9930109"/>
 <node id="5903582494" visible="true" version="1" changeset="62546935" timestamp="2018-09-13T10:14:03Z" user="uknown-gryphus" uid="2425805" lat="13.5203747" lon="79.9930983"/>
 <node id="5903582495" visible="true" version="1" changeset="62546935" timestamp="2018-09-13T10:14:03Z" user="uknown-gryphus" uid="2425805" lat="13.5203576" lon="79.9931976"/>
 <node id="5903582496" visible="true" version="1" changeset="62546935" timestamp="2018-09-13T10:14:03Z" user="uknown-gryphus" uid="2425805" lat="13.5204828" lon="79.9934404"/>
 <node id="5903582497" visible="true" version="1" changeset="62546935" timestamp="2018-09-13T10:14:03Z" user="uknown-gryphus" uid="2425805" lat="13.5205638" lon="79.9934792"/>
 <node id="5903582498" visible="true" version="1" changeset="62546935" timestamp="2018-09-13T10:14:03Z" user="uknown-gryphus" uid="2425805" lat="13.5207403" lon="79.9934722"/>
 <node id="5903582499" visible="true" version="1" changeset="62546935" timestamp="2018-09-13T10:14:03Z" user="uknown-gryphus" uid="2425805" lat="13.5208182" lon="79.9934271"/>
 <node id="5903582500" visible="true" version="1" changeset="62546935" timestamp="2018-09-13T10:14:03Z" user="uknown-gryphus" uid="2425805" lat="13.5208787" lon="79.9933593"/>
 <node id="5903582501" visible="true" version="1" changeset="62546935" timestamp="2018-09-13T10:14:03Z" user="uknown-gryphus" uid="2425805" lat="13.5209156" lon="79.9932756"/>
 <node id="5903582502" visible="true" version="1" changeset="62546935" timestamp="2018-09-13T10:14:03Z" user="uknown-gryphus" uid="2425805" lat="13.5208572" lon="79.9935874"/>
 <node id="5903582503" visible="true" version="1" changeset="62546935" timestamp="2018-09-13T10:14:03Z" user="uknown-gryphus" uid="2425805" lat="13.5208572" lon="79.9936798"/>
 <node id="5903582504" visible="true" version="1" changeset="62546935" timestamp="2018-09-13T10:14:03Z" user="uknown-gryphus" uid="2425805" lat="13.5215524" lon="79.9960242"/>
 <node id="5903582505" visible="true" version="1" changeset="62546935" timestamp="2018-09-13T10:14:03Z" user="uknown-gryphus" uid="2425805" lat="13.5220205" lon="79.9970456"/>
 <node id="5903582506" visible="true" version="1" changeset="62546935" timestamp="2018-09-13T10:14:03Z" user="uknown-gryphus" uid="2425805" lat="13.5231482" lon="79.9988681"/>
 <node id="5903582507" visible="true" version="1" changeset="62546935" timestamp="2018-09-13T10:14:03Z" user="uknown-gryphus" uid="2425805" lat="13.5223836" lon="79.9979079"/>
 <node id="5903582508" visible="true" version="1" changeset="62546935" timestamp="2018-09-13T10:14:03Z" user="uknown-gryphus" uid="2425805" lat="13.5225028" lon="79.9978366"/>
 <node id="5903582509" visible="true" version="1" changeset="62546935" timestamp="2018-09-13T10:14:03Z" user="uknown-gryphus" uid="2425805" lat="13.5212274" lon="79.9950203"/>
 <node id="5903582510" visible="true" version="1" changeset="62546935" timestamp="2018-09-13T10:14:03Z" user="uknown-gryphus" uid="2425805" lat="13.5217639" lon="79.9986258"/>
 <node id="5903582511" visible="true" version="1" changeset="62546935" timestamp="2018-09-13T10:14:03Z" user="uknown-gryphus" uid="2425805" lat="13.5218682" lon="79.9987673"/>
 <node id="5903582512" visible="true" version="1" changeset="62546935" timestamp="2018-09-13T10:14:03Z" user="uknown-gryphus" uid="2425805" lat="13.5216186" lon="79.9989619"/>
 <node id="5903582513" visible="true" version="1" changeset="62546935" timestamp="2018-09-13T10:14:03Z" user="uknown-gryphus" uid="2425805" lat="13.5215618" lon="79.9993365"/>
 <node id="5903582514" visible="true" version="1" changeset="62546935" timestamp="2018-09-13T10:14:03Z" user="uknown-gryphus" uid="2425805" lat="13.5217936" lon="79.9996234"/>
 <node id="5903582515" visible="true" version="1" changeset="62546935" timestamp="2018-09-13T10:14:03Z" user="uknown-gryphus" uid="2425805" lat="13.5216375" lon="79.9996964"/>
 <node id="5903582516" visible="true" version="1" changeset="62546935" timestamp="2018-09-13T10:14:03Z" user="uknown-gryphus" uid="2425805" lat="13.5213632" lon="79.9993462"/>
 <node id="5903582517" visible="true" version="1" changeset="62546935" timestamp="2018-09-13T10:14:03Z" user="uknown-gryphus" uid="2425805" lat="13.5214389" lon="79.9988792"/>
 <node id="5903582518" visible="true" version="1" changeset="62546935" timestamp="2018-09-13T10:14:03Z" user="uknown-gryphus" uid="2425805" lat="13.5219072" lon="79.9970627"/>
 <node id="5903582519" visible="true" version="1" changeset="62546935" timestamp="2018-09-13T10:14:03Z" user="uknown-gryphus" uid="2425805" lat="13.5215240" lon="79.9973082"/>
 <node id="5903582520" visible="true" version="1" changeset="62546935" timestamp="2018-09-13T10:14:03Z" user="uknown-gryphus" uid="2425805" lat="13.5214578" lon="79.9974104"/>
 <node id="5903582521" visible="true" version="1" changeset="62546935" timestamp="2018-09-13T10:14:03Z" user="uknown-gryphus" uid="2425805" lat="13.5214389" lon="79.9974931"/>
 <node id="5903582522" visible="true" version="1" changeset="62546935" timestamp="2018-09-13T10:14:03Z" user="uknown-gryphus" uid="2425805" lat="13.5214436" lon="79.9975903"/>
 <node id="5903582523" visible="true" version="1" changeset="62546935" timestamp="2018-09-13T10:14:03Z" user="uknown-gryphus" uid="2425805" lat="13.5214578" lon="79.9976682"/>
 <node id="5903582524" visible="true" version="1" changeset="62546935" timestamp="2018-09-13T10:14:03Z" user="uknown-gryphus" uid="2425805" lat="13.5220442" lon="79.9985582"/>
 <node id="5903582525" visible="true" version="1" changeset="62546935" timestamp="2018-09-13T10:14:03Z" user="uknown-gryphus" uid="2425805" lat="13.5219780" lon="79.9989668"/>
 <node id="5903582526" visible="true" version="1" changeset="62546935" timestamp="2018-09-13T10:14:03Z" user="uknown-gryphus" uid="2425805" lat="13.5220868" lon="79.9991030"/>
 <node id="5903582527" visible="true" version="1" changeset="62546935" timestamp="2018-09-13T10:14:03Z" user="uknown-gryphus" uid="2425805" lat="13.5221104" lon="79.9991857"/>
 <node id="5903582528" visible="true" version="1" changeset="62546935" timestamp="2018-09-13T10:14:03Z" user="uknown-gryphus" uid="2425805" lat="13.5221104" lon="79.9992927"/>
 <node id="5903582529" visible="true" version="1" changeset="62546935" timestamp="2018-09-13T10:14:03Z" user="uknown-gryphus" uid="2425805" lat="13.5220631" lon="79.9993948"/>
 <node id="5903582530" visible="true" version="1" changeset="62546935" timestamp="2018-09-13T10:14:03Z" user="uknown-gryphus" uid="2425805" lat="13.5219733" lon="79.9994872"/>
 <node id="5903582531" visible="true" version="1" changeset="62546935" timestamp="2018-09-13T10:14:03Z" user="uknown-gryphus" uid="2425805" lat="13.5219212" lon="79.9995310"/>
 <node id="5903582532" visible="true" version="1" changeset="62546935" timestamp="2018-09-13T10:14:03Z" user="uknown-gryphus" uid="2425805" lat="13.5219260" lon="79.9996137"/>
 <node id="5903582533" visible="true" version="1" changeset="62546935" timestamp="2018-09-13T10:14:03Z" user="uknown-gryphus" uid="2425805" lat="13.5219023" lon="79.9998715"/>
 <node id="5903582534" visible="true" version="1" changeset="62546935" timestamp="2018-09-13T10:14:03Z" user="uknown-gryphus" uid="2425805" lat="13.5217699" lon="79.9999785"/>
 <node id="5903582535" visible="true" version="1" changeset="62546935" timestamp="2018-09-13T10:14:03Z" user="uknown-gryphus" uid="2425805" lat="13.5217746" lon="79.9991322"/>
 <node id="5903582536" visible="true" version="1" changeset="62546935" timestamp="2018-09-13T10:14:03Z" user="uknown-gryphus" uid="2425805" lat="13.5217463" lon="79.9993219"/>
 <node id="5903582537" visible="true" version="1" changeset="62546935" timestamp="2018-09-13T10:14:03Z" user="uknown-gryphus" uid="2425805" lat="13.5227918" lon="79.9982984"/>
 <node id="5903582538" visible="true" version="1" changeset="62546935" timestamp="2018-09-13T10:14:03Z" user="uknown-gryphus" uid="2425805" lat="13.5229995" lon="79.9981545"/>
 <node id="5903582539" visible="true" version="1" changeset="62546935" timestamp="2018-09-13T10:14:03Z" user="uknown-gryphus" uid="2425805" lat="13.5231508" lon="79.9983977"/>
 <node id="5903582540" visible="true" version="1" changeset="62546935" timestamp="2018-09-13T10:14:03Z" user="uknown-gryphus" uid="2425805" lat="13.5232288" lon="79.9984439"/>
 <node id="5903582541" visible="true" version="1" changeset="62546935" timestamp="2018-09-13T10:14:03Z" user="uknown-gryphus" uid="2425805" lat="13.5234227" lon="79.9983126"/>
 <node id="5903582542" visible="true" version="1" changeset="62546935" timestamp="2018-09-13T10:14:03Z" user="uknown-gryphus" uid="2425805" lat="13.5232264" lon="79.9979892"/>
 <node id="5903582543" visible="true" version="1" changeset="62546935" timestamp="2018-09-13T10:14:03Z" user="uknown-gryphus" uid="2425805" lat="13.5231626" lon="79.9979916"/>
 <node id="5903582544" visible="true" version="1" changeset="62546935" timestamp="2018-09-13T10:14:03Z" user="uknown-gryphus" uid="2425805" lat="13.5229924" lon="79.9981181"/>
 <node id="5903582545" visible="true" version="1" changeset="62546935" timestamp="2018-09-13T10:14:03Z" user="uknown-gryphus" uid="2425805" lat="13.5232075" lon="79.9980427"/>
 <node id="5903582546" visible="true" version="1" changeset="62546935" timestamp="2018-09-13T10:14:04Z" user="uknown-gryphus" uid="2425805" lat="13.5233518" lon="79.9982542"/>
 <node id="5903582547" visible="true" version="1" changeset="62546935" timestamp="2018-09-13T10:14:04Z" user="uknown-gryphus" uid="2425805" lat="13.5231933" lon="79.9983467"/>
 <node id="5903582548" visible="true" version="1" changeset="62546935" timestamp="2018-09-13T10:14:04Z" user="uknown-gryphus" uid="2425805" lat="13.5230444" lon="79.9981156"/>
 <node id="5903582549" visible="true" version="1" changeset="62546935" timestamp="2018-09-13T10:14:04Z" user="uknown-gryphus" uid="2425805" lat="13.5232335" lon="79.9982202">
  <tag k="amenity" v="bank"/>
  <tag k="atm" v="yes"/>
  <tag k="name" v="State Bank of India"/>
 </node>
 <node id="5903582550" visible="true" version="1" changeset="62546935" timestamp="2018-09-13T10:14:04Z" user="uknown-gryphus" uid="2425805" lat="13.5231910" lon="79.9982445">
  <tag k="amenity" v="bank"/>
  <tag k="name" v="Syndicate Bank"/>
 </node>
 <node id="5904431460" visible="true" version="2" changeset="158622451" timestamp="2024-11-01T14:40:47Z" user="uknown-gryphus" uid="2425805" lat="13.5172443" lon="80.0088350"/>
 <node id="5904431461" visible="true" version="1" changeset="62557818" timestamp="2018-09-13T16:37:53Z" user="uknown-gryphus" uid="2425805" lat="13.5166453" lon="80.0108263"/>
 <node id="5904431462" visible="true" version="1" changeset="62557818" timestamp="2018-09-13T16:37:53Z" user="uknown-gryphus" uid="2425805" lat="13.5160925" lon="80.0126931"/>
 <node id="5904431463" visible="true" version="1" changeset="62557818" timestamp="2018-09-13T16:37:53Z" user="uknown-gryphus" uid="2425805" lat="13.5155187" lon="80.0153646"/>
 <node id="5904431464" visible="true" version="1" changeset="62557818" timestamp="2018-09-13T16:37:53Z" user="uknown-gryphus" uid="2425805" lat="13.5138496" lon="80.0221881"/>
 <node id="5904431465" visible="true" version="1" changeset="62557818" timestamp="2018-09-13T16:37:53Z" user="uknown-gryphus" uid="2425805" lat="13.5131194" lon="80.0253960"/>
 <node id="5904431466" visible="true" version="1" changeset="62557818" timestamp="2018-09-13T16:37:53Z" user="uknown-gryphus" uid="2425805" lat="13.5130047" lon="80.0257930"/>
 <node id="5904431467" visible="true" version="1" changeset="62557818" timestamp="2018-09-13T16:37:53Z" user="uknown-gryphus" uid="2425805" lat="13.5129212" lon="80.0276598"/>
 <node id="5904431468" visible="true" version="1" changeset="62557818" timestamp="2018-09-13T16:37:53Z" user="uknown-gryphus" uid="2425805" lat="13.5133625" lon="80.0319922"/>
 <node id="5904431482" visible="true" version="1" changeset="62557818" timestamp="2018-09-13T16:37:54Z" user="uknown-gryphus" uid="2425805" lat="13.5170812" lon="79.9944557"/>
 <node id="5904431484" visible="true" version="1" changeset="62557818" timestamp="2018-09-13T16:37:54Z" user="uknown-gryphus" uid="2425805" lat="13.5172798" lon="79.9942311"/>
 <node id="5904433701" visible="true" version="1" changeset="62557818" timestamp="2018-09-13T16:37:54Z" user="uknown-gryphus" uid="2425805" lat="13.5172387" lon="79.9940797"/>
 <node id="5904433702" visible="true" version="1" changeset="62557818" timestamp="2018-09-13T16:37:54Z" user="uknown-gryphus" uid="2425805" lat="13.5177346" lon="79.9966902"/>
 <node id="5904433703" visible="true" version="1" changeset="62557818" timestamp="2018-09-13T16:37:54Z" user="uknown-gryphus" uid="2425805" lat="13.5152527" lon="79.9996575"/>
 <node id="5904433704" visible="true" version="1" changeset="62557818" timestamp="2018-09-13T16:37:54Z" user="uknown-gryphus" uid="2425805" lat="13.5164102" lon="79.9981095"/>
 <node id="5904433715" visible="true" version="1" changeset="62557818" timestamp="2018-09-13T16:37:54Z" user="uknown-gryphus" uid="2425805" lat="13.5201358" lon="79.9933972"/>
 <node id="5904433716" visible="true" version="1" changeset="62557818" timestamp="2018-09-13T16:37:54Z" user="uknown-gryphus" uid="2425805" lat="13.5201451" lon="79.9932524"/>
 <node id="5904433744" visible="true" version="1" changeset="62557818" timestamp="2018-09-13T16:37:54Z" user="uknown-gryphus" uid="2425805" lat="13.5252464" lon="79.9920501"/>
 <node id="5904433745" visible="true" version="1" changeset="62557818" timestamp="2018-09-13T16:37:54Z" user="uknown-gryphus" uid="2425805" lat="13.5248262" lon="79.9921094"/>
 <node id="5904433746" visible="true" version="1" changeset="62557818" timestamp="2018-09-13T16:37:54Z" user="uknown-gryphus" uid="2425805" lat="13.5250753" lon="79.9922333"/>
 <node id="5904433747" visible="true" version="1" changeset="62557818" timestamp="2018-09-13T16:37:54Z" user="uknown-gryphus" uid="2425805" lat="13.5249797" lon="79.9917868"/>
 <node id="5904433748" visible="true" version="1" changeset="62557818" timestamp="2018-09-13T16:37:54Z" user="uknown-gryphus" uid="2425805" lat="13.5252460" lon="79.9919717"/>
 <node id="5904433749" visible="true" version="1" changeset="62557818" timestamp="2018-09-13T16:37:54Z" user="uknown-gryphus" uid="2425805" lat="13.5248026" lon="79.9919929"/>
 <node id="5904433750" visible="true" version="1" changeset="62557818" timestamp="2018-09-13T16:37:54Z" user="uknown-gryphus" uid="2425805" lat="13.5252212" lon="79.9921242"/>
 <node id="5904433751" visible="true" version="1" changeset="62557818" timestamp="2018-09-13T16:37:54Z" user="uknown-gryphus" uid="2425805" lat="13.5251733" lon="79.9921852"/>
 <node id="5904433752" visible="true" version="1" changeset="62557818" timestamp="2018-09-13T16:37:54Z" user="uknown-gryphus" uid="2425805" lat="13.5251082" lon="79.9922262"/>
 <node id="5904433753" visible="true" version="1" changeset="62557818" timestamp="2018-09-13T16:37:54Z" user="uknown-gryphus" uid="2425805" lat="13.5250336" lon="79.9922423"/>
 <node id="5904433754" visible="true" version="1" changeset="62557818" timestamp="2018-09-13T16:37:54Z" user="uknown-gryphus" uid="2425805" lat="13.5249580" lon="79.9922316"/>
 <node id="5904433755" visible="true" version="1" changeset="62557818" timestamp="2018-09-13T16:37:55Z" user="uknown-gryphus" uid="2425805" lat="13.5248903" lon="79.9921955"/>
 <node id="5904433756" visible="true" version="1" changeset="62557818" timestamp="2018-09-13T16:37:55Z" user="uknown-gryphus" uid="2425805" lat="13.5248383" lon="79.9921381"/>
 <node id="5904433757" visible="true" version="1" changeset="62557818" timestamp="2018-09-13T16:37:55Z" user="uknown-gryphus" uid="2425805" lat="13.5248198" lon="79.9919217"/>
 <node id="5904433758" visible="true" version="1" changeset="62557818" timestamp="2018-09-13T16:37:55Z" user="uknown-gryphus" uid="2425805" lat="13.5248579" lon="79.9918597"/>
 <node id="5904433759" visible="true" version="1" changeset="62557818" timestamp="2018-09-13T16:37:55Z" user="uknown-gryphus" uid="2425805" lat="13.5249131" lon="79.9918131"/>
 <node id="5904433760" visible="true" version="1" changeset="62557818" timestamp="2018-09-13T16:37:55Z" user="uknown-gryphus" uid="2425805" lat="13.5250510" lon="79.9917834"/>
 <node id="5904433761" visible="true" version="1" changeset="62557818" timestamp="2018-09-13T16:37:55Z" user="uknown-gryphus" uid="2425805" lat="13.5251197" lon="79.9918032"/>
 <node id="5904433762" visible="true" version="1" changeset="62557818" timestamp="2018-09-13T16:37:55Z" user="uknown-gryphus" uid="2425805" lat="13.5251789" lon="79.9918443"/>
 <node id="5904433763" visible="true" version="1" changeset="62557818" timestamp="2018-09-13T16:37:55Z" user="uknown-gryphus" uid="2425805" lat="13.5252224" lon="79.9919024"/>
 <node id="5904433764" visible="true" version="1" changeset="62557818" timestamp="2018-09-13T16:37:55Z" user="uknown-gryphus" uid="2425805" lat="13.5265515" lon="79.9917427"/>
 <node id="5904433765" visible="true" version="2" changeset="136496469" timestamp="2023-05-24T11:39:29Z" user="PlaneMad" uid="1306" lat="13.5243219" lon="79.9890000"/>
 <node id="5904433766" visible="true" version="1" changeset="62557818" timestamp="2018-09-13T16:37:55Z" user="uknown-gryphus" uid="2425805" lat="13.5239235" lon="79.9922803"/>
 <node id="5904433767" visible="true" version="2" changeset="62833054" timestamp="2018-09-22T18:15:28Z" user="uknown-gryphus" uid="2425805" lat="13.5219012" lon="79.9928562"/>
 <node id="5904433768" visible="true" version="1" changeset="62557818" timestamp="2018-09-13T16:37:55Z" user="uknown-gryphus" uid="2425805" lat="13.5216881" lon="79.9927977"/>
 <node id="5904433769" visible="true" version="1" changeset="62557818" timestamp="2018-09-13T16:37:55Z" user="uknown-gryphus" uid="2425805" lat="13.5248080" lon="79.9920661"/>
 <node id="5904433770" visible="true" version="1" changeset="62557818" timestamp="2018-09-13T16:37:55Z" user="uknown-gryphus" uid="2425805" lat="13.5240309" lon="79.9921466"/>
 <node id="5904433771" visible="true" version="1" changeset="62557818" timestamp="2018-09-13T16:37:55Z" user="uknown-gryphus" uid="2425805" lat="13.5237943" lon="79.9923192"/>
 <node id="5904433772" visible="true" version="1" changeset="62557818" timestamp="2018-09-13T16:37:55Z" user="uknown-gryphus" uid="2425805" lat="13.5266924" lon="79.9917955"/>
 <node id="5904433783" visible="true" version="1" changeset="62557818" timestamp="2018-09-13T16:37:55Z" user="uknown-gryphus" uid="2425805" lat="13.5473516" lon="79.9989322"/>
 <node id="5904433898" visible="true" version="1" changeset="62557818" timestamp="2018-09-13T16:37:55Z" user="uknown-gryphus" uid="2425805" lat="13.5474932" lon="79.9988642"/>
 <node id="5904433902" visible="true" version="2" changeset="158622451" timestamp="2024-11-01T14:40:47Z" user="uknown-gryphus" uid="2425805" lat="13.5467679" lon="79.9976562"/>
 <node id="5904433903" visible="true" version="2" changeset="121804147" timestamp="2022-06-01T10:04:15Z" user="uknown-gryphus" uid="2425805" lat="13.5469476" lon="79.9977116"/>
 <node id="5922802588" visible="true" version="2" changeset="136496469" timestamp="2023-05-24T11:39:29Z" user="PlaneMad" uid="1306" lat="13.5528019" lon="80.0241351"/>
 <node id="5922802589" visible="true" version="2" changeset="136496469" timestamp="2023-05-24T11:39:29Z" user="PlaneMad" uid="1306" lat="13.5530731" lon="80.0286627"/>
 <node id="5922802650" visible="true" version="1" changeset="62833054" timestamp="2018-09-22T18:15:26Z" user="uknown-gryphus" uid="2425805" lat="13.5204317" lon="79.9920036"/>
 <node id="5922802651" visible="true" version="1" changeset="62833054" timestamp="2018-09-22T18:15:26Z" user="uknown-gryphus" uid="2425805" lat="13.5202503" lon="79.9920569"/>
 <node id="6199174226" visible="true" version="1" changeset="66204754" timestamp="2019-01-10T18:19:41Z" user="maahi_kotha" uid="9345907" lat="13.5221560" lon="79.9991427"/>
 <node id="6199174227" visible="true" version="1" changeset="66204754" timestamp="2019-01-10T18:19:41Z" user="maahi_kotha" uid="9345907" lat="13.5221429" lon="79.9991454"/>
 <node id="6199174228" visible="true" version="1" changeset="66204754" timestamp="2019-01-10T18:19:41Z" user="maahi_kotha" uid="9345907" lat="13.5221337" lon="79.9991279"/>
 <node id="6199174229" visible="true" version="1" changeset="66204754" timestamp="2019-01-10T18:19:41Z" user="maahi_kotha" uid="9345907" lat="13.5221324" lon="79.9991091"/>
 <node id="6199174230" visible="true" version="1" changeset="66204754" timestamp="2019-01-10T18:19:41Z" user="maahi_kotha" uid="9345907" lat="13.5221560" lon="79.9991185"/>
 <node id="6508706270" visible="true" version="1" changeset="70731159" timestamp="2019-05-29T12:08:46Z" user="कुमार" uid="9318129" lat="13.5186357" lon="80.0009930"/>
 <node id="6508706271" visible="true" version="1" changeset="70731159" timestamp="2019-05-29T12:08:46Z" user="कुमार" uid="9318129" lat="13.5175795" lon="80.0023127"/>
 <node id="6508706272" visible="true" version="1" changeset="70731159" timestamp="2019-05-29T12:08:46Z" user="कुमार" uid="9318129" lat="13.5150420" lon="80.0000167"/>
 <node id="6508706273" visible="true" version="1" changeset="70731159" timestamp="2019-05-29T12:08:46Z" user="कुमार" uid="9318129" lat="13.5155975" lon="79.9992737"/>
 <node id="6508706274" visible="true" version="1" changeset="70731159" timestamp="2019-05-29T12:08:46Z" user="कुमार" uid="9318129" lat="13.5160460" lon="79.9986756"/>
 <node id="6508715060" visible="true" version="1" changeset="70731159" timestamp="2019-05-29T12:08:46Z" user="कुमार" uid="9318129" lat="13.5300401" lon="79.9803553"/>
 <node id="6981545742" visible="true" version="3" changeset="154473640" timestamp="2024-07-27T09:06:21Z" user="Heinz_V" uid="91490" lat="13.3515835" lon="79.9312448"/>
 <node id="7529043917" visible="true" version="1" changeset="85336805" timestamp="2020-05-17T14:35:08Z" user="crisitunity" uid="11023150" lat="13.5160345" lon="79.9903499"/>
 <node id="7529043918" visible="true" version="1" changeset="85336805" timestamp="2020-05-17T14:35:08Z" user="crisitunity" uid="11023150" lat="13.5178004" lon="79.9898019"/>
 <node id="7529043919" visible="true" version="1" changeset="85336805" timestamp="2020-05-17T14:35:08Z" user="crisitunity" uid="11023150" lat="13.5180722" lon="79.9907283"/>
 <node id="7529043920" visible="true" version="1" changeset="85336805" timestamp="2020-05-17T14:35:08Z" user="crisitunity" uid="11023150" lat="13.5163063" lon="79.9912763"/>
 <node id="9787690073" visible="true" version="2" changeset="158622451" timestamp="2024-11-01T14:40:47Z" user="uknown-gryphus" uid="2425805" lat="13.5461318" lon="79.9963703"/>
 <node id="9787698877" visible="true" version="1" changeset="121804147" timestamp="2022-06-01T10:04:15Z" user="uknown-gryphus" uid="2425805" lat="13.5465019" lon="79.9967407"/>
 <node id="9787698878" visible="true" version="1" changeset="121804147" timestamp="2022-06-01T10:04:15Z" user="uknown-gryphus" uid="2425805" lat="13.5463849" lon="79.9965113"/>
 <node id="9787698879" visible="true" version="1" changeset="121804147" timestamp="2022-06-01T10:04:15Z" user="uknown-gryphus" uid="2425805" lat="13.5462399" lon="79.9962762"/>
 <node id="9787698880" visible="true" version="1" changeset="121804147" timestamp="2022-06-01T10:04:15Z" user="uknown-gryphus" uid="2425805" lat="13.5460670" lon="79.9960009"/>
 <node id="9787698881" visible="true" version="1" changeset="121804147" timestamp="2022-06-01T10:04:15Z" user="uknown-gryphus" uid="2425805" lat="13.5458998" lon="79.9958059"/>
 <node id="9787698882" visible="true" version="1" changeset="121804147" timestamp="2022-06-01T10:04:15Z" user="uknown-gryphus" uid="2425805" lat="13.5457660" lon="79.9956281"/>
 <node id="9787698883" visible="true" version="1" changeset="121804147" timestamp="2022-06-01T10:04:15Z" user="uknown-gryphus" uid="2425805" lat="13.5455708" lon="79.9954331"/>
 <node id="9787698884" visible="true" version="1" changeset="121804147" timestamp="2022-06-01T10:04:15Z" user="uknown-gryphus" uid="2425805" lat="13.5450021" lon="79.9950029"/>
 <node id="9787698885" visible="true" version="1" changeset="121804147" timestamp="2022-06-01T10:04:15Z" user="uknown-gryphus" uid="2425805" lat="13.5442940" lon="79.9946588"/>
 <node id="9787698886" visible="true" version="1" changeset="121804147" timestamp="2022-06-01T10:04:15Z" user="uknown-gryphus" uid="2425805" lat="13.5436082" lon="79.9944753"/>
 <node id="9787698887" visible="true" version="1" changeset="121804147" timestamp="2022-06-01T10:04:15Z" user="uknown-gryphus" uid="2425805" lat="13.5429670" lon="79.9944409"/>
 <node id="9787698888" visible="true" version="2" changeset="158622451" timestamp="2024-11-01T14:40:47Z" user="uknown-gryphus" uid="2425805" lat="13.5423893" lon="79.9944783"/>
 <node id="9787698889" visible="true" version="2" changeset="158622451" timestamp="2024-11-01T14:40:47Z" user="uknown-gryphus" uid="2425805" lat="13.5409249" lon="79.9949023"/>
 <node id="9787698890" visible="true" version="1" changeset="121804147" timestamp="2022-06-01T10:04:15Z" user="uknown-gryphus" uid="2425805" lat="13.5382165" lon="79.9957657"/>
 <node id="9787698891" visible="true" version="2" changeset="158624907" timestamp="2024-11-01T15:32:29Z" user="uknown-gryphus" uid="2425805" lat="13.5357631" lon="79.9961842"/>
 <node id="9787698892" visible="true" version="2" changeset="158624907" timestamp="2024-11-01T15:32:29Z" user="uknown-gryphus" uid="2425805" lat="13.5330201" lon="79.9965212"/>
 <node id="9787698893" visible="true" version="1" changeset="121804147" timestamp="2022-06-01T10:04:15Z" user="uknown-gryphus" uid="2425805" lat="13.5309903" lon="79.9967936"/>
 <node id="9787698894" visible="true" version="2" changeset="158622451" timestamp="2024-11-01T14:40:47Z" user="uknown-gryphus" uid="2425805" lat="13.5286711" lon="79.9970059"/>
 <node id="9787698895" visible="true" version="2" changeset="158622451" timestamp="2024-11-01T14:40:47Z" user="uknown-gryphus" uid="2425805" lat="13.5274940" lon="79.9972184"/>
 <node id="9787698896" visible="true" version="2" changeset="158622451" timestamp="2024-11-01T14:40:47Z" user="uknown-gryphus" uid="2425805" lat="13.5262768" lon="79.9977298"/>
 <node id="9787698897" visible="true" version="2" changeset="158622451" timestamp="2024-11-01T14:40:47Z" user="uknown-gryphus" uid="2425805" lat="13.5263647" lon="79.9975196"/>
 <node id="9787698899" visible="true" version="1" changeset="121804147" timestamp="2022-06-01T10:04:15Z" user="uknown-gryphus" uid="2425805" lat="13.5370768" lon="79.9960250"/>
 <node id="9787698900" visible="true" version="2" changeset="158622451" timestamp="2024-11-01T14:40:47Z" user="uknown-gryphus" uid="2425805" lat="13.5418300" lon="79.9946291"/>
 <node id="9787698906" visible="true" version="1" changeset="121804147" timestamp="2022-06-01T10:04:15Z" user="uknown-gryphus" uid="2425805" lat="13.5308740" lon="79.9969403"/>
 <node id="9787698907" visible="true" version="1" changeset="121804147" timestamp="2022-06-01T10:04:15Z" user="uknown-gryphus" uid="2425805" lat="13.5308611" lon="79.9968089"/>
 <node id="9787698908" visible="true" version="2" changeset="158624907" timestamp="2024-11-01T15:32:29Z" user="uknown-gryphus" uid="2425805" lat="13.5341866" lon="79.9964962"/>
 <node id="9787698909" visible="true" version="2" changeset="158624907" timestamp="2024-11-01T15:32:29Z" user="uknown-gryphus" uid="2425805" lat="13.5341836" lon="79.9963717"/>
 <node id="10677789729" visible="true" version="2" changeset="158622451" timestamp="2024-11-01T14:40:47Z" user="uknown-gryphus" uid="2425805" lat="13.5176631" lon="80.0075588"/>
 <node id="10923948128" visible="true" version="1" changeset="136496469" timestamp="2023-05-24T11:39:29Z" user="PlaneMad" uid="1306" lat="13.5377613" lon="79.9886441"/>
 <node id="10923948129" visible="true" version="1" changeset="136496469" timestamp="2023-05-24T11:39:29Z" user="PlaneMad" uid="1306" lat="13.5377613" lon="79.9871635"/>
 <node id="10923948130" visible="true" version="1" changeset="136496469" timestamp="2023-05-24T11:39:29Z" user="PlaneMad" uid="1306" lat="13.5360715" lon="79.9871635"/>
 <node id="10923948131" visible="true" version="1" changeset="136496469" timestamp="2023-05-24T11:39:29Z" user="PlaneMad" uid="1306" lat="13.5360297" lon="79.9908542"/>
 <node id="10923948132" visible="true" version="1" changeset="136496469" timestamp="2023-05-24T11:39:29Z" user="PlaneMad" uid="1306" lat="13.5360506" lon="79.9886012"/>
 <node id="10923948133" visible="true" version="1" changeset="136496469" timestamp="2023-05-24T11:39:29Z" user="PlaneMad" uid="1306" lat="13.5433938" lon="79.9870562"/>
 <node id="10923948134" visible="true" version="1" changeset="136496469" timestamp="2023-05-24T11:39:29Z" user="PlaneMad" uid="1306" lat="13.5448123" lon="79.9850178"/>
 <node id="10923948135" visible="true" version="1" changeset="136496469" timestamp="2023-05-24T11:39:29Z" user="PlaneMad" uid="1306" lat="13.5463143" lon="79.9848246"/>
 <node id="10923948136" visible="true" version="1" changeset="136496469" timestamp="2023-05-24T11:39:29Z" user="PlaneMad" uid="1306" lat="13.5463978" lon="79.9874210"/>
 <node id="10923948137" visible="true" version="1" changeset="136496469" timestamp="2023-05-24T11:39:29Z" user="PlaneMad" uid="1306" lat="13.5458554" lon="79.9886012"/>
 <node id="10923948138" visible="true" version="1" changeset="136496469" timestamp="2023-05-24T11:39:29Z" user="PlaneMad" uid="1306" lat="13.5403272" lon="79.9886226"/>
 <node id="10923948139" visible="true" version="1" changeset="136496469" timestamp="2023-05-24T11:39:29Z" user="PlaneMad" uid="1306" lat="13.5489010" lon="79.9845671"/>
 <node id="10923948140" visible="true" version="1" changeset="136496469" timestamp="2023-05-24T11:39:29Z" user="PlaneMad" uid="1306" lat="13.5490262" lon="79.9915838"/>
 <node id="10923948141" visible="true" version="1" changeset="136496469" timestamp="2023-05-24T11:39:29Z" user="PlaneMad" uid="1306" lat="13.5462100" lon="79.9911546"/>
 <node id="10923948142" visible="true" version="1" changeset="136496469" timestamp="2023-05-24T11:39:29Z" user="PlaneMad" uid="1306" lat="13.5449166" lon="79.9930858"/>
 <node id="10923948143" visible="true" version="1" changeset="136496469" timestamp="2023-05-24T11:39:29Z" user="PlaneMad" uid="1306" lat="13.5421630" lon="79.9923777"/>
 <node id="10923948144" visible="true" version="1" changeset="136496469" timestamp="2023-05-24T11:39:29Z" user="PlaneMad" uid="1306" lat="13.5421630" lon="79.9914980"/>
 <node id="10923948145" visible="true" version="1" changeset="136496469" timestamp="2023-05-24T11:39:29Z" user="PlaneMad" uid="1306" lat="13.5405567" lon="79.9910474"/>
 <node id="10923948146" visible="true" version="1" changeset="136496469" timestamp="2023-05-24T11:39:29Z" user="PlaneMad" uid="1306" lat="13.5402438" lon="79.9869489"/>
 <node id="10923948168" visible="true" version="1" changeset="136496469" timestamp="2023-05-24T11:39:29Z" user="PlaneMad" uid="1306" lat="13.5108275" lon="79.9985468"/>
 <node id="10923948192" visible="true" version="1" changeset="136496469" timestamp="2023-05-24T11:39:29Z" user="PlaneMad" uid="1306" lat="13.5256613" lon="79.9842453"/>
 <node id="10923948193" visible="true" version="1" changeset="136496469" timestamp="2023-05-24T11:39:29Z" user="PlaneMad" uid="1306" lat="13.5247225" lon="79.9845457"/>
 <node id="10923948194" visible="true" version="1" changeset="136496469" timestamp="2023-05-24T11:39:29Z" user="PlaneMad" uid="1306" lat="13.5250980" lon="79.9859190"/>
 <node id="10923948195" visible="true" version="1" changeset="136496469" timestamp="2023-05-24T11:39:29Z" user="PlaneMad" uid="1306" lat="13.5261203" lon="79.9884295"/>
 <node id="10923948196" visible="true" version="1" changeset="136496469" timestamp="2023-05-24T11:39:29Z" user="PlaneMad" uid="1306" lat="13.5293956" lon="79.9869919"/>
 <node id="10923948197" visible="true" version="1" changeset="136496469" timestamp="2023-05-24T11:39:29Z" user="PlaneMad" uid="1306" lat="13.5297086" lon="79.9884939"/>
 <node id="10923948198" visible="true" version="1" changeset="136496469" timestamp="2023-05-24T11:39:29Z" user="PlaneMad" uid="1306" lat="13.5287072" lon="79.9861121"/>
 <node id="10923948199" visible="true" version="1" changeset="136496469" timestamp="2023-05-24T11:39:29Z" user="PlaneMad" uid="1306" lat="13.5288741" lon="79.9827218"/>
 <node id="10923948200" visible="true" version="2" changeset="146401550" timestamp="2024-01-18T11:46:41Z" user="slautenb" uid="8094367" lat="13.5275389" lon="79.9811312"/>
 <node id="10923948201" visible="true" version="1" changeset="136496469" timestamp="2023-05-24T11:39:29Z" user="PlaneMad" uid="1306" lat="13.5272260" lon="79.9804687"/>
 <node id="10923948209" visible="true" version="1" changeset="136496469" timestamp="2023-05-24T11:39:29Z" user="PlaneMad" uid="1306" lat="13.5107650" lon="79.9995017"/>
 <node id="10923948210" visible="true" version="1" changeset="136496469" timestamp="2023-05-24T11:39:29Z" user="PlaneMad" uid="1306" lat="13.5143952" lon="79.9999952"/>
 <node id="10923948211" visible="true" version="1" changeset="136496469" timestamp="2023-05-24T11:39:29Z" user="PlaneMad" uid="1306" lat="13.5129139" lon="80.0035357"/>
 <node id="10923948212" visible="true" version="1" changeset="136496469" timestamp="2023-05-24T11:39:29Z" user="PlaneMad" uid="1306" lat="13.5159183" lon="80.0042867"/>
 <node id="10923948213" visible="true" version="1" changeset="136496469" timestamp="2023-05-24T11:39:29Z" user="PlaneMad" uid="1306" lat="13.5118081" lon="80.0065183"/>
 <node id="10923948214" visible="true" version="1" changeset="136496469" timestamp="2023-05-24T11:39:29Z" user="PlaneMad" uid="1306" lat="13.5110570" lon="80.0136423"/>
 <node id="10923948215" visible="true" version="1" changeset="136496469" timestamp="2023-05-24T11:39:29Z" user="PlaneMad" uid="1306" lat="13.5088872" lon="80.0185132"/>
 <node id="10923948216" visible="true" version="1" changeset="136496469" timestamp="2023-05-24T11:39:29Z" user="PlaneMad" uid="1306" lat="13.5192147" lon="80.0033426"/>
 <node id="10923948217" visible="true" version="1" changeset="136496469" timestamp="2023-05-24T11:39:29Z" user="PlaneMad" uid="1306" lat="13.5211758" lon="80.0007248"/>
 <node id="10923948218" visible="true" version="1" changeset="136496469" timestamp="2023-05-24T11:39:29Z" user="PlaneMad" uid="1306" lat="13.5235124" lon="79.9985575"/>
 <node id="10923948219" visible="true" version="1" changeset="136496469" timestamp="2023-05-24T11:39:29Z" user="PlaneMad" uid="1306" lat="13.5264958" lon="79.9971199"/>
 <node id="10923948220" visible="true" version="1" changeset="136496469" timestamp="2023-05-24T11:39:29Z" user="PlaneMad" uid="1306" lat="13.5254527" lon="79.9922061"/>
 <node id="10923948221" visible="true" version="1" changeset="136496469" timestamp="2023-05-24T11:39:29Z" user="PlaneMad" uid="1306" lat="13.5298963" lon="79.9918413"/>
 <node id="10923948222" visible="true" version="1" changeset="136496469" timestamp="2023-05-24T11:39:29Z" user="PlaneMad" uid="1306" lat="13.5338601" lon="79.9913692"/>
 <node id="10923948223" visible="true" version="1" changeset="136496469" timestamp="2023-05-24T11:39:29Z" user="PlaneMad" uid="1306" lat="13.5330882" lon="79.9952316"/>
 <node id="10923948224" visible="true" version="1" changeset="136496469" timestamp="2023-05-24T11:39:29Z" user="PlaneMad" uid="1306" lat="13.5420587" lon="79.9957037"/>
 <node id="10923948225" visible="true" version="1" changeset="136496469" timestamp="2023-05-24T11:39:29Z" user="PlaneMad" uid="1306" lat="13.5432478" lon="80.0006389"/>
 <node id="10923948226" visible="true" version="1" changeset="136496469" timestamp="2023-05-24T11:39:29Z" user="PlaneMad" uid="1306" lat="13.5436858" lon="80.0036645"/>
 <node id="10923948227" visible="true" version="1" changeset="136496469" timestamp="2023-05-24T11:39:29Z" user="PlaneMad" uid="1306" lat="13.5448958" lon="80.0064540"/>
 <node id="10923948228" visible="true" version="1" changeset="136496469" timestamp="2023-05-24T11:39:29Z" user="PlaneMad" uid="1306" lat="13.5457093" lon="80.0105095"/>
 <node id="10923948229" visible="true" version="1" changeset="136496469" timestamp="2023-05-24T11:39:29Z" user="PlaneMad" uid="1306" lat="13.5467315" lon="80.0122261"/>
 <node id="10923948230" visible="true" version="1" changeset="136496469" timestamp="2023-05-24T11:39:29Z" user="PlaneMad" uid="1306" lat="13.5492557" lon="80.0122046"/>
 <node id="10923948231" visible="true" version="1" changeset="136496469" timestamp="2023-05-24T11:39:29Z" user="PlaneMad" uid="1306" lat="13.5500484" lon="80.0134706"/>
 <node id="10923948232" visible="true" version="1" changeset="136496469" timestamp="2023-05-24T11:39:29Z" user="PlaneMad" uid="1306" lat="13.5501109" lon="80.0157451"/>
 <node id="10923948233" visible="true" version="1" changeset="136496469" timestamp="2023-05-24T11:39:29Z" user="PlaneMad" uid="1306" lat="13.5509871" lon="80.0179767"/>
 <node id="10923948234" visible="true" version="1" changeset="136496469" timestamp="2023-05-24T11:39:29Z" user="PlaneMad" uid="1306" lat="13.5510705" lon="80.0212168"/>
 <node id="10923948235" visible="true" version="1" changeset="136496469" timestamp="2023-05-24T11:39:29Z" user="PlaneMad" uid="1306" lat="13.5492974" lon="80.0211739"/>
 <node id="10923948236" visible="true" version="1" changeset="136496469" timestamp="2023-05-24T11:39:29Z" user="PlaneMad" uid="1306" lat="13.5493182" lon="80.0217104"/>
 <node id="10923948237" visible="true" version="1" changeset="136496469" timestamp="2023-05-24T11:39:29Z" user="PlaneMad" uid="1306" lat="13.5504447" lon="80.0238991"/>
 <node id="10923948238" visible="true" version="1" changeset="136496469" timestamp="2023-05-24T11:39:29Z" user="PlaneMad" uid="1306" lat="13.5519049" lon="80.0234699"/>
 <node id="10923948239" visible="true" version="1" changeset="136496469" timestamp="2023-05-24T11:39:29Z" user="PlaneMad" uid="1306" lat="13.5637950" lon="80.0249290"/>
 <node id="10923948240" visible="true" version="1" changeset="136496469" timestamp="2023-05-24T11:39:29Z" user="PlaneMad" uid="1306" lat="13.5628980" lon="80.0227833"/>
 <node id="10923948241" visible="true" version="1" changeset="136496469" timestamp="2023-05-24T11:39:29Z" user="PlaneMad" uid="1306" lat="13.5623765" lon="80.0205087"/>
 <node id="10923948242" visible="true" version="1" changeset="136496469" timestamp="2023-05-24T11:39:29Z" user="PlaneMad" uid="1306" lat="13.5605200" lon="80.0219679"/>
 <node id="10923948243" visible="true" version="1" changeset="136496469" timestamp="2023-05-24T11:39:29Z" user="PlaneMad" uid="1306" lat="13.5626060" lon="80.0191355"/>
 <node id="10923948244" visible="true" version="1" changeset="136496469" timestamp="2023-05-24T11:39:29Z" user="PlaneMad" uid="1306" lat="13.5620845" lon="80.0177622"/>
 <node id="10923948245" visible="true" version="1" changeset="136496469" timestamp="2023-05-24T11:39:29Z" user="PlaneMad" uid="1306" lat="13.5643790" lon="80.0155091"/>
 <node id="10923948246" visible="true" version="1" changeset="136496469" timestamp="2023-05-24T11:39:29Z" user="PlaneMad" uid="1306" lat="13.5625643" lon="80.0154876"/>
 <node id="10923948247" visible="true" version="1" changeset="136496469" timestamp="2023-05-24T11:39:29Z" user="PlaneMad" uid="1306" lat="13.5563898" lon="80.0119686"/>
 <node id="10923948248" visible="true" version="1" changeset="136496469" timestamp="2023-05-24T11:39:29Z" user="PlaneMad" uid="1306" lat="13.5536989" lon="80.0124192"/>
 <node id="10923948249" visible="true" version="1" changeset="136496469" timestamp="2023-05-24T11:39:29Z" user="PlaneMad" uid="1306" lat="13.5530940" lon="80.0113249"/>
 <node id="10923948250" visible="true" version="1" changeset="136496469" timestamp="2023-05-24T11:39:29Z" user="PlaneMad" uid="1306" lat="13.5481709" lon="80.0010037"/>
 <node id="10923948251" visible="true" version="1" changeset="136496469" timestamp="2023-05-24T11:39:29Z" user="PlaneMad" uid="1306" lat="13.5497354" lon="80.0003814"/>
 <node id="10923948252" visible="true" version="1" changeset="136496469" timestamp="2023-05-24T11:39:29Z" user="PlaneMad" uid="1306" lat="13.5527602" lon="80.0018406"/>
 <node id="10923948253" visible="true" version="1" changeset="136496469" timestamp="2023-05-24T11:39:29Z" user="PlaneMad" uid="1306" lat="13.5527810" lon="79.9993086"/>
 <node id="10923948254" visible="true" version="1" changeset="136496469" timestamp="2023-05-24T11:39:29Z" user="PlaneMad" uid="1306" lat="13.5523013" lon="79.9998665"/>
 <node id="10923948255" visible="true" version="1" changeset="136496469" timestamp="2023-05-24T11:39:29Z" user="PlaneMad" uid="1306" lat="13.5559101" lon="79.9973988"/>
 <node id="10923948256" visible="true" version="1" changeset="136496469" timestamp="2023-05-24T11:39:29Z" user="PlaneMad" uid="1306" lat="13.5528228" lon="79.9973988"/>
 <node id="10923948257" visible="true" version="1" changeset="136496469" timestamp="2023-05-24T11:39:29Z" user="PlaneMad" uid="1306" lat="13.5548253" lon="79.9939227"/>
 <node id="10923948258" visible="true" version="1" changeset="136496469" timestamp="2023-05-24T11:39:29Z" user="PlaneMad" uid="1306" lat="13.5561187" lon="79.9910259"/>
 <node id="10923948259" visible="true" version="1" changeset="136496469" timestamp="2023-05-24T11:39:29Z" user="PlaneMad" uid="1306" lat="13.5567653" lon="79.9876356"/>
 <node id="10923948260" visible="true" version="1" changeset="136496469" timestamp="2023-05-24T11:39:29Z" user="PlaneMad" uid="1306" lat="13.5560769" lon="79.9874425"/>
 <node id="10923948261" visible="true" version="1" changeset="136496469" timestamp="2023-05-24T11:39:29Z" user="PlaneMad" uid="1306" lat="13.5239714" lon="79.9788809"/>
 <node id="10923948262" visible="true" version="1" changeset="136496469" timestamp="2023-05-24T11:39:29Z" user="PlaneMad" uid="1306" lat="13.5214887" lon="79.9783659"/>
 <node id="10923948263" visible="true" version="1" changeset="136496469" timestamp="2023-05-24T11:39:29Z" user="PlaneMad" uid="1306" lat="13.5208837" lon="79.9769926"/>
 <node id="10923948264" visible="true" version="1" changeset="136496469" timestamp="2023-05-24T11:39:29Z" user="PlaneMad" uid="1306" lat="13.5190269" lon="79.9764991"/>
 <node id="10923948265" visible="true" version="1" changeset="136496469" timestamp="2023-05-24T11:39:29Z" user="PlaneMad" uid="1306" lat="13.5122254" lon="79.9699330"/>
 <node id="10923948266" visible="true" version="1" changeset="136496469" timestamp="2023-05-24T11:39:29Z" user="PlaneMad" uid="1306" lat="13.5124132" lon="79.9753189"/>
 <node id="10923948267" visible="true" version="1" changeset="136496469" timestamp="2023-05-24T11:39:29Z" user="PlaneMad" uid="1306" lat="13.5121837" lon="79.9757480"/>
 <node id="10923948268" visible="true" version="1" changeset="136496469" timestamp="2023-05-24T11:39:29Z" user="PlaneMad" uid="1306" lat="13.5119542" lon="79.9780226"/>
 <node id="10923948269" visible="true" version="1" changeset="136496469" timestamp="2023-05-24T11:39:29Z" user="PlaneMad" uid="1306" lat="13.5122254" lon="79.9786877"/>
 <node id="10923948270" visible="true" version="1" changeset="136496469" timestamp="2023-05-24T11:39:29Z" user="PlaneMad" uid="1306" lat="13.5160852" lon="79.9778294"/>
 <node id="10923948271" visible="true" version="1" changeset="136496469" timestamp="2023-05-24T11:39:29Z" user="PlaneMad" uid="1306" lat="13.5122254" lon="79.9803185"/>
 <node id="10923948272" visible="true" version="1" changeset="136496469" timestamp="2023-05-24T11:39:29Z" user="PlaneMad" uid="1306" lat="13.5104311" lon="79.9811554"/>
 <node id="10923948273" visible="true" version="1" changeset="136496469" timestamp="2023-05-24T11:39:29Z" user="PlaneMad" uid="1306" lat="13.5053612" lon="79.9839020"/>
 <node id="10923948274" visible="true" version="1" changeset="136496469" timestamp="2023-05-24T11:39:29Z" user="PlaneMad" uid="1306" lat="13.5067799" lon="79.9831295"/>
 <node id="10923948275" visible="true" version="1" changeset="136496469" timestamp="2023-05-24T11:39:29Z" user="PlaneMad" uid="1306" lat="13.5002076" lon="79.9861336"/>
 <node id="10923948276" visible="true" version="1" changeset="136496469" timestamp="2023-05-24T11:39:29Z" user="PlaneMad" uid="1306" lat="13.4998946" lon="79.9903393"/>
 <node id="10923948277" visible="true" version="1" changeset="136496469" timestamp="2023-05-24T11:39:29Z" user="PlaneMad" uid="1306" lat="13.5003119" lon="79.9923348"/>
 <node id="10923948278" visible="true" version="1" changeset="136496469" timestamp="2023-05-24T11:39:29Z" user="PlaneMad" uid="1306" lat="13.5014178" lon="79.9948025"/>
 <node id="10923948279" visible="true" version="1" changeset="136496469" timestamp="2023-05-24T11:39:29Z" user="PlaneMad" uid="1306" lat="13.5093671" lon="79.9949097"/>
 <node id="10923948280" visible="true" version="1" changeset="136496469" timestamp="2023-05-24T11:39:29Z" user="PlaneMad" uid="1306" lat="13.5096174" lon="79.9918628"/>
 <node id="10923948281" visible="true" version="1" changeset="136496469" timestamp="2023-05-24T11:39:29Z" user="PlaneMad" uid="1306" lat="13.5138319" lon="79.9912834"/>
 <node id="10923948282" visible="true" version="2" changeset="146571864" timestamp="2024-01-22T22:29:50Z" user="slautenb" uid="8094367" lat="13.5157175" lon="79.9905136"/>
 <node id="10923948283" visible="true" version="1" changeset="136496469" timestamp="2023-05-24T11:39:29Z" user="PlaneMad" uid="1306" lat="13.5164190" lon="79.9926138"/>
 <node id="10923948284" visible="true" version="1" changeset="136496469" timestamp="2023-05-24T11:39:29Z" user="PlaneMad" uid="1306" lat="13.5146665" lon="79.9931502"/>
 <node id="10923948285" visible="true" version="1" changeset="136496469" timestamp="2023-05-24T11:39:29Z" user="PlaneMad" uid="1306" lat="13.5102642" lon="80.0136208"/>
 <node id="10923948286" visible="true" version="1" changeset="136496469" timestamp="2023-05-24T11:39:29Z" user="PlaneMad" uid="1306" lat="13.5247563" lon="79.9981928"/>
 <node id="10923948287" visible="true" version="1" changeset="136496469" timestamp="2023-05-24T11:39:29Z" user="PlaneMad" uid="1306" lat="13.5249519" lon="79.9985388"/>
 <node id="10923948288" visible="true" version="1" changeset="136496469" timestamp="2023-05-24T11:39:29Z" user="PlaneMad" uid="1306" lat="13.5249937" lon="79.9986944"/>
 <node id="10923948289" visible="true" version="1" changeset="136496469" timestamp="2023-05-24T11:39:29Z" user="PlaneMad" uid="1306" lat="13.5248633" lon="79.9987909"/>
 <node id="10923948290" visible="true" version="1" changeset="136496469" timestamp="2023-05-24T11:39:29Z" user="PlaneMad" uid="1306" lat="13.5247981" lon="79.9992630"/>
 <node id="10923948291" visible="true" version="1" changeset="136496469" timestamp="2023-05-24T11:39:29Z" user="PlaneMad" uid="1306" lat="13.5239166" lon="80.0012639"/>
 <node id="10923948292" visible="true" version="1" changeset="136496469" timestamp="2023-05-24T11:39:29Z" user="PlaneMad" uid="1306" lat="13.5238149" lon="80.0016555"/>
 <node id="10923948293" visible="true" version="1" changeset="136496469" timestamp="2023-05-24T11:39:29Z" user="PlaneMad" uid="1306" lat="13.5238358" lon="80.0022805"/>
 <node id="10923948294" visible="true" version="1" changeset="136496469" timestamp="2023-05-24T11:39:29Z" user="PlaneMad" uid="1306" lat="13.5239192" lon="80.0039542"/>
 <node id="10923948295" visible="true" version="1" changeset="136496469" timestamp="2023-05-24T11:39:29Z" user="PlaneMad" uid="1306" lat="13.5222606" lon="80.0038791"/>
 <node id="10923948296" visible="true" version="1" changeset="136496469" timestamp="2023-05-24T11:39:29Z" user="PlaneMad" uid="1306" lat="13.5219894" lon="80.0039005"/>
 <node id="10923948297" visible="true" version="1" changeset="136496469" timestamp="2023-05-24T11:39:29Z" user="PlaneMad" uid="1306" lat="13.5208628" lon="80.0044584"/>
 <node id="10923948298" visible="true" version="1" changeset="136496469" timestamp="2023-05-24T11:39:29Z" user="PlaneMad" uid="1306" lat="13.5207690" lon="80.0049949"/>
 <node id="10923948299" visible="true" version="1" changeset="136496469" timestamp="2023-05-24T11:39:29Z" user="PlaneMad" uid="1306" lat="13.5208107" lon="80.0055313"/>
 <node id="10923948300" visible="true" version="1" changeset="136496469" timestamp="2023-05-24T11:39:29Z" user="PlaneMad" uid="1306" lat="13.5208107" lon="80.0074839"/>
 <node id="10923948301" visible="true" version="1" changeset="136496469" timestamp="2023-05-24T11:39:29Z" user="PlaneMad" uid="1306" lat="13.5206438" lon="80.0074839"/>
 <node id="10923948302" visible="true" version="1" changeset="136496469" timestamp="2023-05-24T11:39:29Z" user="PlaneMad" uid="1306" lat="13.5205708" lon="80.0084925"/>
 <node id="10923948303" visible="true" version="1" changeset="136496469" timestamp="2023-05-24T11:39:29Z" user="PlaneMad" uid="1306" lat="13.5201326" lon="80.0088358"/>
 <node id="10923948304" visible="true" version="1" changeset="136496469" timestamp="2023-05-24T11:39:29Z" user="PlaneMad" uid="1306" lat="13.5190582" lon="80.0092971"/>
 <node id="10923948305" visible="true" version="1" changeset="136496469" timestamp="2023-05-24T11:39:29Z" user="PlaneMad" uid="1306" lat="13.5192042" lon="80.0096726"/>
 <node id="10923948306" visible="true" version="1" changeset="136496469" timestamp="2023-05-24T11:39:29Z" user="PlaneMad" uid="1306" lat="13.5193294" lon="80.0095546"/>
 <node id="10923948307" visible="true" version="1" changeset="136496469" timestamp="2023-05-24T11:39:29Z" user="PlaneMad" uid="1306" lat="13.5201535" lon="80.0095117"/>
 <node id="10923948308" visible="true" version="1" changeset="136496469" timestamp="2023-05-24T11:39:29Z" user="PlaneMad" uid="1306" lat="13.5214470" lon="80.0094473"/>
 <node id="10923948309" visible="true" version="1" changeset="136496469" timestamp="2023-05-24T11:39:29Z" user="PlaneMad" uid="1306" lat="13.5218121" lon="80.0096404"/>
 <node id="10923948310" visible="true" version="1" changeset="136496469" timestamp="2023-05-24T11:39:29Z" user="PlaneMad" uid="1306" lat="13.5246599" lon="80.0090933"/>
 <node id="10923948311" visible="true" version="1" changeset="136496469" timestamp="2023-05-24T11:39:29Z" user="PlaneMad" uid="1306" lat="13.5280813" lon="80.0077200"/>
 <node id="10923948312" visible="true" version="1" changeset="136496469" timestamp="2023-05-24T11:39:29Z" user="PlaneMad" uid="1306" lat="13.5284881" lon="80.0074839"/>
 <node id="10923948313" visible="true" version="1" changeset="136496469" timestamp="2023-05-24T11:39:29Z" user="PlaneMad" uid="1306" lat="13.5294165" lon="80.0065184"/>
 <node id="10923948314" visible="true" version="1" changeset="136496469" timestamp="2023-05-24T11:39:29Z" user="PlaneMad" uid="1306" lat="13.5294478" lon="80.0059390"/>
 <node id="10923948315" visible="true" version="1" changeset="136496469" timestamp="2023-05-24T11:39:29Z" user="PlaneMad" uid="1306" lat="13.5290410" lon="80.0054026"/>
 <node id="10923948316" visible="true" version="1" changeset="136496469" timestamp="2023-05-24T11:39:29Z" user="PlaneMad" uid="1306" lat="13.5290931" lon="80.0046945"/>
 <node id="10923948317" visible="true" version="1" changeset="136496469" timestamp="2023-05-24T11:39:29Z" user="PlaneMad" uid="1306" lat="13.5284255" lon="80.0046301"/>
 <node id="10923948318" visible="true" version="1" changeset="136496469" timestamp="2023-05-24T11:39:29Z" user="PlaneMad" uid="1306" lat="13.5284673" lon="80.0035036"/>
 <node id="10923948319" visible="true" version="1" changeset="136496469" timestamp="2023-05-24T11:39:29Z" user="PlaneMad" uid="1306" lat="13.5271842" lon="80.0033963"/>
 <node id="10923948320" visible="true" version="1" changeset="136496469" timestamp="2023-05-24T11:39:29Z" user="PlaneMad" uid="1306" lat="13.5271008" lon="80.0025380"/>
 <node id="10923948321" visible="true" version="1" changeset="136496469" timestamp="2023-05-24T11:39:29Z" user="PlaneMad" uid="1306" lat="13.5256717" lon="80.0021195"/>
 <node id="10923948322" visible="true" version="1" changeset="136496469" timestamp="2023-05-24T11:39:29Z" user="PlaneMad" uid="1306" lat="13.5256613" lon="80.0017977"/>
 <node id="10923948323" visible="true" version="1" changeset="136496469" timestamp="2023-05-24T11:39:29Z" user="PlaneMad" uid="1306" lat="13.5243782" lon="80.0016046"/>
 <node id="10923948324" visible="true" version="1" changeset="136496469" timestamp="2023-05-24T11:39:29Z" user="PlaneMad" uid="1306" lat="13.5247068" lon="80.0009072"/>
 <node id="10923948325" visible="true" version="1" changeset="136496469" timestamp="2023-05-24T11:39:29Z" user="PlaneMad" uid="1306" lat="13.5248685" lon="79.9999523"/>
 <node id="10923948326" visible="true" version="1" changeset="136496469" timestamp="2023-05-24T11:39:29Z" user="PlaneMad" uid="1306" lat="13.5252805" lon="79.9994910"/>
 <node id="10923948327" visible="true" version="1" changeset="136496469" timestamp="2023-05-24T11:39:29Z" user="PlaneMad" uid="1306" lat="13.5253118" lon="79.9989545"/>
 <node id="10923948328" visible="true" version="1" changeset="136496469" timestamp="2023-05-24T11:39:29Z" user="PlaneMad" uid="1306" lat="13.5250667" lon="79.9982786"/>
 <node id="10923948329" visible="true" version="1" changeset="136496469" timestamp="2023-05-24T11:39:29Z" user="PlaneMad" uid="1306" lat="13.5251606" lon="79.9982089"/>
 <node id="10923948330" visible="true" version="1" changeset="136496469" timestamp="2023-05-24T11:39:29Z" user="PlaneMad" uid="1306" lat="13.5250980" lon="79.9980479"/>
 <node id="10923948331" visible="true" version="1" changeset="136496469" timestamp="2023-05-24T11:39:29Z" user="PlaneMad" uid="1306" lat="13.5233090" lon="79.9925226"/>
 <node id="10923948332" visible="true" version="1" changeset="136496469" timestamp="2023-05-24T11:39:29Z" user="PlaneMad" uid="1306" lat="13.5233038" lon="79.9926245"/>
 <node id="10923948333" visible="true" version="1" changeset="136496469" timestamp="2023-05-24T11:39:29Z" user="PlaneMad" uid="1306" lat="13.5232255" lon="79.9928069"/>
 <node id="10923948334" visible="true" version="1" changeset="136496469" timestamp="2023-05-24T11:39:29Z" user="PlaneMad" uid="1306" lat="13.5232725" lon="79.9929678"/>
 <node id="10923948335" visible="true" version="1" changeset="136496469" timestamp="2023-05-24T11:39:29Z" user="PlaneMad" uid="1306" lat="13.5233038" lon="79.9931502"/>
 <node id="10923948336" visible="true" version="1" changeset="136496469" timestamp="2023-05-24T11:39:29Z" user="PlaneMad" uid="1306" lat="13.5232673" lon="79.9935204"/>
 <node id="10923948337" visible="true" version="1" changeset="136496469" timestamp="2023-05-24T11:39:29Z" user="PlaneMad" uid="1306" lat="13.5229491" lon="79.9938798"/>
 <node id="10923948338" visible="true" version="1" changeset="136496469" timestamp="2023-05-24T11:39:29Z" user="PlaneMad" uid="1306" lat="13.5227457" lon="79.9945879"/>
 <node id="10923948339" visible="true" version="1" changeset="136496469" timestamp="2023-05-24T11:39:29Z" user="PlaneMad" uid="1306" lat="13.5226883" lon="79.9953067"/>
 <node id="10923948340" visible="true" version="1" changeset="136496469" timestamp="2023-05-24T11:39:29Z" user="PlaneMad" uid="1306" lat="13.5239036" lon="79.9958324"/>
 <node id="10923948341" visible="true" version="1" changeset="136496469" timestamp="2023-05-24T11:39:29Z" user="PlaneMad" uid="1306" lat="13.5245295" lon="79.9979031"/>
 <node id="10923948342" visible="true" version="1" changeset="136496469" timestamp="2023-05-24T11:39:29Z" user="PlaneMad" uid="1306" lat="13.5250354" lon="79.9977475"/>
 <node id="10923948343" visible="true" version="1" changeset="136496469" timestamp="2023-05-24T11:39:29Z" user="PlaneMad" uid="1306" lat="13.5250823" lon="79.9976027"/>
 <node id="10923948344" visible="true" version="1" changeset="136496469" timestamp="2023-05-24T11:39:29Z" user="PlaneMad" uid="1306" lat="13.5235906" lon="79.9927050"/>
 <node id="10923948345" visible="true" version="1" changeset="136496469" timestamp="2023-05-24T11:39:29Z" user="PlaneMad" uid="1306" lat="13.5234290" lon="79.9925172"/>
 <node id="10923948346" visible="true" version="1" changeset="136496469" timestamp="2023-05-24T11:39:29Z" user="PlaneMad" uid="1306" lat="13.5194807" lon="79.9782774"/>
 <node id="10923948347" visible="true" version="1" changeset="136496469" timestamp="2023-05-24T11:39:29Z" user="PlaneMad" uid="1306" lat="13.5194128" lon="79.9782962"/>
 <node id="10923948348" visible="true" version="1" changeset="136496469" timestamp="2023-05-24T11:39:29Z" user="PlaneMad" uid="1306" lat="13.5219373" lon="79.9872386"/>
 <node id="10923948349" visible="true" version="1" changeset="136496469" timestamp="2023-05-24T11:39:29Z" user="PlaneMad" uid="1306" lat="13.5193868" lon="79.9879307"/>
 <node id="10923948350" visible="true" version="1" changeset="136496469" timestamp="2023-05-24T11:39:29Z" user="PlaneMad" uid="1306" lat="13.5194233" lon="79.9880862"/>
 <node id="10923948351" visible="true" version="1" changeset="136496469" timestamp="2023-05-24T11:39:29Z" user="PlaneMad" uid="1306" lat="13.5196632" lon="79.9880809"/>
 <node id="10923948352" visible="true" version="1" changeset="136496469" timestamp="2023-05-24T11:39:29Z" user="PlaneMad" uid="1306" lat="13.5209828" lon="79.9877107"/>
 <node id="10923948353" visible="true" version="1" changeset="136496469" timestamp="2023-05-24T11:39:29Z" user="PlaneMad" uid="1306" lat="13.5222398" lon="79.9919862"/>
 <node id="10923948354" visible="true" version="1" changeset="136496469" timestamp="2023-05-24T11:39:29Z" user="PlaneMad" uid="1306" lat="13.5229439" lon="79.9919915"/>
 <node id="10923948355" visible="true" version="1" changeset="136496469" timestamp="2023-05-24T11:39:29Z" user="PlaneMad" uid="1306" lat="13.5229752" lon="79.9920881"/>
 <node id="10923948356" visible="true" version="1" changeset="136496469" timestamp="2023-05-24T11:39:29Z" user="PlaneMad" uid="1306" lat="13.5234185" lon="79.9919379"/>
 <node id="11527737706" visible="true" version="1" changeset="146401550" timestamp="2024-01-18T11:46:41Z" user="slautenb" uid="8094367" lat="13.5264582" lon="79.9902750"/>
 <node id="11527737707" visible="true" version="1" changeset="146401550" timestamp="2024-01-18T11:46:41Z" user="slautenb" uid="8094367" lat="13.5265049" lon="79.9904841"/>
 <node id="11527737708" visible="true" version="1" changeset="146401550" timestamp="2024-01-18T11:46:41Z" user="slautenb" uid="8094367" lat="13.5266076" lon="79.9904599"/>
 <node id="11527737709" visible="true" version="1" changeset="146401550" timestamp="2024-01-18T11:46:41Z" user="slautenb" uid="8094367" lat="13.5265610" lon="79.9902508"/>
 <node id="11527737710" visible="true" version="1" changeset="146401550" timestamp="2024-01-18T11:46:41Z" user="slautenb" uid="8094367" lat="13.5264903" lon="79.9905693"/>
 <node id="11527737711" visible="true" version="1" changeset="146401550" timestamp="2024-01-18T11:46:41Z" user="slautenb" uid="8094367" lat="13.5265479" lon="79.9908274"/>
 <node id="11527737712" visible="true" version="1" changeset="146401550" timestamp="2024-01-18T11:46:41Z" user="slautenb" uid="8094367" lat="13.5268976" lon="79.9907449"/>
 <node id="11527737713" visible="true" version="1" changeset="146401550" timestamp="2024-01-18T11:46:41Z" user="slautenb" uid="8094367" lat="13.5268400" lon="79.9904868"/>
 <node id="11527737714" visible="true" version="1" changeset="146401550" timestamp="2024-01-18T11:46:41Z" user="slautenb" uid="8094367" lat="13.5267072" lon="79.9914100"/>
 <node id="11527737715" visible="true" version="1" changeset="146401550" timestamp="2024-01-18T11:46:41Z" user="slautenb" uid="8094367" lat="13.5267305" lon="79.9915141"/>
 <node id="11527737716" visible="true" version="1" changeset="146401550" timestamp="2024-01-18T11:46:41Z" user="slautenb" uid="8094367" lat="13.5268006" lon="79.9914975"/>
 <node id="11527737717" visible="true" version="1" changeset="146401550" timestamp="2024-01-18T11:46:41Z" user="slautenb" uid="8094367" lat="13.5267774" lon="79.9913934"/>
 <node id="11527737718" visible="true" version="1" changeset="146401550" timestamp="2024-01-18T11:46:41Z" user="slautenb" uid="8094367" lat="13.5263798" lon="79.9915068"/>
 <node id="11527737719" visible="true" version="1" changeset="146401550" timestamp="2024-01-18T11:46:41Z" user="slautenb" uid="8094367" lat="13.5260617" lon="79.9915819"/>
 <node id="11527737720" visible="true" version="1" changeset="146401550" timestamp="2024-01-18T11:46:41Z" user="slautenb" uid="8094367" lat="13.5259586" lon="79.9911198"/>
 <node id="11527737721" visible="true" version="1" changeset="146401550" timestamp="2024-01-18T11:46:41Z" user="slautenb" uid="8094367" lat="13.5262767" lon="79.9910447"/>
 <node id="11527737722" visible="true" version="1" changeset="146401550" timestamp="2024-01-18T11:46:41Z" user="slautenb" uid="8094367" lat="13.5283004" lon="79.9817562"/>
 <node id="11541258063" visible="true" version="1" changeset="146571864" timestamp="2024-01-22T22:29:50Z" user="slautenb" uid="8094367" lat="13.5164967" lon="79.9883760"/>
 <node id="11541258064" visible="true" version="1" changeset="146571864" timestamp="2024-01-22T22:29:50Z" user="slautenb" uid="8094367" lat="13.5169301" lon="79.9899852"/>
 <node id="11541258065" visible="true" version="1" changeset="146571864" timestamp="2024-01-22T22:29:50Z" user="slautenb" uid="8094367" lat="13.5170207" lon="79.9899594"/>
 <node id="11541258066" visible="true" version="1" changeset="146571864" timestamp="2024-01-22T22:29:50Z" user="slautenb" uid="8094367" lat="13.5165872" lon="79.9883502"/>
 <node id="11541258067" visible="true" version="1" changeset="146571864" timestamp="2024-01-22T22:29:50Z" user="slautenb" uid="8094367" lat="13.5163793" lon="79.9875782"/>
 <node id="11541258068" visible="true" version="1" changeset="146571864" timestamp="2024-01-22T22:29:50Z" user="slautenb" uid="8094367" lat="13.5170209" lon="79.9899600"/>
 <node id="11541687569" visible="true" version="1" changeset="146571864" timestamp="2024-01-22T22:29:50Z" user="slautenb" uid="8094367" lat="13.5176290" lon="79.9897867"/>
 <node id="11541687570" visible="true" version="1" changeset="146571864" timestamp="2024-01-22T22:29:50Z" user="slautenb" uid="8094367" lat="13.5169875" lon="79.9874049"/>
 <node id="11541687579" visible="true" version="1" changeset="146571864" timestamp="2024-01-22T22:29:50Z" user="slautenb" uid="8094367" lat="13.5256773" lon="79.9898256"/>
 <node id="11541687580" visible="true" version="1" changeset="146571864" timestamp="2024-01-22T22:29:50Z" user="slautenb" uid="8094367" lat="13.5257165" lon="79.9900429"/>
 <node id="11541687581" visible="true" version="1" changeset="146571864" timestamp="2024-01-22T22:29:50Z" user="slautenb" uid="8094367" lat="13.5258360" lon="79.9900201"/>
 <node id="11541687582" visible="true" version="1" changeset="146571864" timestamp="2024-01-22T22:29:50Z" user="slautenb" uid="8094367" lat="13.5257969" lon="79.9898028"/>
 <node id="11541687591" visible="true" version="1" changeset="146571864" timestamp="2024-01-22T22:29:50Z" user="slautenb" uid="8094367" lat="13.5252369" lon="79.9894928"/>
 <node id="11541687592" visible="true" version="1" changeset="146571864" timestamp="2024-01-22T22:29:50Z" user="slautenb" uid="8094367" lat="13.5247075" lon="79.9896350"/>
 <node id="11541687593" visible="true" version="1" changeset="146571864" timestamp="2024-01-22T22:29:50Z" user="slautenb" uid="8094367" lat="13.5245738" lon="79.9891081"/>
 <node id="11541687594" visible="true" version="1" changeset="146571864" timestamp="2024-01-22T22:29:50Z" user="slautenb" uid="8094367" lat="13.5251032" lon="79.9889660"/>
 <node id="11541687638" visible="true" version="1" changeset="146571864" timestamp="2024-01-22T22:29:50Z" user="slautenb" uid="8094367" lat="13.5147290" lon="79.9908087"/>
 <node id="11769005536" visible="true" version="1" changeset="149270660" timestamp="2024-03-28T13:56:30Z" user="user_21010523" uid="21010523" lat="13.5443959" lon="79.9947083"/>
 <node id="11769011572" visible="true" version="1" changeset="149270660" timestamp="2024-03-28T13:56:30Z" user="user_21010523" uid="21010523" lat="13.5486305" lon="80.0008209"/>
 <node id="11831485989" visible="true" version="1" changeset="150235746" timestamp="2024-04-19T17:58:27Z" user="uknown-gryphus" uid="2425805" lat="13.5690169" lon="80.0173061"/>
 <node id="11831485990" visible="true" version="1" changeset="150235746" timestamp="2024-04-19T17:58:27Z" user="uknown-gryphus" uid="2425805" lat="13.5683331" lon="80.0170671"/>
 <node id="11831485991" visible="true" version="1" changeset="150235746" timestamp="2024-04-19T17:58:27Z" user="uknown-gryphus" uid="2425805" lat="13.5678554" lon="80.0166252"/>
 <node id="11831485992" visible="true" version="1" changeset="150235746" timestamp="2024-04-19T17:58:27Z" user="uknown-gryphus" uid="2425805" lat="13.5672330" lon="80.0164493"/>
 <node id="11831485993" visible="true" version="1" changeset="150235746" timestamp="2024-04-19T17:58:27Z" user="uknown-gryphus" uid="2425805" lat="13.5667421" lon="80.0163096"/>
 <node id="11831485994" visible="true" version="1" changeset="150235746" timestamp="2024-04-19T17:58:27Z" user="uknown-gryphus" uid="2425805" lat="13.5662906" lon="80.0163231"/>
 <node id="11831485995" visible="true" version="1" changeset="150235746" timestamp="2024-04-19T17:58:27Z" user="uknown-gryphus" uid="2425805" lat="13.5658786" lon="80.0163456"/>
 <node id="11831485996" visible="true" version="1" changeset="150235746" timestamp="2024-04-19T17:58:27Z" user="uknown-gryphus" uid="2425805" lat="13.5654008" lon="80.0166793"/>
 <node id="11831485997" visible="true" version="1" changeset="150235746" timestamp="2024-04-19T17:58:27Z" user="uknown-gryphus" uid="2425805" lat="13.5648879" lon="80.0168191"/>
 <node id="11831485998" visible="true" version="1" changeset="150235746" timestamp="2024-04-19T17:58:27Z" user="uknown-gryphus" uid="2425805" lat="13.5643094" lon="80.0170355"/>
 <node id="11831485999" visible="true" version="1" changeset="150235746" timestamp="2024-04-19T17:58:27Z" user="uknown-gryphus" uid="2425805" lat="13.5633231" lon="80.0175045"/>
 <node id="11831486000" visible="true" version="1" changeset="150235746" timestamp="2024-04-19T17:58:27Z" user="uknown-gryphus" uid="2425805" lat="13.5626876" lon="80.0185415"/>
 <node id="11831486001" visible="true" version="1" changeset="150235746" timestamp="2024-04-19T17:58:27Z" user="uknown-gryphus" uid="2425805" lat="13.5626656" lon="80.0193441"/>
 <node id="11831486002" visible="true" version="1" changeset="150235746" timestamp="2024-04-19T17:58:27Z" user="uknown-gryphus" uid="2425805" lat="13.5624772" lon="80.0198582"/>
 <node id="11831486003" visible="true" version="1" changeset="150235746" timestamp="2024-04-19T17:58:27Z" user="uknown-gryphus" uid="2425805" lat="13.5623018" lon="80.0201016"/>
 <node id="11831486004" visible="true" version="1" changeset="150235746" timestamp="2024-04-19T17:58:27Z" user="uknown-gryphus" uid="2425805" lat="13.5617057" lon="80.0203722"/>
 <node id="11831486005" visible="true" version="1" changeset="150235746" timestamp="2024-04-19T17:58:27Z" user="uknown-gryphus" uid="2425805" lat="13.5612805" lon="80.0207284"/>
 <node id="11831486006" visible="true" version="1" changeset="150235746" timestamp="2024-04-19T17:58:27Z" user="uknown-gryphus" uid="2425805" lat="13.5605397" lon="80.0216347"/>
 <node id="11831486007" visible="true" version="1" changeset="150235746" timestamp="2024-04-19T17:58:27Z" user="uknown-gryphus" uid="2425805" lat="13.5598253" lon="80.0221262"/>
 <node id="11831486008" visible="true" version="1" changeset="150235746" timestamp="2024-04-19T17:58:27Z" user="uknown-gryphus" uid="2425805" lat="13.5590012" lon="80.0226808"/>
 <node id="11831486009" visible="true" version="1" changeset="150235746" timestamp="2024-04-19T17:58:27Z" user="uknown-gryphus" uid="2425805" lat="13.5584840" lon="80.0227079"/>
 <node id="11831486010" visible="true" version="1" changeset="150235746" timestamp="2024-04-19T17:58:27Z" user="uknown-gryphus" uid="2425805" lat="13.5575941" lon="80.0228251"/>
 <node id="11831486011" visible="true" version="1" changeset="150235746" timestamp="2024-04-19T17:58:27Z" user="uknown-gryphus" uid="2425805" lat="13.5572961" lon="80.0228747"/>
 <node id="11831486012" visible="true" version="1" changeset="150235746" timestamp="2024-04-19T17:58:27Z" user="uknown-gryphus" uid="2425805" lat="13.5568928" lon="80.0232489"/>
 <node id="11831486013" visible="true" version="1" changeset="150235746" timestamp="2024-04-19T17:58:27Z" user="uknown-gryphus" uid="2425805" lat="13.5566079" lon="80.0233752"/>
 <node id="11831486014" visible="true" version="1" changeset="150235746" timestamp="2024-04-19T17:58:27Z" user="uknown-gryphus" uid="2425805" lat="13.5560030" lon="80.0234113"/>
 <node id="11831486015" visible="true" version="1" changeset="150235746" timestamp="2024-04-19T17:58:27Z" user="uknown-gryphus" uid="2425805" lat="13.5553937" lon="80.0234338"/>
 <node id="11831486016" visible="true" version="1" changeset="150235746" timestamp="2024-04-19T17:58:27Z" user="uknown-gryphus" uid="2425805" lat="13.5546485" lon="80.0232850"/>
 <node id="11831486017" visible="true" version="1" changeset="150235746" timestamp="2024-04-19T17:58:27Z" user="uknown-gryphus" uid="2425805" lat="13.5545696" lon="80.0231633"/>
 <node id="11831486018" visible="true" version="1" changeset="150235746" timestamp="2024-04-19T17:58:27Z" user="uknown-gryphus" uid="2425805" lat="13.5542759" lon="80.0231903"/>
 <node id="11831486019" visible="true" version="1" changeset="150235746" timestamp="2024-04-19T17:58:27Z" user="uknown-gryphus" uid="2425805" lat="13.5540786" lon="80.0234969"/>
 <node id="11831486020" visible="true" version="1" changeset="150235746" timestamp="2024-04-19T17:58:27Z" user="uknown-gryphus" uid="2425805" lat="13.5539121" lon="80.0240470"/>
 <node id="11831486021" visible="true" version="1" changeset="150235746" timestamp="2024-04-19T17:58:27Z" user="uknown-gryphus" uid="2425805" lat="13.5537543" lon="80.0243717"/>
 <node id="11831486022" visible="true" version="1" changeset="150235746" timestamp="2024-04-19T17:58:27Z" user="uknown-gryphus" uid="2425805" lat="13.5535395" lon="80.0245611"/>
 <node id="11831486023" visible="true" version="1" changeset="150235746" timestamp="2024-04-19T17:58:27Z" user="uknown-gryphus" uid="2425805" lat="13.5530968" lon="80.0245746"/>
 <node id="11831486024" visible="true" version="1" changeset="150235746" timestamp="2024-04-19T17:58:27Z" user="uknown-gryphus" uid="2425805" lat="13.5528688" lon="80.0243491"/>
 <node id="11831486025" visible="true" version="1" changeset="150235746" timestamp="2024-04-19T17:58:27Z" user="uknown-gryphus" uid="2425805" lat="13.5524173" lon="80.0239659"/>
 <node id="11831486026" visible="true" version="1" changeset="150235746" timestamp="2024-04-19T17:58:27Z" user="uknown-gryphus" uid="2425805" lat="13.5519834" lon="80.0236593"/>
 <node id="11831486027" visible="true" version="1" changeset="150235746" timestamp="2024-04-19T17:58:27Z" user="uknown-gryphus" uid="2425805" lat="13.5517817" lon="80.0235736"/>
 <node id="11831486028" visible="true" version="1" changeset="150235746" timestamp="2024-04-19T17:58:27Z" user="uknown-gryphus" uid="2425805" lat="13.5508612" lon="80.0238396"/>
 <node id="11831486029" visible="true" version="1" changeset="150235746" timestamp="2024-04-19T17:58:27Z" user="uknown-gryphus" uid="2425805" lat="13.5505543" lon="80.0240200"/>
 <node id="11831486030" visible="true" version="1" changeset="150235746" timestamp="2024-04-19T17:58:27Z" user="uknown-gryphus" uid="2425805" lat="13.5502300" lon="80.0240065"/>
 <node id="11831486031" visible="true" version="1" changeset="150235746" timestamp="2024-04-19T17:58:27Z" user="uknown-gryphus" uid="2425805" lat="13.5497127" lon="80.0238847"/>
 <node id="11831486032" visible="true" version="1" changeset="150235746" timestamp="2024-04-19T17:58:27Z" user="uknown-gryphus" uid="2425805" lat="13.5493839" lon="80.0236773"/>
 <node id="11831486033" visible="true" version="1" changeset="150235746" timestamp="2024-04-19T17:58:27Z" user="uknown-gryphus" uid="2425805" lat="13.5488711" lon="80.0231452"/>
 <node id="11831486034" visible="true" version="1" changeset="150235746" timestamp="2024-04-19T17:58:27Z" user="uknown-gryphus" uid="2425805" lat="13.5484371" lon="80.0226177"/>
 <node id="11831486035" visible="true" version="1" changeset="150235746" timestamp="2024-04-19T17:58:27Z" user="uknown-gryphus" uid="2425805" lat="13.5481785" lon="80.0223111"/>
 <node id="11831486036" visible="true" version="1" changeset="150235746" timestamp="2024-04-19T17:58:27Z" user="uknown-gryphus" uid="2425805" lat="13.5472930" lon="80.0218511"/>
 <node id="11831486037" visible="true" version="1" changeset="150235746" timestamp="2024-04-19T17:58:27Z" user="uknown-gryphus" uid="2425805" lat="13.5467363" lon="80.0215671"/>
 <node id="11831486038" visible="true" version="1" changeset="150235746" timestamp="2024-04-19T17:58:27Z" user="uknown-gryphus" uid="2425805" lat="13.5465653" lon="80.0213281"/>
 <node id="11831486039" visible="true" version="1" changeset="150235746" timestamp="2024-04-19T17:58:27Z" user="uknown-gryphus" uid="2425805" lat="13.5464338" lon="80.0210305"/>
 <node id="11831486040" visible="true" version="1" changeset="150235746" timestamp="2024-04-19T17:58:27Z" user="uknown-gryphus" uid="2425805" lat="13.5463023" lon="80.0209989"/>
 <node id="11831486041" visible="true" version="1" changeset="150235746" timestamp="2024-04-19T17:58:27Z" user="uknown-gryphus" uid="2425805" lat="13.5454782" lon="80.0206788"/>
 <node id="11831486235" visible="true" version="1" changeset="150235746" timestamp="2024-04-19T17:58:27Z" user="uknown-gryphus" uid="2425805" lat="13.5655277" lon="80.0165394"/>
 <node id="12076552217" visible="true" version="1" changeset="154472588" timestamp="2024-07-27T08:31:42Z" user="Heinz_V" uid="91490" lat="13.5255987" lon="80.0066685"/>
 <node id="12076552218" visible="true" version="1" changeset="154472588" timestamp="2024-07-27T08:31:42Z" user="Heinz_V" uid="91490" lat="13.5253066" lon="80.0031924"/>
 <node id="12076552219" visible="true" version="1" changeset="154472588" timestamp="2024-07-27T08:31:42Z" user="Heinz_V" uid="91490" lat="13.5276015" lon="80.0002956"/>
 <node id="12076570836" visible="true" version="1" changeset="154473640" timestamp="2024-07-27T09:06:21Z" user="Heinz_V" uid="91490" lat="13.3518340" lon="79.9331760"/>
 <node id="12076570837" visible="true" version="1" changeset="154473640" timestamp="2024-07-27T09:06:21Z" user="Heinz_V" uid="91490" lat="13.3544228" lon="79.9338197"/>
 <node id="12076570838" visible="true" version="1" changeset="154473640" timestamp="2024-07-27T09:06:21Z" user="Heinz_V" uid="91490" lat="13.3543393" lon="79.9350643"/>
 <node id="12076570839" visible="true" version="1" changeset="154473640" timestamp="2024-07-27T09:06:21Z" user="Heinz_V" uid="91490" lat="13.3563853" lon="79.9357509"/>
 <node id="12076570840" visible="true" version="1" changeset="154473640" timestamp="2024-07-27T09:06:21Z" user="Heinz_V" uid="91490" lat="13.3557172" lon="79.9381113"/>
 <node id="12076570841" visible="true" version="1" changeset="154473640" timestamp="2024-07-27T09:06:21Z" user="Heinz_V" uid="91490" lat="13.3599762" lon="79.9411583"/>
 <node id="12076570842" visible="true" version="1" changeset="154473640" timestamp="2024-07-27T09:06:21Z" user="Heinz_V" uid="91490" lat="13.3613958" lon="79.9410724"/>
 <node id="12076570843" visible="true" version="1" changeset="154473640" timestamp="2024-07-27T09:06:21Z" user="Heinz_V" uid="91490" lat="13.3612705" lon="79.9430465"/>
 <node id="12076570844" visible="true" version="1" changeset="154473640" timestamp="2024-07-27T09:06:21Z" user="Heinz_V" uid="91490" lat="13.3635461" lon="79.9422526"/>
 <node id="12076570845" visible="true" version="1" changeset="154473640" timestamp="2024-07-27T09:06:21Z" user="Heinz_V" uid="91490" lat="13.3634312" lon="79.9440873"/>
 <node id="12076570846" visible="true" version="1" changeset="154473640" timestamp="2024-07-27T09:06:21Z" user="Heinz_V" uid="91490" lat="13.3635147" lon="79.9454284"/>
 <node id="12076570847" visible="true" version="1" changeset="154473640" timestamp="2024-07-27T09:06:21Z" user="Heinz_V" uid="91490" lat="13.3642037" lon="79.9456108"/>
 <node id="12076570848" visible="true" version="1" changeset="154473640" timestamp="2024-07-27T09:06:21Z" user="Heinz_V" uid="91490" lat="13.3656233" lon="79.9461901"/>
 <node id="12076570849" visible="true" version="1" changeset="154473640" timestamp="2024-07-27T09:06:21Z" user="Heinz_V" uid="91490" lat="13.3661556" lon="79.9458897"/>
 <node id="12076570850" visible="true" version="1" changeset="154473640" timestamp="2024-07-27T09:06:21Z" user="Heinz_V" uid="91490" lat="13.3667193" lon="79.9455678"/>
 <node id="12076570851" visible="true" version="1" changeset="154473640" timestamp="2024-07-27T09:06:21Z" user="Heinz_V" uid="91490" lat="13.3671055" lon="79.9452674"/>
 <node id="12076570852" visible="true" version="1" changeset="154473640" timestamp="2024-07-27T09:06:21Z" user="Heinz_V" uid="91490" lat="13.3681598" lon="79.9453640"/>
 <node id="12076570853" visible="true" version="1" changeset="154473640" timestamp="2024-07-27T09:06:21Z" user="Heinz_V" uid="91490" lat="13.3681911" lon="79.9464905"/>
 <node id="12076570854" visible="true" version="1" changeset="154473640" timestamp="2024-07-27T09:06:21Z" user="Heinz_V" uid="91490" lat="13.3709467" lon="79.9472201"/>
 <node id="12076570855" visible="true" version="1" changeset="154473640" timestamp="2024-07-27T09:06:21Z" user="Heinz_V" uid="91490" lat="13.3728569" lon="79.9476707"/>
 <node id="12076570856" visible="true" version="1" changeset="154473640" timestamp="2024-07-27T09:06:21Z" user="Heinz_V" uid="91490" lat="13.3743182" lon="79.9480998"/>
 <node id="12076570857" visible="true" version="1" changeset="154473640" timestamp="2024-07-27T09:06:21Z" user="Heinz_V" uid="91490" lat="13.3746313" lon="79.9487543"/>
 <node id="12076570858" visible="true" version="1" changeset="154473640" timestamp="2024-07-27T09:06:21Z" user="Heinz_V" uid="91490" lat="13.3748818" lon="79.9491513"/>
 <node id="12076570859" visible="true" version="1" changeset="154473640" timestamp="2024-07-27T09:06:21Z" user="Heinz_V" uid="91490" lat="13.3754663" lon="79.9493873"/>
 <node id="12076570860" visible="true" version="1" changeset="154473640" timestamp="2024-07-27T09:06:21Z" user="Heinz_V" uid="91490" lat="13.3756333" lon="79.9486041"/>
 <node id="12076570861" visible="true" version="1" changeset="154473640" timestamp="2024-07-27T09:06:21Z" user="Heinz_V" uid="91490" lat="13.3773243" lon="79.9491191"/>
 <node id="12076570862" visible="true" version="1" changeset="154473640" timestamp="2024-07-27T09:06:21Z" user="Heinz_V" uid="91490" lat="13.3777000" lon="79.9488938"/>
 <node id="12076570863" visible="true" version="1" changeset="154473640" timestamp="2024-07-27T09:06:21Z" user="Heinz_V" uid="91490" lat="13.3773660" lon="79.9480355"/>
 <node id="12076570864" visible="true" version="1" changeset="154473640" timestamp="2024-07-27T09:06:21Z" user="Heinz_V" uid="91490" lat="13.3777731" lon="79.9478316"/>
 <node id="12076570865" visible="true" version="1" changeset="154473640" timestamp="2024-07-27T09:06:21Z" user="Heinz_V" uid="91490" lat="13.3781071" lon="79.9483144"/>
 <node id="12076570866" visible="true" version="1" changeset="154473640" timestamp="2024-07-27T09:06:21Z" user="Heinz_V" uid="91490" lat="13.3788377" lon="79.9482608"/>
 <node id="12076570867" visible="true" version="1" changeset="154473640" timestamp="2024-07-27T09:06:21Z" user="Heinz_V" uid="91490" lat="13.3789108" lon="79.9470591"/>
 <node id="12076570868" visible="true" version="1" changeset="154473640" timestamp="2024-07-27T09:06:21Z" user="Heinz_V" uid="91490" lat="13.3806121" lon="79.9458575"/>
 <node id="12076575769" visible="true" version="1" changeset="154473640" timestamp="2024-07-27T09:06:21Z" user="Heinz_V" uid="91490" lat="13.3818020" lon="79.9450207"/>
 <node id="12076575770" visible="true" version="1" changeset="154473640" timestamp="2024-07-27T09:06:21Z" user="Heinz_V" uid="91490" lat="13.3818646" lon="79.9456108"/>
 <node id="12076575771" visible="true" version="1" changeset="154473640" timestamp="2024-07-27T09:06:21Z" user="Heinz_V" uid="91490" lat="13.3813114" lon="79.9463510"/>
 <node id="12076575772" visible="true" version="1" changeset="154473640" timestamp="2024-07-27T09:06:21Z" user="Heinz_V" uid="91490" lat="13.3815202" lon="79.9469733"/>
 <node id="12076575773" visible="true" version="1" changeset="154473640" timestamp="2024-07-27T09:06:21Z" user="Heinz_V" uid="91490" lat="13.3819377" lon="79.9482608"/>
 <node id="12076575774" visible="true" version="1" changeset="154473640" timestamp="2024-07-27T09:06:21Z" user="Heinz_V" uid="91490" lat="13.3830128" lon="79.9480033"/>
 <node id="12076575775" visible="true" version="1" changeset="154473640" timestamp="2024-07-27T09:06:21Z" user="Heinz_V" uid="91490" lat="13.3832424" lon="79.9483788"/>
 <node id="12076575776" visible="true" version="1" changeset="154473640" timestamp="2024-07-27T09:06:21Z" user="Heinz_V" uid="91490" lat="13.3811236" lon="79.9490869"/>
 <node id="12076575777" visible="true" version="1" changeset="154473640" timestamp="2024-07-27T09:06:21Z" user="Heinz_V" uid="91490" lat="13.3807687" lon="79.9496877"/>
 <node id="12076575778" visible="true" version="1" changeset="154473640" timestamp="2024-07-27T09:06:21Z" user="Heinz_V" uid="91490" lat="13.3797876" lon="79.9500739"/>
 <node id="12076575779" visible="true" version="1" changeset="154473640" timestamp="2024-07-27T09:06:21Z" user="Heinz_V" uid="91490" lat="13.3781384" lon="79.9522090"/>
 <node id="12076575780" visible="true" version="1" changeset="154473640" timestamp="2024-07-27T09:06:21Z" user="Heinz_V" uid="91490" lat="13.3771781" lon="79.9538934"/>
 <node id="12076575781" visible="true" version="1" changeset="154473640" timestamp="2024-07-27T09:06:21Z" user="Heinz_V" uid="91490" lat="13.3781488" lon="79.9556744"/>
 <node id="12076575782" visible="true" version="1" changeset="154473640" timestamp="2024-07-27T09:06:21Z" user="Heinz_V" uid="91490" lat="13.3789525" lon="79.9578845"/>
 <node id="12076575783" visible="true" version="1" changeset="154473640" timestamp="2024-07-27T09:06:21Z" user="Heinz_V" uid="91490" lat="13.3794640" lon="79.9581420"/>
 <node id="12076575784" visible="true" version="1" changeset="154473640" timestamp="2024-07-27T09:06:21Z" user="Heinz_V" uid="91490" lat="13.3811549" lon="79.9583781"/>
 <node id="12076575785" visible="true" version="1" changeset="154473640" timestamp="2024-07-27T09:06:21Z" user="Heinz_V" uid="91490" lat="13.3819794" lon="79.9593007"/>
 <node id="12076575786" visible="true" version="1" changeset="154473640" timestamp="2024-07-27T09:06:21Z" user="Heinz_V" uid="91490" lat="13.3832946" lon="79.9599123"/>
 <node id="12076575787" visible="true" version="1" changeset="154473640" timestamp="2024-07-27T09:06:21Z" user="Heinz_V" uid="91490" lat="13.3846201" lon="79.9605667"/>
 <node id="12076575788" visible="true" version="1" changeset="154473640" timestamp="2024-07-27T09:06:21Z" user="Heinz_V" uid="91490" lat="13.3860501" lon="79.9608564"/>
 <node id="12076575789" visible="true" version="1" changeset="154473640" timestamp="2024-07-27T09:06:21Z" user="Heinz_V" uid="91490" lat="13.3863945" lon="79.9613929"/>
 <node id="12076575790" visible="true" version="1" changeset="154473640" timestamp="2024-07-27T09:06:21Z" user="Heinz_V" uid="91490" lat="13.3881897" lon="79.9613714"/>
 <node id="12076575791" visible="true" version="1" changeset="154473640" timestamp="2024-07-27T09:06:21Z" user="Heinz_V" uid="91490" lat="13.3884193" lon="79.9624872"/>
 <node id="12076575792" visible="true" version="1" changeset="154473640" timestamp="2024-07-27T09:06:21Z" user="Heinz_V" uid="91490" lat="13.3917592" lon="79.9627125"/>
 <node id="12076575793" visible="true" version="1" changeset="154473640" timestamp="2024-07-27T09:06:21Z" user="Heinz_V" uid="91490" lat="13.3942224" lon="79.9625623"/>
 <node id="12076575794" visible="true" version="1" changeset="154473640" timestamp="2024-07-27T09:06:21Z" user="Heinz_V" uid="91490" lat="13.3947233" lon="79.9616289"/>
 <node id="12076575795" visible="true" version="1" changeset="154473640" timestamp="2024-07-27T09:06:21Z" user="Heinz_V" uid="91490" lat="13.3955896" lon="79.9613607"/>
 <node id="12076575796" visible="true" version="1" changeset="154473640" timestamp="2024-07-27T09:06:21Z" user="Heinz_V" uid="91490" lat="13.3961741" lon="79.9586677"/>
 <node id="12076575797" visible="true" version="1" changeset="154473640" timestamp="2024-07-27T09:06:21Z" user="Heinz_V" uid="91490" lat="13.3970925" lon="79.9562752"/>
 <node id="12076575798" visible="true" version="1" changeset="154473640" timestamp="2024-07-27T09:06:21Z" user="Heinz_V" uid="91490" lat="13.3969360" lon="79.9538720"/>
 <node id="12076575799" visible="true" version="1" changeset="154473640" timestamp="2024-07-27T09:06:21Z" user="Heinz_V" uid="91490" lat="13.3966333" lon="79.9504816"/>
 <node id="12076575800" visible="true" version="1" changeset="154473640" timestamp="2024-07-27T09:06:21Z" user="Heinz_V" uid="91490" lat="13.3965498" lon="79.9486041"/>
 <node id="12076575801" visible="true" version="1" changeset="154473640" timestamp="2024-07-27T09:06:21Z" user="Heinz_V" uid="91490" lat="13.3967272" lon="79.9472523"/>
 <node id="12076575802" visible="true" version="1" changeset="154473640" timestamp="2024-07-27T09:06:21Z" user="Heinz_V" uid="91490" lat="13.3962993" lon="79.9464476"/>
 <node id="12076575803" visible="true" version="1" changeset="154473640" timestamp="2024-07-27T09:06:21Z" user="Heinz_V" uid="91490" lat="13.3968212" lon="79.9443447"/>
 <node id="12076575804" visible="true" version="1" changeset="154473640" timestamp="2024-07-27T09:06:21Z" user="Heinz_V" uid="91490" lat="13.3981466" lon="79.9443555"/>
 <node id="12076575805" visible="true" version="1" changeset="154473640" timestamp="2024-07-27T09:06:21Z" user="Heinz_V" uid="91490" lat="13.3986059" lon="79.9434113"/>
 <node id="12076575806" visible="true" version="1" changeset="154473640" timestamp="2024-07-27T09:06:21Z" user="Heinz_V" uid="91490" lat="13.3990338" lon="79.9432504"/>
 <node id="12076575807" visible="true" version="1" changeset="154473640" timestamp="2024-07-27T09:06:21Z" user="Heinz_V" uid="91490" lat="13.3996495" lon="79.9429393"/>
 <node id="12076575808" visible="true" version="1" changeset="154473640" timestamp="2024-07-27T09:06:21Z" user="Heinz_V" uid="91490" lat="13.4000566" lon="79.9417376"/>
 <node id="12076575809" visible="true" version="1" changeset="154473640" timestamp="2024-07-27T09:06:21Z" user="Heinz_V" uid="91490" lat="13.4005471" lon="79.9412548"/>
 <node id="12076575810" visible="true" version="1" changeset="154473640" timestamp="2024-07-27T09:06:21Z" user="Heinz_V" uid="91490" lat="13.4007663" lon="79.9417055"/>
 <node id="12076575811" visible="true" version="1" changeset="154473640" timestamp="2024-07-27T09:06:21Z" user="Heinz_V" uid="91490" lat="13.4012672" lon="79.9421132"/>
 <node id="12076575812" visible="true" version="1" changeset="154473640" timestamp="2024-07-27T09:06:21Z" user="Heinz_V" uid="91490" lat="13.4021439" lon="79.9427140"/>
 <node id="12076575813" visible="true" version="1" changeset="154473640" timestamp="2024-07-27T09:06:21Z" user="Heinz_V" uid="91490" lat="13.4033546" lon="79.9435294"/>
 <node id="12076575814" visible="true" version="1" changeset="154473640" timestamp="2024-07-27T09:06:21Z" user="Heinz_V" uid="91490" lat="13.4053271" lon="79.9441409"/>
 <node id="12076575815" visible="true" version="1" changeset="154473640" timestamp="2024-07-27T09:06:21Z" user="Heinz_V" uid="91490" lat="13.4065168" lon="79.9446559"/>
 <node id="12076575816" visible="true" version="1" changeset="154473640" timestamp="2024-07-27T09:06:21Z" user="Heinz_V" uid="91490" lat="13.4077588" lon="79.9457717"/>
 <node id="12076575817" visible="true" version="1" changeset="154473640" timestamp="2024-07-27T09:06:21Z" user="Heinz_V" uid="91490" lat="13.4077170" lon="79.9437332"/>
 <node id="12076575818" visible="true" version="1" changeset="154473640" timestamp="2024-07-27T09:06:21Z" user="Heinz_V" uid="91490" lat="13.4088859" lon="79.9437547"/>
 <node id="12076575819" visible="true" version="1" changeset="154473640" timestamp="2024-07-27T09:06:21Z" user="Heinz_V" uid="91490" lat="13.4090633" lon="79.9424243"/>
 <node id="12076575820" visible="true" version="1" changeset="154473640" timestamp="2024-07-27T09:06:21Z" user="Heinz_V" uid="91490" lat="13.4100443" lon="79.9425101"/>
 <node id="12076575821" visible="true" version="1" changeset="154473640" timestamp="2024-07-27T09:06:21Z" user="Heinz_V" uid="91490" lat="13.4101278" lon="79.9414158"/>
 <node id="12076575822" visible="true" version="1" changeset="154473640" timestamp="2024-07-27T09:06:21Z" user="Heinz_V" uid="91490" lat="13.4108375" lon="79.9412656"/>
 <node id="12076575823" visible="true" version="1" changeset="154473640" timestamp="2024-07-27T09:06:21Z" user="Heinz_V" uid="91490" lat="13.4111402" lon="79.9425101"/>
 <node id="12076575824" visible="true" version="1" changeset="154473640" timestamp="2024-07-27T09:06:21Z" user="Heinz_V" uid="91490" lat="13.4127682" lon="79.9421024"/>
 <node id="12076575825" visible="true" version="1" changeset="154473640" timestamp="2024-07-27T09:06:21Z" user="Heinz_V" uid="91490" lat="13.4127369" lon="79.9384332"/>
 <node id="12076575826" visible="true" version="1" changeset="154473640" timestamp="2024-07-27T09:06:21Z" user="Heinz_V" uid="91490" lat="13.4140205" lon="79.9379933"/>
 <node id="12076575827" visible="true" version="1" changeset="154473640" timestamp="2024-07-27T09:06:21Z" user="Heinz_V" uid="91490" lat="13.4146676" lon="79.9376500"/>
 <node id="12076575828" visible="true" version="1" changeset="154473640" timestamp="2024-07-27T09:06:21Z" user="Heinz_V" uid="91490" lat="13.4153564" lon="79.9367058"/>
 <node id="12076575829" visible="true" version="1" changeset="154473640" timestamp="2024-07-27T09:06:21Z" user="Heinz_V" uid="91490" lat="13.4159095" lon="79.9356007"/>
 <node id="12076575830" visible="true" version="1" changeset="154473640" timestamp="2024-07-27T09:06:21Z" user="Heinz_V" uid="91490" lat="13.4161808" lon="79.9344635"/>
 <node id="12076575831" visible="true" version="1" changeset="154473640" timestamp="2024-07-27T09:06:21Z" user="Heinz_V" uid="91490" lat="13.4166191" lon="79.9344528"/>
 <node id="12076575832" visible="true" version="1" changeset="154473640" timestamp="2024-07-27T09:06:21Z" user="Heinz_V" uid="91490" lat="13.4166400" lon="79.9352789"/>
 <node id="12076575833" visible="true" version="1" changeset="154473640" timestamp="2024-07-27T09:06:21Z" user="Heinz_V" uid="91490" lat="13.4167339" lon="79.9364376"/>
 <node id="12076575834" visible="true" version="1" changeset="154473640" timestamp="2024-07-27T09:06:21Z" user="Heinz_V" uid="91490" lat="13.4167861" lon="79.9374032"/>
 <node id="12076575835" visible="true" version="1" changeset="154473640" timestamp="2024-07-27T09:06:21Z" user="Heinz_V" uid="91490" lat="13.4161391" lon="79.9385083"/>
 <node id="12076575836" visible="true" version="1" changeset="154473640" timestamp="2024-07-27T09:06:21Z" user="Heinz_V" uid="91490" lat="13.4163269" lon="79.9390662"/>
 <node id="12076575837" visible="true" version="1" changeset="154473640" timestamp="2024-07-27T09:06:21Z" user="Heinz_V" uid="91490" lat="13.4168800" lon="79.9402571"/>
 <node id="12076575838" visible="true" version="1" changeset="154473640" timestamp="2024-07-27T09:06:21Z" user="Heinz_V" uid="91490" lat="13.4169531" lon="79.9418557"/>
 <node id="12076575839" visible="true" version="1" changeset="154473640" timestamp="2024-07-27T09:06:21Z" user="Heinz_V" uid="91490" lat="13.4197395" lon="79.9420702"/>
 <node id="12076575840" visible="true" version="1" changeset="154473640" timestamp="2024-07-27T09:06:21Z" user="Heinz_V" uid="91490" lat="13.4207622" lon="79.9412548"/>
 <node id="12076575841" visible="true" version="1" changeset="154473640" timestamp="2024-07-27T09:06:21Z" user="Heinz_V" uid="91490" lat="13.4215136" lon="79.9411476"/>
 <node id="12076575842" visible="true" version="1" changeset="154473640" timestamp="2024-07-27T09:06:21Z" user="Heinz_V" uid="91490" lat="13.4227137" lon="79.9410295"/>
 <node id="12076575843" visible="true" version="1" changeset="154473640" timestamp="2024-07-27T09:06:21Z" user="Heinz_V" uid="91490" lat="13.4236320" lon="79.9398708"/>
 <node id="12076575844" visible="true" version="1" changeset="154473640" timestamp="2024-07-27T09:06:21Z" user="Heinz_V" uid="91490" lat="13.4250304" lon="79.9399567"/>
 <node id="12076575845" visible="true" version="1" changeset="154473640" timestamp="2024-07-27T09:06:21Z" user="Heinz_V" uid="91490" lat="13.4249365" lon="79.9436474"/>
 <node id="12076575846" visible="true" version="1" changeset="154473640" timestamp="2024-07-27T09:06:21Z" user="Heinz_V" uid="91490" lat="13.4247904" lon="79.9461687"/>
 <node id="12076575847" visible="true" version="1" changeset="154473640" timestamp="2024-07-27T09:06:21Z" user="Heinz_V" uid="91490" lat="13.4249469" lon="79.9477136"/>
 <node id="12076575848" visible="true" version="1" changeset="154473640" timestamp="2024-07-27T09:06:21Z" user="Heinz_V" uid="91490" lat="13.4249887" lon="79.9482179"/>
 <node id="12076575849" visible="true" version="1" changeset="154473640" timestamp="2024-07-27T09:06:21Z" user="Heinz_V" uid="91490" lat="13.4237468" lon="79.9493873"/>
 <node id="12076575850" visible="true" version="1" changeset="154473640" timestamp="2024-07-27T09:06:21Z" user="Heinz_V" uid="91490" lat="13.4238408" lon="79.9507177"/>
 <node id="12076575851" visible="true" version="1" changeset="154473640" timestamp="2024-07-27T09:06:21Z" user="Heinz_V" uid="91490" lat="13.4240808" lon="79.9516618"/>
 <node id="12076575852" visible="true" version="1" changeset="154473640" timestamp="2024-07-27T09:06:21Z" user="Heinz_V" uid="91490" lat="13.4259070" lon="79.9524343"/>
 <node id="12076575853" visible="true" version="1" changeset="154473640" timestamp="2024-07-27T09:06:21Z" user="Heinz_V" uid="91490" lat="13.4257818" lon="79.9528849"/>
 <node id="12076575854" visible="true" version="1" changeset="154473640" timestamp="2024-07-27T09:06:21Z" user="Heinz_V" uid="91490" lat="13.4253539" lon="79.9558139"/>
 <node id="12076575855" visible="true" version="1" changeset="154473640" timestamp="2024-07-27T09:06:21Z" user="Heinz_V" uid="91490" lat="13.4235277" lon="79.9551058"/>
 <node id="12076575856" visible="true" version="1" changeset="154473640" timestamp="2024-07-27T09:06:21Z" user="Heinz_V" uid="91490" lat="13.4223484" lon="79.9549127"/>
 <node id="12076575857" visible="true" version="1" changeset="154473640" timestamp="2024-07-27T09:06:21Z" user="Heinz_V" uid="91490" lat="13.4220771" lon="79.9566185"/>
 <node id="12076575858" visible="true" version="1" changeset="154473640" timestamp="2024-07-27T09:06:21Z" user="Heinz_V" uid="91490" lat="13.4236216" lon="79.9574983"/>
 <node id="12076575859" visible="true" version="1" changeset="154473640" timestamp="2024-07-27T09:06:21Z" user="Heinz_V" uid="91490" lat="13.4234025" lon="79.9585068"/>
 <node id="12076575860" visible="true" version="1" changeset="154473640" timestamp="2024-07-27T09:06:21Z" user="Heinz_V" uid="91490" lat="13.4232564" lon="79.9602878"/>
 <node id="12076575861" visible="true" version="1" changeset="154473640" timestamp="2024-07-27T09:06:21Z" user="Heinz_V" uid="91490" lat="13.4234129" lon="79.9619722"/>
 <node id="12076575862" visible="true" version="1" changeset="154473640" timestamp="2024-07-27T09:06:21Z" user="Heinz_V" uid="91490" lat="13.4247382" lon="79.9629378"/>
 <node id="12076575863" visible="true" version="1" changeset="154473640" timestamp="2024-07-27T09:06:21Z" user="Heinz_V" uid="91490" lat="13.4249574" lon="79.9642789"/>
 <node id="12076575864" visible="true" version="1" changeset="154473640" timestamp="2024-07-27T09:06:21Z" user="Heinz_V" uid="91490" lat="13.4251348" lon="79.9654806"/>
 <node id="12076575865" visible="true" version="1" changeset="154473640" timestamp="2024-07-27T09:06:21Z" user="Heinz_V" uid="91490" lat="13.4257505" lon="79.9655664"/>
 <node id="12076575866" visible="true" version="1" changeset="154473640" timestamp="2024-07-27T09:06:21Z" user="Heinz_V" uid="91490" lat="13.4264497" lon="79.9659312"/>
 <node id="12076575867" visible="true" version="1" changeset="154473640" timestamp="2024-07-27T09:06:21Z" user="Heinz_V" uid="91490" lat="13.4267210" lon="79.9663925"/>
 <node id="12076575868" visible="true" version="1" changeset="154473640" timestamp="2024-07-27T09:06:21Z" user="Heinz_V" uid="91490" lat="13.4267627" lon="79.9680447"/>
 <node id="12076575869" visible="true" version="1" changeset="154473640" timestamp="2024-07-27T09:06:21Z" user="Heinz_V" uid="91490" lat="13.4270132" lon="79.9686885"/>
 <node id="12076575870" visible="true" version="1" changeset="154473640" timestamp="2024-07-27T09:06:21Z" user="Heinz_V" uid="91490" lat="13.4271593" lon="79.9693966"/>
 <node id="12076575871" visible="true" version="1" changeset="154473640" timestamp="2024-07-27T09:06:21Z" user="Heinz_V" uid="91490" lat="13.4272115" lon="79.9705982"/>
 <node id="12076575872" visible="true" version="1" changeset="154473640" timestamp="2024-07-27T09:06:21Z" user="Heinz_V" uid="91490" lat="13.4282759" lon="79.9706197"/>
 <node id="12076575873" visible="true" version="1" changeset="154473640" timestamp="2024-07-27T09:06:21Z" user="Heinz_V" uid="91490" lat="13.4285472" lon="79.9720573"/>
 <node id="12076575874" visible="true" version="1" changeset="154473640" timestamp="2024-07-27T09:06:21Z" user="Heinz_V" uid="91490" lat="13.4295073" lon="79.9732160"/>
 <node id="12076575875" visible="true" version="1" changeset="154473640" timestamp="2024-07-27T09:06:21Z" user="Heinz_V" uid="91490" lat="13.4301960" lon="79.9728298"/>
 <node id="12076575876" visible="true" version="1" changeset="154473640" timestamp="2024-07-27T09:06:21Z" user="Heinz_V" uid="91490" lat="13.4319074" lon="79.9722934"/>
 <node id="12076575877" visible="true" version="1" changeset="154473640" timestamp="2024-07-27T09:06:21Z" user="Heinz_V" uid="91490" lat="13.4337232" lon="79.9725938"/>
 <node id="12076575878" visible="true" version="1" changeset="154473640" timestamp="2024-07-27T09:06:21Z" user="Heinz_V" uid="91490" lat="13.4355807" lon="79.9735379"/>
 <node id="12076575879" visible="true" version="1" changeset="154473640" timestamp="2024-07-27T09:06:21Z" user="Heinz_V" uid="91490" lat="13.4372294" lon="79.9724436"/>
 <node id="12076575880" visible="true" version="1" changeset="154473640" timestamp="2024-07-27T09:06:21Z" user="Heinz_V" uid="91490" lat="13.4396712" lon="79.9727654"/>
 <node id="12076575881" visible="true" version="1" changeset="154473640" timestamp="2024-07-27T09:06:21Z" user="Heinz_V" uid="91490" lat="13.4401721" lon="79.9709630"/>
 <node id="12076575882" visible="true" version="1" changeset="154473640" timestamp="2024-07-27T09:06:21Z" user="Heinz_V" uid="91490" lat="13.4426556" lon="79.9719500"/>
 <node id="12076575883" visible="true" version="1" changeset="154473640" timestamp="2024-07-27T09:06:21Z" user="Heinz_V" uid="91490" lat="13.4516295" lon="79.9724221"/>
 <node id="12076575884" visible="true" version="1" changeset="154473640" timestamp="2024-07-27T09:06:21Z" user="Heinz_V" uid="91490" lat="13.4585579" lon="79.9727654"/>
 <node id="12076575885" visible="true" version="1" changeset="154473640" timestamp="2024-07-27T09:06:21Z" user="Heinz_V" uid="91490" lat="13.4597891" lon="79.9720573"/>
 <node id="12076575886" visible="true" version="1" changeset="154473640" timestamp="2024-07-27T09:06:21Z" user="Heinz_V" uid="91490" lat="13.4612499" lon="79.9725723"/>
 <node id="12076575887" visible="true" version="1" changeset="154473640" timestamp="2024-07-27T09:06:21Z" user="Heinz_V" uid="91490" lat="13.4639836" lon="79.9728298"/>
 <node id="12076575888" visible="true" version="1" changeset="154473640" timestamp="2024-07-27T09:06:21Z" user="Heinz_V" uid="91490" lat="13.4651105" lon="79.9720144"/>
 <node id="12076575889" visible="true" version="1" changeset="154473640" timestamp="2024-07-27T09:06:21Z" user="Heinz_V" uid="91490" lat="13.4689919" lon="79.9723792"/>
 <node id="12076575890" visible="true" version="1" changeset="154473640" timestamp="2024-07-27T09:06:21Z" user="Heinz_V" uid="91490" lat="13.4705152" lon="79.9823999"/>
 <node id="12076575891" visible="true" version="1" changeset="154473640" timestamp="2024-07-27T09:06:21Z" user="Heinz_V" uid="91490" lat="13.4796132" lon="79.9839449"/>
 <node id="12076575892" visible="true" version="1" changeset="154473640" timestamp="2024-07-27T09:06:21Z" user="Heinz_V" uid="91490" lat="13.4788411" lon="79.9890089"/>
 <node id="12076575893" visible="true" version="1" changeset="154473640" timestamp="2024-07-27T09:06:21Z" user="Heinz_V" uid="91490" lat="13.4787368" lon="79.9922919"/>
 <node id="12076575894" visible="true" version="1" changeset="154473640" timestamp="2024-07-27T09:06:21Z" user="Heinz_V" uid="91490" lat="13.4786325" lon="79.9966478"/>
 <node id="12076575895" visible="true" version="1" changeset="154473640" timestamp="2024-07-27T09:06:21Z" user="Heinz_V" uid="91490" lat="13.4786116" lon="80.0006175"/>
 <node id="12076575896" visible="true" version="1" changeset="154473640" timestamp="2024-07-27T09:06:21Z" user="Heinz_V" uid="91490" lat="13.4785073" lon="80.0075698"/>
 <node id="12076575897" visible="true" version="1" changeset="154473640" timestamp="2024-07-27T09:06:21Z" user="Heinz_V" uid="91490" lat="13.4813242" lon="80.0074839"/>
 <node id="12076575898" visible="true" version="1" changeset="154473640" timestamp="2024-07-27T09:06:21Z" user="Heinz_V" uid="91490" lat="13.4829101" lon="80.0095868"/>
 <node id="12076575899" visible="true" version="1" changeset="154473640" timestamp="2024-07-27T09:06:21Z" user="Heinz_V" uid="91490" lat="13.4855392" lon="80.0121617"/>
 <node id="12076575900" visible="true" version="1" changeset="154473640" timestamp="2024-07-27T09:06:21Z" user="Heinz_V" uid="91490" lat="13.4851219" lon="80.0128698"/>
 <node id="12076575901" visible="true" version="1" changeset="154473640" timestamp="2024-07-27T09:06:21Z" user="Heinz_V" uid="91490" lat="13.4851010" lon="80.0135350"/>
 <node id="12076575902" visible="true" version="1" changeset="154473640" timestamp="2024-07-27T09:06:21Z" user="Heinz_V" uid="91490" lat="13.4861861" lon="80.0137925"/>
 <node id="12076575903" visible="true" version="1" changeset="154473640" timestamp="2024-07-27T09:06:21Z" user="Heinz_V" uid="91490" lat="13.4871876" lon="80.0141144"/>
 <node id="12076575904" visible="true" version="1" changeset="154473640" timestamp="2024-07-27T09:06:21Z" user="Heinz_V" uid="91490" lat="13.4889612" lon="80.0158953"/>
 <node id="12076575905" visible="true" version="1" changeset="154473640" timestamp="2024-07-27T09:06:21Z" user="Heinz_V" uid="91490" lat="13.4900462" lon="80.0151872"/>
 <node id="12076575906" visible="true" version="1" changeset="154473640" timestamp="2024-07-27T09:06:21Z" user="Heinz_V" uid="91490" lat="13.4908183" lon="80.0148868"/>
 <node id="12076575907" visible="true" version="1" changeset="154473640" timestamp="2024-07-27T09:06:21Z" user="Heinz_V" uid="91490" lat="13.4942402" lon="80.0146508"/>
 <node id="12076575908" visible="true" version="1" changeset="154473640" timestamp="2024-07-27T09:06:21Z" user="Heinz_V" uid="91490" lat="13.4962641" lon="80.0142646"/>
 <node id="12076575909" visible="true" version="1" changeset="154473640" timestamp="2024-07-27T09:06:21Z" user="Heinz_V" uid="91490" lat="13.4979125" lon="80.0157881"/>
 <node id="12076575910" visible="true" version="1" changeset="154473640" timestamp="2024-07-27T09:06:21Z" user="Heinz_V" uid="91490" lat="13.4981211" lon="80.0182128"/>
 <node id="12076575911" visible="true" version="1" changeset="154473640" timestamp="2024-07-27T09:06:21Z" user="Heinz_V" uid="91490" lat="13.4982672" lon="80.0221395"/>
 <node id="12076575912" visible="true" version="1" changeset="154473640" timestamp="2024-07-27T09:06:21Z" user="Heinz_V" uid="91490" lat="13.4982254" lon="80.0276112"/>
 <node id="12076575913" visible="true" version="1" changeset="154473640" timestamp="2024-07-27T09:06:21Z" user="Heinz_V" uid="91490" lat="13.4980585" lon="80.0308943"/>
 <node id="12076575914" visible="true" version="1" changeset="154473640" timestamp="2024-07-27T09:06:21Z" user="Heinz_V" uid="91490" lat="13.4975786" lon="80.0339198"/>
 <node id="12076575915" visible="true" version="1" changeset="154473640" timestamp="2024-07-27T09:06:21Z" user="Heinz_V" uid="91490" lat="13.4950540" lon="80.0417948"/>
 <node id="12076575916" visible="true" version="1" changeset="154473640" timestamp="2024-07-27T09:06:21Z" user="Heinz_V" uid="91490" lat="13.4936560" lon="80.0466656"/>
 <node id="12076575917" visible="true" version="1" changeset="154473640" timestamp="2024-07-27T09:06:21Z" user="Heinz_V" uid="91490" lat="13.4996025" lon="80.0466013"/>
 <node id="12076575918" visible="true" version="1" changeset="154473640" timestamp="2024-07-27T09:06:21Z" user="Heinz_V" uid="91490" lat="13.5051316" lon="80.0471592"/>
 <node id="12076575919" visible="true" version="1" changeset="154473640" timestamp="2024-07-27T09:06:21Z" user="Heinz_V" uid="91490" lat="13.5126010" lon="80.0485325"/>
 <node id="12076575920" visible="true" version="1" changeset="154473640" timestamp="2024-07-27T09:06:21Z" user="Heinz_V" uid="91490" lat="13.5143744" lon="80.0448632"/>
 <node id="12076575921" visible="true" version="1" changeset="154473640" timestamp="2024-07-27T09:06:21Z" user="Heinz_V" uid="91490" lat="13.5166068" lon="80.0408506"/>
 <node id="12076575922" visible="true" version="1" changeset="154473640" timestamp="2024-07-27T09:06:21Z" user="Heinz_V" uid="91490" lat="13.5185888" lon="80.0354433"/>
 <node id="12076575923" visible="true" version="1" changeset="154473640" timestamp="2024-07-27T09:06:21Z" user="Heinz_V" uid="91490" lat="13.5175456" lon="80.0329327"/>
 <node id="12076575924" visible="true" version="1" changeset="154473640" timestamp="2024-07-27T09:06:21Z" user="Heinz_V" uid="91490" lat="13.5162104" lon="80.0304222"/>
 <node id="12076575925" visible="true" version="1" changeset="154473640" timestamp="2024-07-27T09:06:21Z" user="Heinz_V" uid="91490" lat="13.5136441" lon="80.0269460"/>
 <node id="12076575926" visible="true" version="1" changeset="154473640" timestamp="2024-07-27T09:06:21Z" user="Heinz_V" uid="91490" lat="13.5151046" lon="80.0253153"/>
 <node id="12076575927" visible="true" version="1" changeset="154473640" timestamp="2024-07-27T09:06:21Z" user="Heinz_V" uid="91490" lat="13.5174204" lon="80.0226331"/>
 <node id="12076575928" visible="true" version="1" changeset="154473640" timestamp="2024-07-27T09:06:21Z" user="Heinz_V" uid="91490" lat="13.5190895" lon="80.0194788"/>
 <node id="12076575929" visible="true" version="1" changeset="154473640" timestamp="2024-07-27T09:06:21Z" user="Heinz_V" uid="91490" lat="13.5206751" lon="80.0186205"/>
 <node id="12076575930" visible="true" version="1" changeset="154473640" timestamp="2024-07-27T09:06:21Z" user="Heinz_V" uid="91490" lat="13.5242426" lon="80.0178480"/>
 <node id="12076575931" visible="true" version="1" changeset="154473640" timestamp="2024-07-27T09:06:21Z" user="Heinz_V" uid="91490" lat="13.5298755" lon="80.0174188"/>
 <node id="12076575932" visible="true" version="1" changeset="154473640" timestamp="2024-07-27T09:06:21Z" user="Heinz_V" uid="91490" lat="13.5293748" lon="80.0158524"/>
 <node id="12076575933" visible="true" version="1" changeset="154473640" timestamp="2024-07-27T09:06:21Z" user="Heinz_V" uid="91490" lat="13.5286237" lon="80.0143504"/>
 <node id="12141918609" visible="true" version="2" changeset="158622451" timestamp="2024-11-01T14:40:47Z" user="uknown-gryphus" uid="2425805" lat="13.5168208" lon="80.0101520"/>
 <node id="12141918626" visible="true" version="1" changeset="155875119" timestamp="2024-08-28T11:21:14Z" user="sahilister" uid="11840981" lat="13.5136643" lon="80.0230024"/>
 <node id="12141918631" visible="true" version="1" changeset="155875119" timestamp="2024-08-28T11:21:14Z" user="sahilister" uid="11840981" lat="13.5131558" lon="80.0252359"/>
 <node id="12141918635" visible="true" version="1" changeset="155875119" timestamp="2024-08-28T11:21:14Z" user="sahilister" uid="11840981" lat="13.5134431" lon="80.0239741"/>
 <node id="12141918646" visible="true" version="1" changeset="155875119" timestamp="2024-08-28T11:21:14Z" user="sahilister" uid="11840981" lat="13.5144060" lon="80.0199133"/>
 <node id="12141918647" visible="true" version="1" changeset="155875119" timestamp="2024-08-28T11:21:14Z" user="sahilister" uid="11840981" lat="13.5140736" lon="80.0212723"/>
 <node id="12141918653" visible="true" version="1" changeset="155875119" timestamp="2024-08-28T11:21:14Z" user="sahilister" uid="11840981" lat="13.5155740" lon="80.0151073"/>
 <node id="12141918655" visible="true" version="1" changeset="155875119" timestamp="2024-08-28T11:21:14Z" user="sahilister" uid="11840981" lat="13.5154882" lon="79.9993426"/>
 <node id="12141918656" visible="true" version="1" changeset="155875119" timestamp="2024-08-28T11:21:14Z" user="sahilister" uid="11840981" lat="13.5179014" lon="80.0015244"/>
 <node id="12141918657" visible="true" version="1" changeset="155875119" timestamp="2024-08-28T11:21:14Z" user="sahilister" uid="11840981" lat="13.5173680" lon="79.9999225"/>
 <node id="12141918658" visible="true" version="1" changeset="155875119" timestamp="2024-08-28T11:21:14Z" user="sahilister" uid="11840981" lat="13.5168581" lon="80.0005811"/>
 <node id="12141918659" visible="true" version="1" changeset="155875119" timestamp="2024-08-28T11:21:14Z" user="sahilister" uid="11840981" lat="13.5184302" lon="80.0008855"/>
 <node id="12141918660" visible="true" version="1" changeset="155875119" timestamp="2024-08-28T11:21:14Z" user="sahilister" uid="11840981" lat="13.5174326" lon="80.0020908"/>
 <node id="12141918661" visible="true" version="2" changeset="174843516" timestamp="2025-11-19T05:42:01Z" user="shimshaola" uid="22355702" lat="13.5157602" lon="80.0021170"/>
 <node id="12141918662" visible="true" version="2" changeset="158622451" timestamp="2024-11-01T14:40:47Z" user="uknown-gryphus" uid="2425805" lat="13.5191955" lon="80.0040397"/>
 <node id="12141918663" visible="true" version="1" changeset="155875119" timestamp="2024-08-28T11:21:14Z" user="sahilister" uid="11840981" lat="13.5187844" lon="79.9906399"/>
 <node id="12141918664" visible="true" version="1" changeset="155875119" timestamp="2024-08-28T11:21:14Z" user="sahilister" uid="11840981" lat="13.5194108" lon="79.9904705"/>
 <node id="12141918665" visible="true" version="1" changeset="155875119" timestamp="2024-08-28T11:21:14Z" user="sahilister" uid="11840981" lat="13.5194624" lon="79.9904871"/>
 <node id="12141918666" visible="true" version="1" changeset="155875119" timestamp="2024-08-28T11:21:14Z" user="sahilister" uid="11840981" lat="13.5195302" lon="79.9905336"/>
 <node id="12141918667" visible="true" version="1" changeset="155875119" timestamp="2024-08-28T11:21:14Z" user="sahilister" uid="11840981" lat="13.5195754" lon="79.9906066"/>
 <node id="12141918668" visible="true" version="1" changeset="155875119" timestamp="2024-08-28T11:21:14Z" user="sahilister" uid="11840981" lat="13.5201695" lon="79.9926986"/>
 <node id="12141918669" visible="true" version="1" changeset="155875119" timestamp="2024-08-28T11:21:14Z" user="sahilister" uid="11840981" lat="13.5201533" lon="79.9928082"/>
 <node id="12141918670" visible="true" version="1" changeset="155875119" timestamp="2024-08-28T11:21:14Z" user="sahilister" uid="11840981" lat="13.5200888" lon="79.9928845"/>
 <node id="12141918671" visible="true" version="1" changeset="155875119" timestamp="2024-08-28T11:21:14Z" user="sahilister" uid="11840981" lat="13.5200339" lon="79.9929277"/>
 <node id="12141918672" visible="true" version="1" changeset="155875119" timestamp="2024-08-28T11:21:14Z" user="sahilister" uid="11840981" lat="13.5193074" lon="79.9931303"/>
 <node id="12141918673" visible="true" version="1" changeset="155875119" timestamp="2024-08-28T11:21:14Z" user="sahilister" uid="11840981" lat="13.5199661" lon="79.9919823"/>
 <node id="12141918674" visible="true" version="1" changeset="155875119" timestamp="2024-08-28T11:21:14Z" user="sahilister" uid="11840981" lat="13.5202103" lon="79.9919139"/>
 <node id="12141922127" visible="true" version="1" changeset="155875119" timestamp="2024-08-28T11:21:14Z" user="sahilister" uid="11840981" lat="13.5238026" lon="79.9872127"/>
 <node id="12154611564" visible="true" version="1" changeset="156166757" timestamp="2024-09-04T03:38:29Z" user="sahilister" uid="11840981" lat="13.5231011" lon="79.9905495"/>
 <node id="12154611565" visible="true" version="1" changeset="156166757" timestamp="2024-09-04T03:38:29Z" user="sahilister" uid="11840981" lat="13.5228142" lon="79.9895249"/>
 <node id="12154611566" visible="true" version="1" changeset="156166757" timestamp="2024-09-04T03:38:29Z" user="sahilister" uid="11840981" lat="13.5228090" lon="79.9894766"/>
 <node id="12154611567" visible="true" version="1" changeset="156166757" timestamp="2024-09-04T03:38:29Z" user="sahilister" uid="11840981" lat="13.5228325" lon="79.9894498"/>
 <node id="12154611568" visible="true" version="1" changeset="156166757" timestamp="2024-09-04T03:38:29Z" user="sahilister" uid="11840981" lat="13.5243320" lon="79.9890428"/>
 <node id="12154611569" visible="true" version="1" changeset="156166757" timestamp="2024-09-04T03:38:29Z" user="sahilister" uid="11840981" lat="13.5240647" lon="79.9891154"/>
 <node id="12154611570" visible="true" version="1" changeset="156166757" timestamp="2024-09-04T03:38:29Z" user="sahilister" uid="11840981" lat="13.5244832" lon="79.9907748"/>
 <node id="12154611571" visible="true" version="1" changeset="156166757" timestamp="2024-09-04T03:38:29Z" user="sahilister" uid="11840981" lat="13.5242407" lon="79.9898132"/>
 <node id="12154611572" visible="true" version="1" changeset="156166757" timestamp="2024-09-04T03:38:29Z" user="sahilister" uid="11840981" lat="13.5232810" lon="79.9900667"/>
 <node id="12154611573" visible="true" version="1" changeset="156166757" timestamp="2024-09-04T03:38:29Z" user="sahilister" uid="11840981" lat="13.5235575" lon="79.9911745"/>
 <node id="12154611574" visible="true" version="1" changeset="156166757" timestamp="2024-09-04T03:38:29Z" user="sahilister" uid="11840981" lat="13.5234284" lon="79.9906571"/>
 <node id="12154611575" visible="true" version="1" changeset="156166757" timestamp="2024-09-04T03:38:29Z" user="sahilister" uid="11840981" lat="13.5243916" lon="79.9904114"/>
 <node id="12154611576" visible="true" version="1" changeset="156166757" timestamp="2024-09-04T03:38:29Z" user="sahilister" uid="11840981" lat="13.5247264" lon="79.9907136"/>
 <node id="12154611577" visible="true" version="1" changeset="156166757" timestamp="2024-09-04T03:38:29Z" user="sahilister" uid="11840981" lat="13.5239780" lon="79.9878163"/>
 <node id="12154611584" visible="true" version="1" changeset="156166757" timestamp="2024-09-04T03:38:29Z" user="sahilister" uid="11840981" lat="13.5236213" lon="79.9865886"/>
 <node id="12154611659" visible="true" version="1" changeset="156166757" timestamp="2024-09-04T03:38:29Z" user="sahilister" uid="11840981" lat="13.5468042" lon="79.9973992"/>
 <node id="12154611665" visible="true" version="1" changeset="156166757" timestamp="2024-09-04T03:38:29Z" user="sahilister" uid="11840981" lat="13.5468542" lon="79.9975082"/>
 <node id="12304583921" visible="true" version="1" changeset="158622451" timestamp="2024-11-01T14:40:47Z" user="uknown-gryphus" uid="2425805" lat="13.5245650" lon="79.9985890"/>
 <node id="12304583922" visible="true" version="2" changeset="176218413" timestamp="2025-12-21T13:42:06Z" user="ph4ni" uid="20599849" lat="13.5251281" lon="79.9979328"/>
 <node id="12304583923" visible="true" version="1" changeset="158622451" timestamp="2024-11-01T14:40:47Z" user="uknown-gryphus" uid="2425805" lat="13.5194581" lon="80.0035905"/>
 <node id="12304583924" visible="true" version="1" changeset="158622451" timestamp="2024-11-01T14:40:47Z" user="uknown-gryphus" uid="2425805" lat="13.5193655" lon="80.0037489"/>
 <node id="12304583925" visible="true" version="1" changeset="158622451" timestamp="2024-11-01T14:40:47Z" user="uknown-gryphus" uid="2425805" lat="13.5175042" lon="80.0024687"/>
 <node id="12304583926" visible="true" version="1" changeset="158622451" timestamp="2024-11-01T14:40:47Z" user="uknown-gryphus" uid="2425805" lat="13.5185666" lon="80.0032040"/>
 <node id="12304583927" visible="true" version="1" changeset="158622451" timestamp="2024-11-01T14:40:47Z" user="uknown-gryphus" uid="2425805" lat="13.5208537" lon="80.0045106"/>
 <node id="12304583928" visible="true" version="1" changeset="158622451" timestamp="2024-11-01T14:40:47Z" user="uknown-gryphus" uid="2425805" lat="13.5175543" lon="80.0074031"/>
 <node id="12304583929" visible="true" version="1" changeset="158622451" timestamp="2024-11-01T14:40:47Z" user="uknown-gryphus" uid="2425805" lat="13.5182677" lon="80.0055888"/>
 <node id="12304583930" visible="true" version="1" changeset="158622451" timestamp="2024-11-01T14:40:47Z" user="uknown-gryphus" uid="2425805" lat="13.5184818" lon="80.0051027"/>
 <node id="12304583931" visible="true" version="1" changeset="158622451" timestamp="2024-11-01T14:40:47Z" user="uknown-gryphus" uid="2425805" lat="13.5190631" lon="80.0039663"/>
 <node id="12304583932" visible="true" version="1" changeset="158622451" timestamp="2024-11-01T14:40:47Z" user="uknown-gryphus" uid="2425805" lat="13.5192291" lon="80.0036818"/>
 <node id="12304583933" visible="true" version="1" changeset="158622451" timestamp="2024-11-01T14:40:47Z" user="uknown-gryphus" uid="2425805" lat="13.5193341" lon="80.0034949"/>
 <node id="12304583934" visible="true" version="1" changeset="158622451" timestamp="2024-11-01T14:40:47Z" user="uknown-gryphus" uid="2425805" lat="13.5197946" lon="80.0027886"/>
 <node id="12304583935" visible="true" version="1" changeset="158622451" timestamp="2024-11-01T14:40:47Z" user="uknown-gryphus" uid="2425805" lat="13.5206930" lon="80.0015874"/>
 <node id="12304583936" visible="true" version="1" changeset="158622451" timestamp="2024-11-01T14:40:47Z" user="uknown-gryphus" uid="2425805" lat="13.5210872" lon="80.0011392"/>
 <node id="12304583937" visible="true" version="1" changeset="158622451" timestamp="2024-11-01T14:40:47Z" user="uknown-gryphus" uid="2425805" lat="13.5214346" lon="80.0005409"/>
 <node id="12304583938" visible="true" version="1" changeset="158622451" timestamp="2024-11-01T14:40:47Z" user="uknown-gryphus" uid="2425805" lat="13.5229252" lon="79.9992323"/>
 <node id="12304583939" visible="true" version="1" changeset="158622451" timestamp="2024-11-01T14:40:47Z" user="uknown-gryphus" uid="2425805" lat="13.5220826" lon="80.0004432"/>
 <node id="12304583940" visible="true" version="1" changeset="158622451" timestamp="2024-11-01T14:40:47Z" user="uknown-gryphus" uid="2425805" lat="13.5166692" lon="80.0101099"/>
 <node id="12304583941" visible="true" version="1" changeset="158622451" timestamp="2024-11-01T14:40:47Z" user="uknown-gryphus" uid="2425805" lat="13.5286614" lon="79.9971560"/>
 <node id="12304583942" visible="true" version="1" changeset="158622451" timestamp="2024-11-01T14:40:47Z" user="uknown-gryphus" uid="2425805" lat="13.5462592" lon="79.9965801"/>
 <node id="13315729645" visible="true" version="1" changeset="174843516" timestamp="2025-11-19T05:42:01Z" user="shimshaola" uid="22355702" lat="13.5188495" lon="80.0038480">
  <tag k="access" v="private"/>
  <tag k="barrier" v="gate"/>
 </node>
 <node id="13315729646" visible="true" version="1" changeset="174843516" timestamp="2025-11-19T05:42:01Z" user="shimshaola" uid="22355702" lat="13.5190312" lon="80.0039486"/>
 <node id="13315729647" visible="true" version="1" changeset="174843516" timestamp="2025-11-19T05:42:01Z" user="shimshaola" uid="22355702" lat="13.5190702" lon="80.0038891"/>
 <node id="13315729648" visible="true" version="1" changeset="174843516" timestamp="2025-11-19T05:42:01Z" user="shimshaola" uid="22355702" lat="13.5190949" lon="80.0038298"/>
 <node id="13315729649" visible="true" version="1" changeset="174843516" timestamp="2025-11-19T05:42:01Z" user="shimshaola" uid="22355702" lat="13.5191136" lon="80.0037743"/>
 <node id="13315729650" visible="true" version="1" changeset="174843516" timestamp="2025-11-19T05:42:01Z" user="shimshaola" uid="22355702" lat="13.5191091" lon="80.0037158"/>
 <node id="13315729651" visible="true" version="1" changeset="174843516" timestamp="2025-11-19T05:42:01Z" user="shimshaola" uid="22355702" lat="13.5190814" lon="80.0036611"/>
 <node id="13315729652" visible="true" version="1" changeset="174843516" timestamp="2025-11-19T05:42:01Z" user="shimshaola" uid="22355702" lat="13.5189885" lon="80.0036164"/>
 <node id="13315729653" visible="true" version="1" changeset="174843516" timestamp="2025-11-19T05:42:01Z" user="shimshaola" uid="22355702" lat="13.5179949" lon="80.0030498"/>
 <node id="13315729654" visible="true" version="1" changeset="174843516" timestamp="2025-11-19T05:42:01Z" user="shimshaola" uid="22355702" lat="13.5178723" lon="80.0029611"/>
 <node id="13315729655" visible="true" version="1" changeset="174843516" timestamp="2025-11-19T05:42:01Z" user="shimshaola" uid="22355702" lat="13.5176566" lon="80.0027766"/>
 <node id="13315729656" visible="true" version="1" changeset="174843516" timestamp="2025-11-19T05:42:01Z" user="shimshaola" uid="22355702" lat="13.5168802" lon="80.0020738"/>
 <node id="13315729657" visible="true" version="1" changeset="174843516" timestamp="2025-11-19T05:42:01Z" user="shimshaola" uid="22355702" lat="13.5159221" lon="80.0012028"/>
 <node id="13315729658" visible="true" version="1" changeset="174843516" timestamp="2025-11-19T05:42:01Z" user="shimshaola" uid="22355702" lat="13.5152047" lon="80.0005257"/>
 <node id="13315729659" visible="true" version="1" changeset="174843516" timestamp="2025-11-19T05:42:01Z" user="shimshaola" uid="22355702" lat="13.5143233" lon="79.9997408"/>
 <node id="13315729660" visible="true" version="1" changeset="174843516" timestamp="2025-11-19T05:42:01Z" user="shimshaola" uid="22355702" lat="13.5139216" lon="79.9994136"/>
 <node id="13315729661" visible="true" version="1" changeset="174843516" timestamp="2025-11-19T05:42:01Z" user="shimshaola" uid="22355702" lat="13.5137026" lon="79.9992902"/>
 <node id="13315729662" visible="true" version="1" changeset="174843516" timestamp="2025-11-19T05:42:01Z" user="shimshaola" uid="22355702" lat="13.5135774" lon="79.9992741"/>
 <node id="13315729663" visible="true" version="1" changeset="174843516" timestamp="2025-11-19T05:42:01Z" user="shimshaola" uid="22355702" lat="13.5131966" lon="79.9993814"/>
 <node id="13315729664" visible="true" version="1" changeset="174843516" timestamp="2025-11-19T05:42:01Z" user="shimshaola" uid="22355702" lat="13.5131027" lon="79.9994082"/>
 <node id="13315729665" visible="true" version="1" changeset="174843516" timestamp="2025-11-19T05:42:01Z" user="shimshaola" uid="22355702" lat="13.5129619" lon="79.9994190"/>
 <node id="13315729666" visible="true" version="1" changeset="174843516" timestamp="2025-11-19T05:42:01Z" user="shimshaola" uid="22355702" lat="13.5107349" lon="79.9993852"/>
 <node id="13315729667" visible="true" version="1" changeset="174843516" timestamp="2025-11-19T05:42:01Z" user="shimshaola" uid="22355702" lat="13.5107230" lon="79.9993282"/>
 <node id="13315729668" visible="true" version="1" changeset="174843516" timestamp="2025-11-19T05:42:01Z" user="shimshaola" uid="22355702" lat="13.5107507" lon="79.9987204"/>
 <node id="13315729669" visible="true" version="1" changeset="174843516" timestamp="2025-11-19T05:42:01Z" user="shimshaola" uid="22355702" lat="13.5107685" lon="79.9985883"/>
 <node id="13315729670" visible="true" version="1" changeset="174843516" timestamp="2025-11-19T05:42:01Z" user="shimshaola" uid="22355702" lat="13.5175723" lon="80.0027003"/>
 <node id="13315729671" visible="true" version="1" changeset="174843516" timestamp="2025-11-19T05:42:01Z" user="shimshaola" uid="22355702" lat="13.5174072" lon="80.0030492"/>
 <node id="13315729672" visible="true" version="1" changeset="174843516" timestamp="2025-11-19T05:42:01Z" user="shimshaola" uid="22355702" lat="13.5174898" lon="80.0028748">
  <tag k="access" v="private"/>
  <tag k="barrier" v="gate"/>
 </node>
 <node id="13315729673" visible="true" version="1" changeset="174843516" timestamp="2025-11-19T05:42:01Z" user="shimshaola" uid="22355702" lat="13.5161311" lon="80.0013928"/>
 <node id="13315826150" visible="true" version="1" changeset="174843613" timestamp="2025-11-19T05:47:52Z" user="shimshaola" uid="22355702" lat="13.5180557" lon="80.0054802">
  <tag k="access" v="private"/>
  <tag k="barrier" v="gate"/>
 </node>
 <node id="13315826151" visible="true" version="1" changeset="174843613" timestamp="2025-11-19T05:47:52Z" user="shimshaola" uid="22355702" lat="13.5177256" lon="80.0053614"/>
 <node id="13315826152" visible="true" version="1" changeset="174843613" timestamp="2025-11-19T05:47:52Z" user="shimshaola" uid="22355702" lat="13.5146170" lon="80.0000023"/>
 <node id="13315826156" visible="true" version="1" changeset="174843613" timestamp="2025-11-19T05:47:52Z" user="shimshaola" uid="22355702" lat="13.5147478" lon="80.0001188"/>
 <node id="13315832727" visible="true" version="1" changeset="174843869" timestamp="2025-11-19T06:00:17Z" user="shimshaola" uid="22355702" lat="13.5148889" lon="80.0037901"/>
 <node id="13315835795" visible="true" version="1" changeset="174843554" timestamp="2025-11-19T05:44:51Z" user="shimshaola" uid="22355702" lat="13.5150932" lon="80.0004264"/>
 <node id="13315835796" visible="true" version="1" changeset="174843554" timestamp="2025-11-19T05:44:51Z" user="shimshaola" uid="22355702" lat="13.5146084" lon="80.0013361"/>
 <node id="13315835797" visible="true" version="1" changeset="174843554" timestamp="2025-11-19T05:44:51Z" user="shimshaola" uid="22355702" lat="13.5137071" lon="80.0030375"/>
 <node id="13315835798" visible="true" version="1" changeset="174843554" timestamp="2025-11-19T05:44:51Z" user="shimshaola" uid="22355702" lat="13.5136972" lon="80.0031026"/>
 <node id="13315835799" visible="true" version="1" changeset="174843554" timestamp="2025-11-19T05:44:51Z" user="shimshaola" uid="22355702" lat="13.5137229" lon="80.0031514"/>
 <node id="13315835800" visible="true" version="1" changeset="174843554" timestamp="2025-11-19T05:44:51Z" user="shimshaola" uid="22355702" lat="13.5137822" lon="80.0031941"/>
 <node id="13315836501" visible="true" version="1" changeset="174843554" timestamp="2025-11-19T05:44:51Z" user="shimshaola" uid="22355702" lat="13.5147131" lon="80.0036900"/>
 <node id="13315836502" visible="true" version="1" changeset="174843554" timestamp="2025-11-19T05:44:51Z" user="shimshaola" uid="22355702" lat="13.5163920" lon="80.0046462"/>
 <node id="13315836503" visible="true" version="1" changeset="174843554" timestamp="2025-11-19T05:44:51Z" user="shimshaola" uid="22355702" lat="13.5176861" lon="80.0053607"/>
 <node id="13315836504" visible="true" version="1" changeset="174843554" timestamp="2025-11-19T05:44:51Z" user="shimshaola" uid="22355702" lat="13.5177588" lon="80.0053280"/>
 <node id="13315836505" visible="true" version="1" changeset="174843554" timestamp="2025-11-19T05:44:51Z" user="shimshaola" uid="22355702" lat="13.5185892" lon="80.0037038"/>
 <node id="13315836506" visible="true" version="1" changeset="174843554" timestamp="2025-11-19T05:44:51Z" user="shimshaola" uid="22355702" lat="13.5149460" lon="80.0007027">
  <tag k="access" v="private"/>
  <tag k="barrier" v="gate"/>
 </node>
 <node id="13333512154" visible="true" version="1" changeset="175149287" timestamp="2025-11-26T11:09:32Z" user="shimshaola" uid="22355702" lat="13.5190815" lon="80.0038620"/>
 <node id="13392793531" visible="true" version="1" changeset="176218413" timestamp="2025-12-21T13:42:06Z" user="ph4ni" uid="20599849" lat="13.5452873" lon="80.0206910"/>
 <node id="13392793532" visible="true" version="1" changeset="176218413" timestamp="2025-12-21T13:42:06Z" user="ph4ni" uid="20599849" lat="13.5449742" lon="80.0203904"/>
 <node id="13392793533" visible="true" version="1" changeset="176218413" timestamp="2025-12-21T13:42:06Z" user="ph4ni" uid="20599849" lat="13.5445706" lon="80.0201255"/>
 <node id="13392793534" visible="true" version="1" changeset="176218413" timestamp="2025-12-21T13:42:06Z" user="ph4ni" uid="20599849" lat="13.5440905" lon="80.0201899"/>
 <node id="13392793535" visible="true" version="1" changeset="176218413" timestamp="2025-12-21T13:42:06Z" user="ph4ni" uid="20599849" lat="13.5435617" lon="80.0204476"/>
 <node id="13392793536" visible="true" version="1" changeset="176218413" timestamp="2025-12-21T13:42:06Z" user="ph4ni" uid="20599849" lat="13.5432346" lon="80.0204190"/>
 <node id="13392793537" visible="true" version="1" changeset="176218413" timestamp="2025-12-21T13:42:06Z" user="ph4ni" uid="20599849" lat="13.5429633" lon="80.0204261"/>
 <node id="13392793538" visible="true" version="1" changeset="176218413" timestamp="2025-12-21T13:42:06Z" user="ph4ni" uid="20599849" lat="13.5425597" lon="80.0205049"/>
 <node id="13392793539" visible="true" version="1" changeset="176218413" timestamp="2025-12-21T13:42:06Z" user="ph4ni" uid="20599849" lat="13.5423370" lon="80.0204762"/>
 <node id="13392793540" visible="true" version="1" changeset="176218413" timestamp="2025-12-21T13:42:06Z" user="ph4ni" uid="20599849" lat="13.5421422" lon="80.0203832"/>
 <node id="13392793541" visible="true" version="1" changeset="176218413" timestamp="2025-12-21T13:42:06Z" user="ph4ni" uid="20599849" lat="13.5417456" lon="80.0200611"/>
 <node id="13392793542" visible="true" version="1" changeset="176218413" timestamp="2025-12-21T13:42:06Z" user="ph4ni" uid="20599849" lat="13.5414463" lon="80.0199681"/>
 <node id="13392793543" visible="true" version="1" changeset="176218413" timestamp="2025-12-21T13:42:06Z" user="ph4ni" uid="20599849" lat="13.5412585" lon="80.0199681"/>
 <node id="13392793544" visible="true" version="1" changeset="176218413" timestamp="2025-12-21T13:42:06Z" user="ph4ni" uid="20599849" lat="13.5408062" lon="80.0199681"/>
 <node id="13392793545" visible="true" version="1" changeset="176218413" timestamp="2025-12-21T13:42:06Z" user="ph4ni" uid="20599849" lat="13.5403817" lon="80.0201112"/>
 <node id="13392793546" visible="true" version="1" changeset="176218413" timestamp="2025-12-21T13:42:06Z" user="ph4ni" uid="20599849" lat="13.5397485" lon="80.0204047"/>
 <node id="13392793547" visible="true" version="1" changeset="176218413" timestamp="2025-12-21T13:42:06Z" user="ph4ni" uid="20599849" lat="13.5394354" lon="80.0207840"/>
 <node id="13392793548" visible="true" version="1" changeset="176218413" timestamp="2025-12-21T13:42:06Z" user="ph4ni" uid="20599849" lat="13.5390387" lon="80.0211777"/>
 <node id="13392793549" visible="true" version="1" changeset="176218413" timestamp="2025-12-21T13:42:06Z" user="ph4ni" uid="20599849" lat="13.5386421" lon="80.0212421"/>
 <node id="13392793550" visible="true" version="1" changeset="176218413" timestamp="2025-12-21T13:42:06Z" user="ph4ni" uid="20599849" lat="13.5384334" lon="80.0212421"/>
 <node id="13392793551" visible="true" version="1" changeset="176218413" timestamp="2025-12-21T13:42:06Z" user="ph4ni" uid="20599849" lat="13.5380854" lon="80.0211276"/>
 <node id="13392793552" visible="true" version="1" changeset="176218413" timestamp="2025-12-21T13:42:06Z" user="ph4ni" uid="20599849" lat="13.5376471" lon="80.0209773"/>
 <node id="13392793553" visible="true" version="1" changeset="176218413" timestamp="2025-12-21T13:42:06Z" user="ph4ni" uid="20599849" lat="13.5370625" lon="80.0207411"/>
 <node id="13392793554" visible="true" version="1" changeset="176218413" timestamp="2025-12-21T13:42:06Z" user="ph4ni" uid="20599849" lat="13.5364084" lon="80.0207411"/>
 <node id="13392793555" visible="true" version="1" changeset="176218413" timestamp="2025-12-21T13:42:06Z" user="ph4ni" uid="20599849" lat="13.5362554" lon="80.0207267"/>
 <node id="13392793556" visible="true" version="1" changeset="176218413" timestamp="2025-12-21T13:42:06Z" user="ph4ni" uid="20599849" lat="13.5360953" lon="80.0206265"/>
 <node id="13392793557" visible="true" version="1" changeset="176218413" timestamp="2025-12-21T13:42:06Z" user="ph4ni" uid="20599849" lat="13.5359979" lon="80.0204405"/>
 <node id="13392793558" visible="true" version="1" changeset="176218413" timestamp="2025-12-21T13:42:06Z" user="ph4ni" uid="20599849" lat="13.5355038" lon="80.0200182"/>
 <node id="13392793559" visible="true" version="1" changeset="176218413" timestamp="2025-12-21T13:42:06Z" user="ph4ni" uid="20599849" lat="13.5355525" lon="80.0194885"/>
 <node id="13392793560" visible="true" version="1" changeset="176218413" timestamp="2025-12-21T13:42:06Z" user="ph4ni" uid="20599849" lat="13.5354273" lon="80.0193454"/>
 <node id="13392793561" visible="true" version="1" changeset="176218413" timestamp="2025-12-21T13:42:06Z" user="ph4ni" uid="20599849" lat="13.5352881" lon="80.0192595"/>
 <node id="13392793562" visible="true" version="1" changeset="176218413" timestamp="2025-12-21T13:42:06Z" user="ph4ni" uid="20599849" lat="13.5350167" lon="80.0191378"/>
 <node id="13392793563" visible="true" version="1" changeset="176218413" timestamp="2025-12-21T13:42:06Z" user="ph4ni" uid="20599849" lat="13.5348636" lon="80.0190806"/>
 <node id="13392793564" visible="true" version="1" changeset="176218413" timestamp="2025-12-21T13:42:06Z" user="ph4ni" uid="20599849" lat="13.5341469" lon="80.0182074"/>
 <node id="13392793565" visible="true" version="1" changeset="176218413" timestamp="2025-12-21T13:42:06Z" user="ph4ni" uid="20599849" lat="13.5338755" lon="80.0178495"/>
 <node id="13392793566" visible="true" version="1" changeset="176218413" timestamp="2025-12-21T13:42:06Z" user="ph4ni" uid="20599849" lat="13.5336041" lon="80.0176563"/>
 <node id="13392793567" visible="true" version="1" changeset="176218413" timestamp="2025-12-21T13:42:06Z" user="ph4ni" uid="20599849" lat="13.5334580" lon="80.0175417"/>
 <node id="13392793568" visible="true" version="1" changeset="176218413" timestamp="2025-12-21T13:42:06Z" user="ph4ni" uid="20599849" lat="13.5332701" lon="80.0174272"/>
 <node id="13392793569" visible="true" version="1" changeset="176218413" timestamp="2025-12-21T13:42:06Z" user="ph4ni" uid="20599849" lat="13.5330127" lon="80.0172912"/>
 <node id="13392793570" visible="true" version="1" changeset="176218413" timestamp="2025-12-21T13:42:06Z" user="ph4ni" uid="20599849" lat="13.5327900" lon="80.0171409"/>
 <node id="13392793571" visible="true" version="1" changeset="176218413" timestamp="2025-12-21T13:42:06Z" user="ph4ni" uid="20599849" lat="13.5325812" lon="80.0169548"/>
 <node id="13392793572" visible="true" version="1" changeset="176218413" timestamp="2025-12-21T13:42:06Z" user="ph4ni" uid="20599849" lat="13.5318993" lon="80.0166184"/>
 <node id="13392793573" visible="true" version="1" changeset="176218413" timestamp="2025-12-21T13:42:06Z" user="ph4ni" uid="20599849" lat="13.5316975" lon="80.0166113"/>
 <node id="13392793574" visible="true" version="1" changeset="176218413" timestamp="2025-12-21T13:42:06Z" user="ph4ni" uid="20599849" lat="13.5311477" lon="80.0164538"/>
 <node id="13392793575" visible="true" version="1" changeset="176218413" timestamp="2025-12-21T13:42:06Z" user="ph4ni" uid="20599849" lat="13.5309738" lon="80.0163608"/>
 <node id="13392793576" visible="true" version="1" changeset="176218413" timestamp="2025-12-21T13:42:06Z" user="ph4ni" uid="20599849" lat="13.5306189" lon="80.0160459"/>
 <node id="13392793577" visible="true" version="1" changeset="176218413" timestamp="2025-12-21T13:42:06Z" user="ph4ni" uid="20599849" lat="13.5303151" lon="80.0154140"/>
 <node id="13392793578" visible="true" version="1" changeset="176218413" timestamp="2025-12-21T13:42:06Z" user="ph4ni" uid="20599849" lat="13.5299254" lon="80.0149917"/>
 <node id="13392793579" visible="true" version="1" changeset="176218413" timestamp="2025-12-21T13:42:06Z" user="ph4ni" uid="20599849" lat="13.5294522" lon="80.0147412"/>
 <node id="13392793580" visible="true" version="1" changeset="176218413" timestamp="2025-12-21T13:42:06Z" user="ph4ni" uid="20599849" lat="13.5276221" lon="80.0143547"/>
 <node id="13392793581" visible="true" version="1" changeset="176218413" timestamp="2025-12-21T13:42:06Z" user="ph4ni" uid="20599849" lat="13.5264460" lon="80.0142044"/>
 <node id="13392793582" visible="true" version="1" changeset="176218413" timestamp="2025-12-21T13:42:06Z" user="ph4ni" uid="20599849" lat="13.5260842" lon="80.0141400"/>
 <node id="13392793583" visible="true" version="1" changeset="176218413" timestamp="2025-12-21T13:42:06Z" user="ph4ni" uid="20599849" lat="13.5256875" lon="80.0139325"/>
 <node id="13392793584" visible="true" version="1" changeset="176218413" timestamp="2025-12-21T13:42:06Z" user="ph4ni" uid="20599849" lat="13.5253256" lon="80.0137464"/>
 <node id="13392793585" visible="true" version="1" changeset="176218413" timestamp="2025-12-21T13:42:06Z" user="ph4ni" uid="20599849" lat="13.5248942" lon="80.0132597"/>
 <node id="13392793586" visible="true" version="1" changeset="176218413" timestamp="2025-12-21T13:42:06Z" user="ph4ni" uid="20599849" lat="13.5245045" lon="80.0126799"/>
 <node id="13392793587" visible="true" version="1" changeset="176218413" timestamp="2025-12-21T13:42:06Z" user="ph4ni" uid="20599849" lat="13.5244836" lon="80.0120859"/>
 <node id="13392793588" visible="true" version="1" changeset="176218413" timestamp="2025-12-21T13:42:06Z" user="ph4ni" uid="20599849" lat="13.5243514" lon="80.0116135"/>
 <node id="13392793589" visible="true" version="1" changeset="176218413" timestamp="2025-12-21T13:42:06Z" user="ph4ni" uid="20599849" lat="13.5234885" lon="80.0109908"/>
 <node id="13392793590" visible="true" version="1" changeset="176218413" timestamp="2025-12-21T13:42:06Z" user="ph4ni" uid="20599849" lat="13.5232032" lon="80.0107260"/>
 <node id="13392793591" visible="true" version="1" changeset="176218413" timestamp="2025-12-21T13:42:06Z" user="ph4ni" uid="20599849" lat="13.5229875" lon="80.0105757"/>
 <node id="13392793592" visible="true" version="1" changeset="176218413" timestamp="2025-12-21T13:42:06Z" user="ph4ni" uid="20599849" lat="13.5226674" lon="80.0103681"/>
 <node id="13392793593" visible="true" version="1" changeset="176218413" timestamp="2025-12-21T13:42:06Z" user="ph4ni" uid="20599849" lat="13.5222429" lon="80.0101892"/>
 <node id="13392793594" visible="true" version="1" changeset="176218413" timestamp="2025-12-21T13:42:06Z" user="ph4ni" uid="20599849" lat="13.5220202" lon="80.0101319"/>
 <node id="13392793595" visible="true" version="1" changeset="176218413" timestamp="2025-12-21T13:42:06Z" user="ph4ni" uid="20599849" lat="13.5217209" lon="80.0099816"/>
 <node id="13392793596" visible="true" version="1" changeset="176218413" timestamp="2025-12-21T13:42:06Z" user="ph4ni" uid="20599849" lat="13.5213034" lon="80.0082639"/>
 <node id="13392793597" visible="true" version="1" changeset="176218413" timestamp="2025-12-21T13:42:06Z" user="ph4ni" uid="20599849" lat="13.5228526" lon="80.0058571"/>
 <node id="13392793598" visible="true" version="1" changeset="176218413" timestamp="2025-12-21T13:42:06Z" user="ph4ni" uid="20599849" lat="13.5240385" lon="80.0046287"/>
 <node id="13392808502" visible="true" version="1" changeset="176218413" timestamp="2025-12-21T13:42:06Z" user="ph4ni" uid="20599849" lat="13.5240337" lon="80.0036800"/>
 <node id="13392808503" visible="true" version="1" changeset="176218413" timestamp="2025-12-21T13:42:06Z" user="ph4ni" uid="20599849" lat="13.5239525" lon="80.0024756"/>
 <node id="13392808504" visible="true" version="1" changeset="176218413" timestamp="2025-12-21T13:42:06Z" user="ph4ni" uid="20599849" lat="13.5240269" lon="80.0019257"/>
 <node id="13392808505" visible="true" version="1" changeset="176218413" timestamp="2025-12-21T13:42:06Z" user="ph4ni" uid="20599849" lat="13.5241420" lon="80.0014523"/>
 <node id="13392808506" visible="true" version="1" changeset="176218413" timestamp="2025-12-21T13:42:06Z" user="ph4ni" uid="20599849" lat="13.5243857" lon="80.0008118"/>
 <node id="13392808507" visible="true" version="1" changeset="176218413" timestamp="2025-12-21T13:42:06Z" user="ph4ni" uid="20599849" lat="13.5248121" lon="79.9997885"/>
 <node id="13392808508" visible="true" version="1" changeset="176218413" timestamp="2025-12-21T13:42:06Z" user="ph4ni" uid="20599849" lat="13.5250016" lon="79.9991689"/>
 <node id="13392808509" visible="true" version="1" changeset="176218413" timestamp="2025-12-21T13:42:06Z" user="ph4ni" uid="20599849" lat="13.5250761" lon="79.9987651"/>
 <node id="13392808510" visible="true" version="1" changeset="176218413" timestamp="2025-12-21T13:42:06Z" user="ph4ni" uid="20599849" lat="13.5250521" lon="79.9986030"/>
 <node id="13392808511" visible="true" version="1" changeset="176218413" timestamp="2025-12-21T13:42:06Z" user="ph4ni" uid="20599849" lat="13.5249288" lon="79.9981197"/>
 <node id="13392808512" visible="true" version="1" changeset="176218413" timestamp="2025-12-21T13:42:06Z" user="ph4ni" uid="20599849" lat="13.5248011" lon="79.9978196"/>
 <node id="13392808513" visible="true" version="1" changeset="176218413" timestamp="2025-12-21T13:42:06Z" user="ph4ni" uid="20599849" lat="13.5241274" lon="79.9959476"/>
 <node id="13392808514" visible="true" version="1" changeset="176218413" timestamp="2025-12-21T13:42:06Z" user="ph4ni" uid="20599849" lat="13.5233739" lon="79.9925197"/>
 <node id="13392808515" visible="true" version="1" changeset="176218413" timestamp="2025-12-21T13:42:06Z" user="ph4ni" uid="20599849" lat="13.5232482" lon="79.9919956"/>
 <node id="13392808516" visible="true" version="1" changeset="176218413" timestamp="2025-12-21T13:42:06Z" user="ph4ni" uid="20599849" lat="13.5217894" lon="79.9880832"/>
 <node id="13392808517" visible="true" version="1" changeset="176218413" timestamp="2025-12-21T13:42:06Z" user="ph4ni" uid="20599849" lat="13.5215583" lon="79.9877643"/>
 <node id="13392808518" visible="true" version="1" changeset="176218413" timestamp="2025-12-21T13:42:06Z" user="ph4ni" uid="20599849" lat="13.5213328" lon="79.9876078"/>
 <node id="13392808519" visible="true" version="1" changeset="176218413" timestamp="2025-12-21T13:42:06Z" user="ph4ni" uid="20599849" lat="13.5212200" lon="79.9875672"/>
 <node id="13392808520" visible="true" version="1" changeset="176218413" timestamp="2025-12-21T13:42:06Z" user="ph4ni" uid="20599849" lat="13.5194078" lon="79.9880201"/>
 <node id="13392808521" visible="true" version="1" changeset="176218413" timestamp="2025-12-21T13:42:06Z" user="ph4ni" uid="20599849" lat="13.5189484" lon="79.9880948"/>
 <node id="13392808522" visible="true" version="1" changeset="176218413" timestamp="2025-12-21T13:42:06Z" user="ph4ni" uid="20599849" lat="13.5186497" lon="79.9879847"/>
 <node id="13392808523" visible="true" version="1" changeset="176218413" timestamp="2025-12-21T13:42:06Z" user="ph4ni" uid="20599849" lat="13.5182494" lon="79.9877412"/>
 <node id="13392808524" visible="true" version="1" changeset="176218413" timestamp="2025-12-21T13:42:06Z" user="ph4ni" uid="20599849" lat="13.5173701" lon="79.9871266"/>
 <node id="13392808525" visible="true" version="1" changeset="176218413" timestamp="2025-12-21T13:42:06Z" user="ph4ni" uid="20599849" lat="13.5171052" lon="79.9868831"/>
 <node id="13392808526" visible="true" version="1" changeset="176218413" timestamp="2025-12-21T13:42:06Z" user="ph4ni" uid="20599849" lat="13.5168853" lon="79.9866338"/>
 <node id="13392808527" visible="true" version="1" changeset="176218413" timestamp="2025-12-21T13:42:06Z" user="ph4ni" uid="20599849" lat="13.5166204" lon="79.9864889"/>
 <node id="13392808528" visible="true" version="1" changeset="176218413" timestamp="2025-12-21T13:42:06Z" user="ph4ni" uid="20599849" lat="13.5161243" lon="79.9864889"/>
 <node id="13392808529" visible="true" version="1" changeset="176218413" timestamp="2025-12-21T13:42:06Z" user="ph4ni" uid="20599849" lat="13.5156170" lon="79.9865121"/>
 <node id="13392808530" visible="true" version="1" changeset="176218413" timestamp="2025-12-21T13:42:06Z" user="ph4ni" uid="20599849" lat="13.5152112" lon="79.9864599"/>
 <node id="13392808531" visible="true" version="1" changeset="176218413" timestamp="2025-12-21T13:42:06Z" user="ph4ni" uid="20599849" lat="13.5148673" lon="79.9863382"/>
 <node id="13392808532" visible="true" version="1" changeset="176218413" timestamp="2025-12-21T13:42:06Z" user="ph4ni" uid="20599849" lat="13.5145967" lon="79.9861758"/>
 <node id="13392808533" visible="true" version="1" changeset="176218413" timestamp="2025-12-21T13:42:06Z" user="ph4ni" uid="20599849" lat="13.5144389" lon="79.9859613"/>
 <node id="13392808534" visible="true" version="1" changeset="176218413" timestamp="2025-12-21T13:42:06Z" user="ph4ni" uid="20599849" lat="13.5144784" lon="79.9854917"/>
 <node id="13392808535" visible="true" version="1" changeset="176218413" timestamp="2025-12-21T13:42:06Z" user="ph4ni" uid="20599849" lat="13.5145235" lon="79.9852251"/>
 <node id="13392808536" visible="true" version="1" changeset="176218413" timestamp="2025-12-21T13:42:06Z" user="ph4ni" uid="20599849" lat="13.5146193" lon="79.9848888"/>
 <node id="13392808537" visible="true" version="1" changeset="176218413" timestamp="2025-12-21T13:42:06Z" user="ph4ni" uid="20599849" lat="13.5146644" lon="79.9846337"/>
 <node id="13392808538" visible="true" version="1" changeset="176218413" timestamp="2025-12-21T13:42:06Z" user="ph4ni" uid="20599849" lat="13.5147320" lon="79.9841061"/>
 <node id="13392808539" visible="true" version="1" changeset="176218413" timestamp="2025-12-21T13:42:06Z" user="ph4ni" uid="20599849" lat="13.5146757" lon="79.9838858"/>
 <node id="13392808540" visible="true" version="1" changeset="176218413" timestamp="2025-12-21T13:42:06Z" user="ph4ni" uid="20599849" lat="13.5143825" lon="79.9836887"/>
 <node id="13392808541" visible="true" version="1" changeset="176218413" timestamp="2025-12-21T13:42:06Z" user="ph4ni" uid="20599849" lat="13.5140387" lon="79.9835902"/>
 <node id="13392808542" visible="true" version="1" changeset="176218413" timestamp="2025-12-21T13:42:06Z" user="ph4ni" uid="20599849" lat="13.5137343" lon="79.9836250"/>
 <node id="13392808543" visible="true" version="1" changeset="176218413" timestamp="2025-12-21T13:42:06Z" user="ph4ni" uid="20599849" lat="13.5119474" lon="79.9835148"/>
 <node id="13392808544" visible="true" version="1" changeset="176218413" timestamp="2025-12-21T13:42:06Z" user="ph4ni" uid="20599849" lat="13.5117839" lon="79.9834742"/>
 <node id="13392808545" visible="true" version="1" changeset="176218413" timestamp="2025-12-21T13:42:06Z" user="ph4ni" uid="20599849" lat="13.5116824" lon="79.9834394"/>
 <node id="13392808546" visible="true" version="1" changeset="176218413" timestamp="2025-12-21T13:42:06Z" user="ph4ni" uid="20599849" lat="13.5116204" lon="79.9830974"/>
 <node id="13392808547" visible="true" version="1" changeset="176218413" timestamp="2025-12-21T13:42:06Z" user="ph4ni" uid="20599849" lat="13.5115302" lon="79.9824365"/>
 <node id="13392808548" visible="true" version="1" changeset="176218413" timestamp="2025-12-21T13:42:06Z" user="ph4ni" uid="20599849" lat="13.5115471" lon="79.9819669"/>
 <node id="13392808549" visible="true" version="1" changeset="176218413" timestamp="2025-12-21T13:42:06Z" user="ph4ni" uid="20599849" lat="13.5116937" lon="79.9812422"/>
 <node id="13392808550" visible="true" version="1" changeset="176218413" timestamp="2025-12-21T13:42:06Z" user="ph4ni" uid="20599849" lat="13.5120017" lon="79.9807300"/>
 <node id="13392808551" visible="true" version="1" changeset="176218413" timestamp="2025-12-21T13:42:06Z" user="ph4ni" uid="20599849" lat="13.5120714" lon="79.9806045"/>
 <node id="13392808552" visible="true" version="1" changeset="176218413" timestamp="2025-12-21T13:42:06Z" user="ph4ni" uid="20599849" lat="13.5118515" lon="79.9800885"/>
 <node id="13392808553" visible="true" version="1" changeset="176218413" timestamp="2025-12-21T13:42:06Z" user="ph4ni" uid="20599849" lat="13.5118797" lon="79.9800015"/>
 <node id="13392808554" visible="true" version="1" changeset="176218413" timestamp="2025-12-21T13:42:06Z" user="ph4ni" uid="20599849" lat="13.5120996" lon="79.9792943"/>
 <node id="13392808555" visible="true" version="1" changeset="176218413" timestamp="2025-12-21T13:42:06Z" user="ph4ni" uid="20599849" lat="13.5121334" lon="79.9789812"/>
 <node id="13392808556" visible="true" version="1" changeset="176218413" timestamp="2025-12-21T13:42:06Z" user="ph4ni" uid="20599849" lat="13.5120770" lon="79.9788305"/>
 <node id="13392808557" visible="true" version="1" changeset="176218413" timestamp="2025-12-21T13:42:06Z" user="ph4ni" uid="20599849" lat="13.5119305" lon="79.9787029"/>
 <node id="13392808558" visible="true" version="1" changeset="176218413" timestamp="2025-12-21T13:42:06Z" user="ph4ni" uid="20599849" lat="13.5117839" lon="79.9786217"/>
 <node id="13392808559" visible="true" version="1" changeset="176218413" timestamp="2025-12-21T13:42:06Z" user="ph4ni" uid="20599849" lat="13.5115020" lon="79.9784420"/>
 <node id="13392808560" visible="true" version="1" changeset="176218413" timestamp="2025-12-21T13:42:06Z" user="ph4ni" uid="20599849" lat="13.5110116" lon="79.9781522"/>
 <node id="13392808561" visible="true" version="1" changeset="176218413" timestamp="2025-12-21T13:42:06Z" user="ph4ni" uid="20599849" lat="13.5107692" lon="79.9779666"/>
 <node id="13392808562" visible="true" version="1" changeset="176218413" timestamp="2025-12-21T13:42:06Z" user="ph4ni" uid="20599849" lat="13.5106621" lon="79.9777000"/>
 <node id="13392808563" visible="true" version="1" changeset="176218413" timestamp="2025-12-21T13:42:06Z" user="ph4ni" uid="20599849" lat="13.5106283" lon="79.9774043"/>
 <node id="13392808564" visible="true" version="1" changeset="176218413" timestamp="2025-12-21T13:42:06Z" user="ph4ni" uid="20599849" lat="13.5106847" lon="79.9769173"/>
 <node id="13392808565" visible="true" version="1" changeset="176218413" timestamp="2025-12-21T13:42:06Z" user="ph4ni" uid="20599849" lat="13.5107523" lon="79.9765984"/>
 <node id="13392808566" visible="true" version="1" changeset="176218413" timestamp="2025-12-21T13:42:06Z" user="ph4ni" uid="20599849" lat="13.5107072" lon="79.9765231"/>
 <node id="13392808567" visible="true" version="1" changeset="176218413" timestamp="2025-12-21T13:42:06Z" user="ph4ni" uid="20599849" lat="13.5106001" lon="79.9763897"/>
 <node id="13392808568" visible="true" version="1" changeset="176218413" timestamp="2025-12-21T13:42:06Z" user="ph4ni" uid="20599849" lat="13.5105607" lon="79.9762042"/>
 <node id="13392808569" visible="true" version="1" changeset="176218413" timestamp="2025-12-21T13:42:06Z" user="ph4ni" uid="20599849" lat="13.5106396" lon="79.9758390"/>
 <node id="13392808570" visible="true" version="1" changeset="176218413" timestamp="2025-12-21T13:42:06Z" user="ph4ni" uid="20599849" lat="13.5108256" lon="79.9755491"/>
 <node id="13392808571" visible="true" version="1" changeset="176218413" timestamp="2025-12-21T13:42:06Z" user="ph4ni" uid="20599849" lat="13.5108763" lon="79.9754042"/>
 <node id="13392808572" visible="true" version="1" changeset="176218413" timestamp="2025-12-21T13:42:06Z" user="ph4ni" uid="20599849" lat="13.5108651" lon="79.9752302"/>
 <node id="13392808573" visible="true" version="1" changeset="176218413" timestamp="2025-12-21T13:42:06Z" user="ph4ni" uid="20599849" lat="13.5107636" lon="79.9750795"/>
 <node id="13392808574" visible="true" version="1" changeset="176218413" timestamp="2025-12-21T13:42:06Z" user="ph4ni" uid="20599849" lat="13.5106058" lon="79.9749578"/>
 <node id="13392808575" visible="true" version="1" changeset="176218413" timestamp="2025-12-21T13:42:06Z" user="ph4ni" uid="20599849" lat="13.5104479" lon="79.9746563"/>
 <node id="13392808576" visible="true" version="1" changeset="176218413" timestamp="2025-12-21T13:42:06Z" user="ph4ni" uid="20599849" lat="13.5105268" lon="79.9744070"/>
 <node id="13392808577" visible="true" version="1" changeset="176218413" timestamp="2025-12-21T13:42:06Z" user="ph4ni" uid="20599849" lat="13.5105550" lon="79.9742099"/>
 <node id="13392808578" visible="true" version="1" changeset="176218413" timestamp="2025-12-21T13:42:06Z" user="ph4ni" uid="20599849" lat="13.5105212" lon="79.9739548"/>
 <node id="13392808579" visible="true" version="1" changeset="176218413" timestamp="2025-12-21T13:42:06Z" user="ph4ni" uid="20599849" lat="13.5104254" lon="79.9737287"/>
 <node id="13392808580" visible="true" version="1" changeset="176218413" timestamp="2025-12-21T13:42:06Z" user="ph4ni" uid="20599849" lat="13.5102788" lon="79.9736301"/>
 <node id="13392808581" visible="true" version="1" changeset="176218413" timestamp="2025-12-21T13:42:06Z" user="ph4ni" uid="20599849" lat="13.5101210" lon="79.9736649"/>
 <node id="13392808582" visible="true" version="1" changeset="176218413" timestamp="2025-12-21T13:42:06Z" user="ph4ni" uid="20599849" lat="13.5091683" lon="79.9738620"/>
 <node id="13392808583" visible="true" version="1" changeset="176218413" timestamp="2025-12-21T13:42:06Z" user="ph4ni" uid="20599849" lat="13.5089034" lon="79.9738620"/>
 <node id="13392808584" visible="true" version="1" changeset="176218413" timestamp="2025-12-21T13:42:06Z" user="ph4ni" uid="20599849" lat="13.5086892" lon="79.9738620"/>
 <node id="13392808585" visible="true" version="1" changeset="176218413" timestamp="2025-12-21T13:42:06Z" user="ph4ni" uid="20599849" lat="13.5085933" lon="79.9738330"/>
 <node id="13392808586" visible="true" version="1" changeset="176218413" timestamp="2025-12-21T13:42:06Z" user="ph4ni" uid="20599849" lat="13.5085595" lon="79.9737635"/>
 <node id="13392808587" visible="true" version="1" changeset="176218413" timestamp="2025-12-21T13:42:06Z" user="ph4ni" uid="20599849" lat="13.5085031" lon="79.9736069"/>
 <node id="13392808588" visible="true" version="1" changeset="176218413" timestamp="2025-12-21T13:42:06Z" user="ph4ni" uid="20599849" lat="13.5082946" lon="79.9734736"/>
 <node id="13392808589" visible="true" version="1" changeset="176218413" timestamp="2025-12-21T13:42:06Z" user="ph4ni" uid="20599849" lat="13.5080818" lon="79.9734074"/>
 <node id="13392808590" visible="true" version="1" changeset="176218413" timestamp="2025-12-21T13:42:06Z" user="ph4ni" uid="20599849" lat="13.5079255" lon="79.9734308"/>
 <node id="13392808591" visible="true" version="1" changeset="176218413" timestamp="2025-12-21T13:42:06Z" user="ph4ni" uid="20599849" lat="13.5077725" lon="79.9734710"/>
 <node id="13392808592" visible="true" version="1" changeset="176218413" timestamp="2025-12-21T13:42:06Z" user="ph4ni" uid="20599849" lat="13.5076651" lon="79.9734509"/>
 <node id="13392808593" visible="true" version="1" changeset="176218413" timestamp="2025-12-21T13:42:06Z" user="ph4ni" uid="20599849" lat="13.5075576" lon="79.9733906"/>
 <node id="13392808594" visible="true" version="1" changeset="176218413" timestamp="2025-12-21T13:42:06Z" user="ph4ni" uid="20599849" lat="13.5074372" lon="79.9732433"/>
 <node id="13392808595" visible="true" version="1" changeset="176218413" timestamp="2025-12-21T13:42:06Z" user="ph4ni" uid="20599849" lat="13.5074013" lon="79.9731496"/>
 <node id="13392808596" visible="true" version="1" changeset="176218413" timestamp="2025-12-21T13:42:06Z" user="ph4ni" uid="20599849" lat="13.5074599" lon="79.9729721"/>
 <node id="13392808597" visible="true" version="1" changeset="176218413" timestamp="2025-12-21T13:42:06Z" user="ph4ni" uid="20599849" lat="13.5075185" lon="79.9728516"/>
 <node id="13392808598" visible="true" version="1" changeset="176218413" timestamp="2025-12-21T13:42:06Z" user="ph4ni" uid="20599849" lat="13.5075609" lon="79.9727009"/>
 <node id="13392808599" visible="true" version="1" changeset="176218413" timestamp="2025-12-21T13:42:06Z" user="ph4ni" uid="20599849" lat="13.5075478" lon="79.9725067"/>
 <node id="13392808600" visible="true" version="1" changeset="176218413" timestamp="2025-12-21T13:42:06Z" user="ph4ni" uid="20599849" lat="13.5074339" lon="79.9719207"/>
 <node id="13392808601" visible="true" version="1" changeset="176218413" timestamp="2025-12-21T13:42:06Z" user="ph4ni" uid="20599849" lat="13.5075804" lon="79.9714218"/>
 <node id="13392808602" visible="true" version="1" changeset="176218413" timestamp="2025-12-21T13:42:06Z" user="ph4ni" uid="20599849" lat="13.5075706" lon="79.9710669"/>
 <node id="13392808603" visible="true" version="1" changeset="176218413" timestamp="2025-12-21T13:42:06Z" user="ph4ni" uid="20599849" lat="13.5075674" lon="79.9709029"/>
 <node id="13392808604" visible="true" version="1" changeset="176218413" timestamp="2025-12-21T13:42:06Z" user="ph4ni" uid="20599849" lat="13.5076716" lon="79.9705044"/>
 <node id="13392808605" visible="true" version="1" changeset="176218413" timestamp="2025-12-21T13:42:06Z" user="ph4ni" uid="20599849" lat="13.5075023" lon="79.9700323"/>
 <node id="13392808606" visible="true" version="1" changeset="176218413" timestamp="2025-12-21T13:42:06Z" user="ph4ni" uid="20599849" lat="13.5074665" lon="79.9695903"/>
 <node id="13392808607" visible="true" version="1" changeset="176218413" timestamp="2025-12-21T13:42:06Z" user="ph4ni" uid="20599849" lat="13.5075316" lon="79.9692421"/>
 <node id="13392808608" visible="true" version="1" changeset="176218413" timestamp="2025-12-21T13:42:06Z" user="ph4ni" uid="20599849" lat="13.5075283" lon="79.9690847"/>
 <node id="13392808609" visible="true" version="1" changeset="176218413" timestamp="2025-12-21T13:42:06Z" user="ph4ni" uid="20599849" lat="13.5074118" lon="79.9687862"/>
 <node id="13392808614" visible="true" version="1" changeset="176218413" timestamp="2025-12-21T13:42:06Z" user="ph4ni" uid="20599849" lat="13.5193324" lon="79.9881499"/>
 <node id="13392808617" visible="true" version="1" changeset="176218413" timestamp="2025-12-21T13:42:06Z" user="ph4ni" uid="20599849" lat="13.5191795" lon="79.9882115"/>
 <node id="13392808618" visible="true" version="1" changeset="176218413" timestamp="2025-12-21T13:42:06Z" user="ph4ni" uid="20599849" lat="13.5235364" lon="79.9923887"/>
 <node id="13392808619" visible="true" version="1" changeset="176218413" timestamp="2025-12-21T13:42:06Z" user="ph4ni" uid="20599849" lat="13.5231761" lon="79.9924865"/>
 <node id="13392808620" visible="true" version="1" changeset="176218413" timestamp="2025-12-21T13:42:06Z" user="ph4ni" uid="20599849" lat="13.5247873" lon="79.9984721"/>
 <node id="13392808621" visible="true" version="1" changeset="176218413" timestamp="2025-12-21T13:42:06Z" user="ph4ni" uid="20599849" lat="13.5252172" lon="79.9982658"/>
 <node id="13392808622" visible="true" version="1" changeset="176218413" timestamp="2025-12-21T13:42:06Z" user="ph4ni" uid="20599849" lat="13.5246501" lon="79.9981513"/>
 <node id="13392808706" visible="true" version="1" changeset="176218413" timestamp="2025-12-21T13:42:06Z" user="ph4ni" uid="20599849" lat="13.5633911" lon="80.0174721"/>
 <node id="13392808825" visible="true" version="1" changeset="176218413" timestamp="2025-12-21T13:42:06Z" user="ph4ni" uid="20599849" lat="13.5494396" lon="80.0124983"/>
 <node id="13392808877" visible="true" version="1" changeset="176218413" timestamp="2025-12-21T13:42:06Z" user="ph4ni" uid="20599849" lat="13.5730682" lon="80.0399115"/>
 <node id="13392808878" visible="true" version="1" changeset="176218413" timestamp="2025-12-21T13:42:06Z" user="ph4ni" uid="20599849" lat="13.5623097" lon="80.0261904"/>
 <node id="13392808879" visible="true" version="1" changeset="176218413" timestamp="2025-12-21T13:42:06Z" user="ph4ni" uid="20599849" lat="13.5629911" lon="80.0258789"/>
 <node id="13392808880" visible="true" version="1" changeset="176218413" timestamp="2025-12-21T13:42:06Z" user="ph4ni" uid="20599849" lat="13.5737632" lon="80.0399044"/>
 <node id="13392808881" visible="true" version="1" changeset="176218413" timestamp="2025-12-21T13:42:06Z" user="ph4ni" uid="20599849" lat="13.5760976" lon="80.0439125"/>
 <node id="13392808882" visible="true" version="1" changeset="176218413" timestamp="2025-12-21T13:42:06Z" user="ph4ni" uid="20599849" lat="13.5765944" lon="80.0435267"/>
 <node id="13392808894" visible="true" version="1" changeset="176218413" timestamp="2025-12-21T13:42:06Z" user="ph4ni" uid="20599849" lat="13.5759304" lon="80.0436917"/>
 <node id="13392808900" visible="true" version="1" changeset="176218413" timestamp="2025-12-21T13:42:06Z" user="ph4ni" uid="20599849" lat="13.5735960" lon="80.0406085"/>
 <way id="103427918" visible="true" version="10" changeset="176218413" timestamp="2025-12-21T13:42:06Z" user="ph4ni" uid="20599849">
  <nd ref="1194255408"/>
  <nd ref="1194255871"/>
  <nd ref="1194254225"/>
  <nd ref="1194256181"/>
  <nd ref="10923948146"/>
  <nd ref="10923948133"/>
  <nd ref="10923948134"/>
  <nd ref="10923948135"/>
  <nd ref="10923948136"/>
  <nd ref="10923948137"/>
  <nd ref="10923948138"/>
  <nd ref="10923948128"/>
  <nd ref="10923948129"/>
  <nd ref="10923948130"/>
  <nd ref="10923948132"/>
  <nd ref="10923948131"/>
  <nd ref="10923948145"/>
  <nd ref="10923948144"/>
  <nd ref="10923948143"/>
  <nd ref="10923948142"/>
  <nd ref="10923948141"/>
  <nd ref="10923948140"/>
  <nd ref="10923948139"/>
  <nd ref="1194256031"/>
  <nd ref="10923948260"/>
  <nd ref="10923948259"/>
  <nd ref="10923948258"/>
  <nd ref="10923948257"/>
  <nd ref="1194255335"/>
  <nd ref="10923948255"/>
  <nd ref="10923948256"/>
  <nd ref="10923948253"/>
  <nd ref="10923948254"/>
  <nd ref="10923948252"/>
  <nd ref="1194256360"/>
  <nd ref="10923948251"/>
  <nd ref="11769011572"/>
  <nd ref="10923948250"/>
  <nd ref="10923948249"/>
  <nd ref="10923948248"/>
  <nd ref="10923948247"/>
  <nd ref="1194255765"/>
  <nd ref="1194255521"/>
  <nd ref="10923948246"/>
  <nd ref="10923948245"/>
  <nd ref="1194254858"/>
  <nd ref="10923948244"/>
  <nd ref="10923948243"/>
  <nd ref="1194255908"/>
  <nd ref="10923948242"/>
  <nd ref="10923948241"/>
  <nd ref="10923948240"/>
  <nd ref="10923948239"/>
  <nd ref="13392808879"/>
  <nd ref="13392808880"/>
  <nd ref="13392808882"/>
  <nd ref="13392808881"/>
  <nd ref="13392808894"/>
  <nd ref="13392808900"/>
  <nd ref="13392808877"/>
  <nd ref="13392808878"/>
  <nd ref="1194255215"/>
  <nd ref="1194256466"/>
  <nd ref="5922802589"/>
  <nd ref="5922802588"/>
  <nd ref="10923948238"/>
  <nd ref="10923948237"/>
  <nd ref="1194255381"/>
  <nd ref="10923948236"/>
  <nd ref="10923948235"/>
  <nd ref="10923948234"/>
  <nd ref="10923948233"/>
  <nd ref="10923948232"/>
  <nd ref="10923948231"/>
  <nd ref="13392808825"/>
  <nd ref="10923948230"/>
  <nd ref="10923948229"/>
  <nd ref="10923948228"/>
  <nd ref="10923948227"/>
  <nd ref="10923948226"/>
  <nd ref="10923948225"/>
  <nd ref="1194254280"/>
  <nd ref="10923948224"/>
  <nd ref="1194254018"/>
  <nd ref="1194256152"/>
  <nd ref="10923948223"/>
  <nd ref="1194256251"/>
  <nd ref="10923948222"/>
  <nd ref="10923948221"/>
  <nd ref="10923948220"/>
  <nd ref="10923948219"/>
  <nd ref="10923948218"/>
  <nd ref="10923948217"/>
  <nd ref="10923948216"/>
  <nd ref="1194255229"/>
  <nd ref="1194255922"/>
  <nd ref="1194256074"/>
  <nd ref="2858497517"/>
  <nd ref="2858497514"/>
  <nd ref="10923948215"/>
  <nd ref="10923948285"/>
  <nd ref="10923948214"/>
  <nd ref="10923948213"/>
  <nd ref="1194255777"/>
  <nd ref="10923948212"/>
  <nd ref="10923948211"/>
  <nd ref="10923948210"/>
  <nd ref="10923948209"/>
  <nd ref="1194256370"/>
  <nd ref="1194256479"/>
  <nd ref="1194255029"/>
  <nd ref="1194256199"/>
  <nd ref="10923948284"/>
  <nd ref="10923948283"/>
  <nd ref="10923948282"/>
  <nd ref="11541687638"/>
  <nd ref="10923948281"/>
  <nd ref="10923948280"/>
  <nd ref="10923948279"/>
  <nd ref="10923948278"/>
  <nd ref="10923948277"/>
  <nd ref="10923948276"/>
  <nd ref="10923948275"/>
  <nd ref="1194254246"/>
  <nd ref="10923948273"/>
  <nd ref="10923948274"/>
  <nd ref="1194254863"/>
  <nd ref="10923948272"/>
  <nd ref="10923948271"/>
  <nd ref="1194253975"/>
  <nd ref="10923948270"/>
  <nd ref="10923948269"/>
  <nd ref="10923948268"/>
  <nd ref="10923948267"/>
  <nd ref="10923948266"/>
  <nd ref="1194255129"/>
  <nd ref="10923948265"/>
  <nd ref="1194255358"/>
  <nd ref="1194256341"/>
  <nd ref="1194255970"/>
  <nd ref="1194256621"/>
  <nd ref="1194254127"/>
  <nd ref="10923948264"/>
  <nd ref="10923948263"/>
  <nd ref="10923948262"/>
  <nd ref="10923948261"/>
  <nd ref="10923948192"/>
  <nd ref="10923948193"/>
  <nd ref="10923948194"/>
  <nd ref="10923948195"/>
  <nd ref="10923948197"/>
  <nd ref="10923948196"/>
  <nd ref="10923948198"/>
  <nd ref="10923948199"/>
  <nd ref="11527737722"/>
  <nd ref="10923948200"/>
  <nd ref="10923948201"/>
  <nd ref="6508715060"/>
  <nd ref="1194255809"/>
  <nd ref="1194254297"/>
  <nd ref="1194255408"/>
  <tag k="landuse" v="industrial"/>
 </way>
 <way id="180145724" visible="true" version="4" changeset="156166757" timestamp="2024-09-04T03:38:29Z" user="sahilister" uid="11840981">
  <nd ref="5903582480"/>
  <nd ref="5903582507"/>
  <nd ref="1905763422"/>
  <nd ref="5903582518"/>
  <nd ref="1905763421"/>
  <nd ref="5903582483"/>
  <nd ref="5903582484"/>
  <tag k="highway" v="tertiary"/>
  <tag k="name" v="Peepul Boulevard"/>
  <tag k="oneway" v="yes"/>
 </way>
 <way id="180145727" visible="true" version="5" changeset="136496469" timestamp="2023-05-24T11:39:29Z" user="PlaneMad" uid="1306">
  <nd ref="9787698897"/>
  <nd ref="5904433746"/>
  <tag k="highway" v="unclassified"/>
 </way>
 <way id="625243645" visible="true" version="7" changeset="158622451" timestamp="2024-11-01T14:40:47Z" user="uknown-gryphus" uid="2425805">
  <nd ref="12304583924"/>
  <nd ref="12141918662"/>
  <nd ref="1194255032"/>
  <nd ref="10677789729"/>
  <nd ref="5904431460"/>
  <nd ref="12141918609"/>
  <nd ref="5904431461"/>
  <nd ref="5904431462"/>
  <nd ref="12141918653"/>
  <nd ref="5904431463"/>
  <nd ref="12141918646"/>
  <nd ref="12141918647"/>
  <nd ref="5904431464"/>
  <nd ref="12141918626"/>
  <nd ref="12141918635"/>
  <nd ref="12141918631"/>
  <nd ref="5904431465"/>
  <nd ref="5904431466"/>
  <nd ref="5904431467"/>
  <nd ref="5904431468"/>
  <tag k="highway" v="tertiary"/>
  <tag k="name" v="Central Expressway"/>
  <tag k="oneway" v="no"/>
  <tag k="surface" v="asphalt"/>
 </way>
 <way id="625248988" visible="true" version="2" changeset="136496469" timestamp="2023-05-24T11:39:29Z" user="PlaneMad" uid="1306">
  <nd ref="5903582470"/>
  <nd ref="5903582471"/>
  <nd ref="5903582477"/>
  <nd ref="5903582472"/>
  <nd ref="5903582473"/>
  <nd ref="5903582474"/>
  <nd ref="5903582475"/>
  <nd ref="5903582460"/>
  <nd ref="5903582476"/>
  <nd ref="5903582461"/>
  <nd ref="5903582462"/>
  <nd ref="5903582467"/>
  <nd ref="5903582468"/>
  <nd ref="5903582469"/>
  <nd ref="5903582463"/>
  <nd ref="5903582506"/>
  <nd ref="5903582464"/>
  <nd ref="5903582480"/>
  <nd ref="5903582465"/>
  <nd ref="5903582466"/>
  <nd ref="5903582470"/>
  <tag k="highway" v="tertiary"/>
  <tag k="name" v="Peepul Circle"/>
 </way>
 <way id="625248989" visible="true" version="6" changeset="158622451" timestamp="2024-11-01T14:40:47Z" user="uknown-gryphus" uid="2425805">
  <nd ref="5904433783"/>
  <nd ref="5904433902"/>
  <nd ref="12304583942"/>
  <nd ref="9787690073"/>
  <nd ref="1194255042"/>
  <nd ref="5903581780"/>
  <nd ref="1194255244"/>
  <nd ref="5903581781"/>
  <nd ref="1194255957"/>
  <nd ref="5903581782"/>
  <nd ref="1194254898"/>
  <nd ref="5205584667"/>
  <nd ref="1194255652"/>
  <nd ref="5903581783"/>
  <nd ref="5903582401"/>
  <nd ref="1194255791"/>
  <nd ref="9787698908"/>
  <nd ref="5205625235"/>
  <nd ref="9787698906"/>
  <nd ref="12304583941"/>
  <nd ref="1194256380"/>
  <nd ref="1905763437"/>
  <nd ref="9787698896"/>
  <tag k="highway" v="tertiary"/>
  <tag k="lanes" v="2"/>
  <tag k="name" v="Central Expressway"/>
  <tag k="oneway" v="yes"/>
  <tag k="surface" v="asphalt"/>
 </way>
 <way id="625248990" visible="true" version="4" changeset="176218413" timestamp="2025-12-21T13:42:06Z" user="ph4ni" uid="20599849">
  <nd ref="5903582467"/>
  <nd ref="5903582478"/>
  <nd ref="5903582479"/>
  <nd ref="13392808622"/>
  <tag k="highway" v="tertiary"/>
  <tag k="oneway" v="yes"/>
 </way>
 <way id="625248991" visible="true" version="1" changeset="62546935" timestamp="2018-09-13T10:14:05Z" user="uknown-gryphus" uid="2425805">
  <nd ref="5903582473"/>
  <nd ref="5903582482"/>
  <nd ref="1905763426"/>
  <nd ref="5903582481"/>
  <nd ref="1905763428"/>
  <nd ref="1905763425"/>
  <nd ref="1905763424"/>
  <tag k="highway" v="residential"/>
  <tag k="name" v="Coconut Drive"/>
 </way>
 <way id="625248992" visible="true" version="1" changeset="62546935" timestamp="2018-09-13T10:14:05Z" user="uknown-gryphus" uid="2425805">
  <nd ref="5903582475"/>
  <nd ref="5903582482"/>
  <tag k="highway" v="residential"/>
 </way>
 <way id="625248994" visible="true" version="4" changeset="176218413" timestamp="2025-12-21T13:42:06Z" user="ph4ni" uid="20599849">
  <nd ref="1905763418"/>
  <nd ref="5904433767"/>
  <nd ref="13392808619"/>
  <tag k="highway" v="unclassified"/>
 </way>
 <way id="625248995" visible="true" version="4" changeset="156166757" timestamp="2024-09-04T03:38:29Z" user="sahilister" uid="11840981">
  <nd ref="5903582496"/>
  <nd ref="5903582489"/>
  <nd ref="5903582486"/>
  <nd ref="5903582495"/>
  <nd ref="5903582494"/>
  <nd ref="5903582493"/>
  <nd ref="5903582485"/>
  <nd ref="5903582492"/>
  <nd ref="5903582491"/>
  <nd ref="5903582490"/>
  <nd ref="5903582488"/>
  <nd ref="5903582487"/>
  <nd ref="1905763418"/>
  <nd ref="5903582501"/>
  <nd ref="5903582500"/>
  <nd ref="5903582499"/>
  <nd ref="5903582498"/>
  <nd ref="5903582484"/>
  <nd ref="5903582497"/>
  <nd ref="5903582496"/>
  <tag k="highway" v="tertiary"/>
  <tag k="junction" v="roundabout"/>
  <tag k="oneway" v="yes"/>
 </way>
 <way id="625248996" visible="true" version="3" changeset="156166757" timestamp="2024-09-04T03:38:29Z" user="sahilister" uid="11840981">
  <nd ref="5903582499"/>
  <nd ref="5903582502"/>
  <nd ref="5903582503"/>
  <nd ref="5903582509"/>
  <nd ref="5903582504"/>
  <nd ref="5903582505"/>
  <nd ref="5903582508"/>
  <nd ref="5903582537"/>
  <nd ref="5903582506"/>
  <tag k="highway" v="tertiary"/>
  <tag k="name" v="Peepul Boulevard"/>
  <tag k="oneway" v="yes"/>
 </way>
 <way id="625248997" visible="true" version="2" changeset="136496469" timestamp="2023-05-24T11:39:29Z" user="PlaneMad" uid="1306">
  <nd ref="5903582507"/>
  <nd ref="5903582508"/>
  <tag k="highway" v="unclassified"/>
 </way>
 <way id="625248998" visible="true" version="2" changeset="62833435" timestamp="2018-09-22T18:33:20Z" user="uknown-gryphus" uid="2425805">
  <nd ref="5903582510"/>
  <nd ref="5903582511"/>
  <nd ref="5903582512"/>
  <nd ref="5903582513"/>
  <nd ref="5903582514"/>
  <nd ref="5903582515"/>
  <nd ref="5903582516"/>
  <nd ref="5903582517"/>
  <nd ref="5903582510"/>
  <tag k="building" v="commercial"/>
  <tag k="name" v="SriCity Business Centre"/>
 </way>
 <way id="625248999" visible="true" version="1" changeset="62546935" timestamp="2018-09-13T10:14:06Z" user="uknown-gryphus" uid="2425805">
  <nd ref="5903582518"/>
  <nd ref="5903582519"/>
  <nd ref="5903582520"/>
  <nd ref="5903582521"/>
  <nd ref="5903582522"/>
  <nd ref="5903582523"/>
  <nd ref="5903582524"/>
  <nd ref="5903582525"/>
  <nd ref="5903582526"/>
  <nd ref="5903582527"/>
  <nd ref="5903582528"/>
  <nd ref="5903582529"/>
  <nd ref="5903582530"/>
  <nd ref="5903582531"/>
  <nd ref="5903582532"/>
  <nd ref="5903582533"/>
  <nd ref="5903582534"/>
  <tag k="highway" v="service"/>
  <tag k="service" v="driveway"/>
 </way>
 <way id="625249000" visible="true" version="1" changeset="62546935" timestamp="2018-09-13T10:14:06Z" user="uknown-gryphus" uid="2425805">
  <nd ref="5903582525"/>
  <nd ref="5903582535"/>
  <nd ref="5903582536"/>
  <nd ref="5903582531"/>
  <tag k="highway" v="service"/>
  <tag k="service" v="driveway"/>
 </way>
 <way id="625249001" visible="true" version="1" changeset="62546935" timestamp="2018-09-13T10:14:06Z" user="uknown-gryphus" uid="2425805">
  <nd ref="5903582537"/>
  <nd ref="5903582538"/>
  <nd ref="5903582539"/>
  <nd ref="5903582540"/>
  <nd ref="5903582541"/>
  <nd ref="5903582542"/>
  <nd ref="5903582543"/>
  <nd ref="5903582544"/>
  <nd ref="5903582538"/>
  <tag k="highway" v="service"/>
  <tag k="service" v="driveway"/>
 </way>
 <way id="625249002" visible="true" version="1" changeset="62546935" timestamp="2018-09-13T10:14:06Z" user="uknown-gryphus" uid="2425805">
  <nd ref="5903582545"/>
  <nd ref="5903582546"/>
  <nd ref="5903582547"/>
  <nd ref="5903582548"/>
  <nd ref="5903582545"/>
  <tag k="building" v="yes"/>
 </way>
 <way id="625320726" visible="true" version="3" changeset="158622451" timestamp="2024-11-01T14:40:47Z" user="uknown-gryphus" uid="2425805">
  <nd ref="5904431482"/>
  <nd ref="5904433702"/>
  <nd ref="1905763413"/>
  <nd ref="1905763414"/>
  <nd ref="1905763415"/>
  <nd ref="12304583935"/>
  <nd ref="1905763419"/>
  <tag k="highway" v="unclassified"/>
  <tag k="name" v="Cannon Road"/>
 </way>
 <way id="625320727" visible="true" version="3" changeset="156166757" timestamp="2024-09-04T03:38:29Z" user="sahilister" uid="11840981">
  <nd ref="5904431484"/>
  <nd ref="5904433715"/>
  <nd ref="5903582489"/>
  <tag k="highway" v="tertiary"/>
 </way>
 <way id="625320729" visible="true" version="3" changeset="155875119" timestamp="2024-08-28T11:21:14Z" user="sahilister" uid="11840981">
  <nd ref="5904433702"/>
  <nd ref="5904433704"/>
  <nd ref="12141918655"/>
  <nd ref="5904433703"/>
  <tag k="highway" v="unclassified"/>
 </way>
 <way id="625320730" visible="true" version="3" changeset="156166757" timestamp="2024-09-04T03:38:29Z" user="sahilister" uid="11840981">
  <nd ref="5903582494"/>
  <nd ref="5904433716"/>
  <nd ref="5904433701"/>
  <tag k="highway" v="tertiary"/>
 </way>
 <way id="625320735" visible="true" version="2" changeset="136496469" timestamp="2023-05-24T11:39:29Z" user="PlaneMad" uid="1306">
  <nd ref="5904433744"/>
  <nd ref="1905763438"/>
  <nd ref="5904433772"/>
  <nd ref="1905763439"/>
  <tag k="highway" v="unclassified"/>
 </way>
 <way id="625320736" visible="true" version="4" changeset="156166757" timestamp="2024-09-04T03:38:29Z" user="sahilister" uid="11840981">
  <nd ref="5904433747"/>
  <nd ref="12154611576"/>
  <nd ref="12154611568"/>
  <nd ref="5904433765"/>
  <nd ref="12154611577"/>
  <nd ref="12141922127"/>
  <nd ref="12154611584"/>
  <nd ref="1905763423"/>
  <nd ref="1905763420"/>
  <tag k="highway" v="unclassified"/>
 </way>
 <way id="625320737" visible="true" version="3" changeset="136496469" timestamp="2023-05-24T11:39:29Z" user="PlaneMad" uid="1306">
  <nd ref="5904433757"/>
  <nd ref="5904433758"/>
  <nd ref="5904433759"/>
  <nd ref="5904433747"/>
  <nd ref="5904433760"/>
  <nd ref="5904433761"/>
  <nd ref="5904433762"/>
  <nd ref="5904433763"/>
  <nd ref="5904433748"/>
  <nd ref="5904433744"/>
  <nd ref="5904433750"/>
  <nd ref="5904433751"/>
  <nd ref="5904433752"/>
  <nd ref="5904433746"/>
  <nd ref="5904433753"/>
  <nd ref="5904433754"/>
  <nd ref="5904433755"/>
  <nd ref="5904433756"/>
  <nd ref="5904433745"/>
  <nd ref="5904433769"/>
  <nd ref="5904433749"/>
  <nd ref="5904433757"/>
  <tag k="highway" v="unclassified"/>
  <tag k="junction" v="roundabout"/>
  <tag k="oneway" v="yes"/>
 </way>
 <way id="625320738" visible="true" version="2" changeset="136496469" timestamp="2023-05-24T11:39:29Z" user="PlaneMad" uid="1306">
  <nd ref="5904433764"/>
  <nd ref="5904433763"/>
  <tag k="highway" v="unclassified"/>
 </way>
 <way id="625320740" visible="true" version="2" changeset="136496469" timestamp="2023-05-24T11:39:29Z" user="PlaneMad" uid="1306">
  <nd ref="5904433767"/>
  <nd ref="5904433768"/>
  <nd ref="5903582488"/>
  <tag k="highway" v="unclassified"/>
 </way>
 <way id="625320741" visible="true" version="2" changeset="136496469" timestamp="2023-05-24T11:39:29Z" user="PlaneMad" uid="1306">
  <nd ref="5904433757"/>
  <nd ref="5904433770"/>
  <nd ref="5904433771"/>
  <tag k="highway" v="unclassified"/>
 </way>
 <way id="625320744" visible="true" version="6" changeset="158622451" timestamp="2024-11-01T14:40:47Z" user="uknown-gryphus" uid="2425805">
  <nd ref="9787698897"/>
  <nd ref="9787698895"/>
  <nd ref="9787698894"/>
  <nd ref="9787698907"/>
  <nd ref="9787698893"/>
  <nd ref="9787698892"/>
  <nd ref="9787698909"/>
  <nd ref="9787698891"/>
  <nd ref="9787698899"/>
  <nd ref="9787698890"/>
  <nd ref="9787698889"/>
  <nd ref="9787698900"/>
  <nd ref="9787698888"/>
  <nd ref="9787698887"/>
  <nd ref="9787698886"/>
  <nd ref="9787698885"/>
  <nd ref="11769005536"/>
  <nd ref="9787698884"/>
  <nd ref="9787698883"/>
  <nd ref="9787698882"/>
  <nd ref="9787698881"/>
  <nd ref="9787698880"/>
  <nd ref="9787698879"/>
  <nd ref="9787698878"/>
  <nd ref="9787698877"/>
  <nd ref="12154611659"/>
  <nd ref="12154611665"/>
  <nd ref="5904433903"/>
  <nd ref="5904433898"/>
  <tag k="highway" v="tertiary"/>
  <tag k="lanes" v="2"/>
  <tag k="name" v="Central Expressway"/>
  <tag k="oneway" v="yes"/>
  <tag k="surface" v="asphalt"/>
 </way>
 <way id="627421738" visible="true" version="2" changeset="136496469" timestamp="2023-05-24T11:39:29Z" user="PlaneMad" uid="1306">
  <nd ref="5904433764"/>
  <nd ref="5904433772"/>
  <tag k="highway" v="unclassified"/>
 </way>
 <way id="627421739" visible="true" version="2" changeset="136496469" timestamp="2023-05-24T11:39:29Z" user="PlaneMad" uid="1306">
  <nd ref="5922802650"/>
  <nd ref="5922802651"/>
  <tag k="highway" v="unclassified"/>
 </way>
 <way id="662158175" visible="true" version="1" changeset="66204754" timestamp="2019-01-10T18:19:41Z" user="maahi_kotha" uid="9345907">
  <nd ref="6199174226"/>
  <nd ref="6199174227"/>
  <nd ref="6199174228"/>
  <nd ref="6199174229"/>
  <nd ref="6199174230"/>
  <nd ref="6199174226"/>
  <tag k="hole" v="hole_1"/>
  <tag k="level" v="-1"/>
  <tag k="natural" v="bare_rock"/>
 </way>
 <way id="693299644" visible="true" version="1" changeset="70731159" timestamp="2019-05-29T12:08:46Z" user="कुमार" uid="9318129">
  <nd ref="6508706274"/>
  <nd ref="6508706273"/>
  <nd ref="6508706272"/>
  <nd ref="6508706271"/>
  <nd ref="6508706270"/>
  <nd ref="6508706274"/>
  <tag k="landuse" v="industrial"/>
 </way>
 <way id="804917744" visible="true" version="1" changeset="85336805" timestamp="2020-05-17T14:35:08Z" user="crisitunity" uid="11023150">
  <nd ref="7529043920"/>
  <nd ref="7529043919"/>
  <nd ref="7529043918"/>
  <nd ref="7529043917"/>
  <nd ref="7529043920"/>
  <tag k="landuse" v="industrial"/>
 </way>
 <way id="1065817084" visible="true" version="4" changeset="176218413" timestamp="2025-12-21T13:42:06Z" user="ph4ni" uid="20599849">
  <nd ref="13392808620"/>
  <nd ref="12304583921"/>
  <nd ref="5903582476"/>
  <tag k="highway" v="tertiary"/>
  <tag k="lanes" v="2"/>
  <tag k="name" v="Central Expressway"/>
  <tag k="oneway" v="yes"/>
  <tag k="surface" v="asphalt"/>
 </way>
 <way id="1175596622" visible="true" version="1" changeset="136496469" timestamp="2023-05-24T11:39:29Z" user="PlaneMad" uid="1306">
  <nd ref="1905763436"/>
  <nd ref="5904433764"/>
  <nd ref="1905763438"/>
  <tag k="highway" v="unclassified"/>
 </way>
 <way id="1175596629" visible="true" version="3" changeset="176218413" timestamp="2025-12-21T13:42:06Z" user="ph4ni" uid="20599849">
  <nd ref="10923948330"/>
  <nd ref="10923948329"/>
  <nd ref="10923948328"/>
  <nd ref="10923948327"/>
  <nd ref="10923948326"/>
  <nd ref="10923948325"/>
  <nd ref="10923948324"/>
  <nd ref="10923948323"/>
  <nd ref="10923948322"/>
  <nd ref="10923948321"/>
  <nd ref="10923948320"/>
  <nd ref="10923948319"/>
  <nd ref="10923948318"/>
  <nd ref="10923948317"/>
  <nd ref="10923948316"/>
  <nd ref="10923948315"/>
  <nd ref="10923948314"/>
  <nd ref="10923948313"/>
  <nd ref="10923948312"/>
  <nd ref="10923948311"/>
  <nd ref="10923948310"/>
  <nd ref="10923948309"/>
  <nd ref="10923948308"/>
  <nd ref="10923948307"/>
  <nd ref="10923948306"/>
  <nd ref="10923948305"/>
  <nd ref="10923948304"/>
  <nd ref="10923948303"/>
  <nd ref="10923948302"/>
  <nd ref="10923948301"/>
  <nd ref="10923948300"/>
  <nd ref="10923948299"/>
  <nd ref="10923948298"/>
  <nd ref="12304583927"/>
  <nd ref="10923948297"/>
  <nd ref="10923948296"/>
  <nd ref="10923948295"/>
  <nd ref="10923948294"/>
  <nd ref="10923948293"/>
  <nd ref="10923948292"/>
  <nd ref="10923948291"/>
  <nd ref="10923948290"/>
  <nd ref="10923948289"/>
  <nd ref="10923948288"/>
  <nd ref="10923948287"/>
  <nd ref="10923948286"/>
  <nd ref="13392808511"/>
  <nd ref="10923948330"/>
  <tag k="natural" v="water"/>
  <tag k="water" v="reservoir"/>
 </way>
 <way id="1175596630" visible="true" version="2" changeset="176218413" timestamp="2025-12-21T13:42:06Z" user="ph4ni" uid="20599849">
  <nd ref="10923948345"/>
  <nd ref="10923948344"/>
  <nd ref="10923948343"/>
  <nd ref="10923948342"/>
  <nd ref="13392808512"/>
  <nd ref="10923948341"/>
  <nd ref="10923948340"/>
  <nd ref="10923948339"/>
  <nd ref="10923948338"/>
  <nd ref="10923948337"/>
  <nd ref="10923948336"/>
  <nd ref="10923948335"/>
  <nd ref="10923948334"/>
  <nd ref="10923948333"/>
  <nd ref="10923948332"/>
  <nd ref="10923948331"/>
  <nd ref="13392808514"/>
  <nd ref="10923948345"/>
  <tag k="natural" v="water"/>
 </way>
 <way id="1175596631" visible="true" version="2" changeset="176218413" timestamp="2025-12-21T13:42:06Z" user="ph4ni" uid="20599849">
  <nd ref="10923948356"/>
  <nd ref="13392808515"/>
  <nd ref="10923948355"/>
  <nd ref="10923948354"/>
  <nd ref="10923948353"/>
  <nd ref="10923948352"/>
  <nd ref="10923948351"/>
  <nd ref="10923948350"/>
  <nd ref="13392808520"/>
  <nd ref="10923948349"/>
  <nd ref="10923948348"/>
  <nd ref="10923948347"/>
  <nd ref="10923948346"/>
  <nd ref="10923948356"/>
  <tag k="natural" v="water"/>
 </way>
 <way id="1240727695" visible="true" version="1" changeset="146401550" timestamp="2024-01-18T11:46:41Z" user="slautenb" uid="8094367">
  <nd ref="11527737709"/>
  <nd ref="11527737708"/>
  <nd ref="11527737707"/>
  <nd ref="11527737706"/>
  <nd ref="11527737709"/>
  <tag k="building" v="yes"/>
 </way>
 <way id="1240727696" visible="true" version="1" changeset="146401550" timestamp="2024-01-18T11:46:41Z" user="slautenb" uid="8094367">
  <nd ref="11527737713"/>
  <nd ref="11527737712"/>
  <nd ref="11527737711"/>
  <nd ref="11527737710"/>
  <nd ref="11527737713"/>
  <tag k="building" v="yes"/>
 </way>
 <way id="1240727697" visible="true" version="1" changeset="146401550" timestamp="2024-01-18T11:46:41Z" user="slautenb" uid="8094367">
  <nd ref="11527737717"/>
  <nd ref="11527737716"/>
  <nd ref="11527737715"/>
  <nd ref="11527737714"/>
  <nd ref="11527737717"/>
  <tag k="building" v="yes"/>
 </way>
 <way id="1240727698" visible="true" version="1" changeset="146401550" timestamp="2024-01-18T11:46:41Z" user="slautenb" uid="8094367">
  <nd ref="11527737721"/>
  <nd ref="11527737718"/>
  <nd ref="11527737719"/>
  <nd ref="11527737720"/>
  <nd ref="11527737721"/>
  <tag k="building" v="yes"/>
 </way>
 <way id="1242083989" visible="true" version="1" changeset="146571864" timestamp="2024-01-22T22:29:50Z" user="slautenb" uid="8094367">
  <nd ref="11541258065"/>
  <nd ref="11541258064"/>
  <nd ref="11541258063"/>
  <nd ref="11541258066"/>
  <nd ref="11541258067"/>
  <nd ref="11541687570"/>
  <nd ref="11541687569"/>
  <nd ref="11541258068"/>
  <nd ref="11541258065"/>
  <tag k="building" v="yes"/>
 </way>
 <way id="1242083992" visible="true" version="1" changeset="146571864" timestamp="2024-01-22T22:29:50Z" user="slautenb" uid="8094367">
  <nd ref="11541687582"/>
  <nd ref="11541687581"/>
  <nd ref="11541687580"/>
  <nd ref="11541687579"/>
  <nd ref="11541687582"/>
  <tag k="building" v="yes"/>
 </way>
 <way id="1242083995" visible="true" version="1" changeset="146571864" timestamp="2024-01-22T22:29:50Z" user="slautenb" uid="8094367">
  <nd ref="11541687594"/>
  <nd ref="11541687591"/>
  <nd ref="11541687592"/>
  <nd ref="11541687593"/>
  <nd ref="11541687594"/>
  <tag k="building" v="yes"/>
 </way>
 <way id="1274243498" visible="true" version="2" changeset="176218413" timestamp="2025-12-21T13:42:06Z" user="ph4ni" uid="20599849">
  <nd ref="13392808609"/>
  <nd ref="13392808608"/>
  <nd ref="13392808607"/>
  <nd ref="13392808606"/>
  <nd ref="13392808605"/>
  <nd ref="13392808604"/>
  <nd ref="13392808603"/>
  <nd ref="13392808602"/>
  <nd ref="13392808601"/>
  <nd ref="13392808600"/>
  <nd ref="13392808599"/>
  <nd ref="13392808598"/>
  <nd ref="13392808597"/>
  <nd ref="13392808596"/>
  <nd ref="13392808595"/>
  <nd ref="13392808594"/>
  <nd ref="13392808593"/>
  <nd ref="13392808592"/>
  <nd ref="13392808591"/>
  <nd ref="13392808590"/>
  <nd ref="13392808589"/>
  <nd ref="13392808588"/>
  <nd ref="13392808587"/>
  <nd ref="13392808586"/>
  <nd ref="13392808585"/>
  <nd ref="13392808584"/>
  <nd ref="13392808583"/>
  <nd ref="13392808582"/>
  <nd ref="13392808581"/>
  <nd ref="13392808580"/>
  <nd ref="13392808579"/>
  <nd ref="13392808578"/>
  <nd ref="13392808577"/>
  <nd ref="13392808576"/>
  <nd ref="13392808575"/>
  <nd ref="13392808574"/>
  <nd ref="13392808573"/>
  <nd ref="13392808572"/>
  <nd ref="13392808571"/>
  <nd ref="13392808570"/>
  <nd ref="13392808569"/>
  <nd ref="13392808568"/>
  <nd ref="13392808567"/>
  <nd ref="13392808566"/>
  <nd ref="13392808565"/>
  <nd ref="13392808564"/>
  <nd ref="13392808563"/>
  <nd ref="13392808562"/>
  <nd ref="13392808561"/>
  <nd ref="13392808560"/>
  <nd ref="13392808559"/>
  <nd ref="13392808558"/>
  <nd ref="13392808557"/>
  <nd ref="13392808556"/>
  <nd ref="13392808555"/>
  <nd ref="13392808554"/>
  <nd ref="13392808553"/>
  <nd ref="13392808552"/>
  <nd ref="13392808551"/>
  <nd ref="13392808550"/>
  <nd ref="13392808549"/>
  <nd ref="13392808548"/>
  <nd ref="13392808547"/>
  <nd ref="13392808546"/>
  <nd ref="13392808545"/>
  <nd ref="13392808544"/>
  <nd ref="13392808543"/>
  <nd ref="13392808542"/>
  <nd ref="13392808541"/>
  <nd ref="13392808540"/>
  <nd ref="13392808539"/>
  <nd ref="13392808538"/>
  <nd ref="13392808537"/>
  <nd ref="13392808536"/>
  <nd ref="13392808535"/>
  <nd ref="13392808534"/>
  <nd ref="13392808533"/>
  <nd ref="13392808532"/>
  <nd ref="13392808531"/>
  <nd ref="13392808530"/>
  <nd ref="13392808529"/>
  <nd ref="13392808528"/>
  <nd ref="13392808527"/>
  <nd ref="13392808526"/>
  <nd ref="13392808525"/>
  <nd ref="13392808524"/>
  <nd ref="13392808523"/>
  <nd ref="13392808522"/>
  <nd ref="13392808521"/>
  <nd ref="13392808520"/>
  <nd ref="13392808519"/>
  <nd ref="13392808518"/>
  <nd ref="13392808517"/>
  <nd ref="13392808516"/>
  <nd ref="13392808515"/>
  <nd ref="13392808514"/>
  <nd ref="13392808513"/>
  <nd ref="13392808512"/>
  <nd ref="13392808511"/>
  <nd ref="13392808510"/>
  <nd ref="13392808509"/>
  <nd ref="13392808508"/>
  <nd ref="13392808507"/>
  <nd ref="13392808506"/>
  <nd ref="13392808505"/>
  <nd ref="13392808504"/>
  <nd ref="13392808503"/>
  <nd ref="13392808502"/>
  <nd ref="13392793598"/>
  <nd ref="13392793597"/>
  <nd ref="13392793596"/>
  <nd ref="10923948308"/>
  <nd ref="13392793595"/>
  <nd ref="13392793594"/>
  <nd ref="13392793593"/>
  <nd ref="13392793592"/>
  <nd ref="13392793591"/>
  <nd ref="13392793590"/>
  <nd ref="13392793589"/>
  <nd ref="13392793588"/>
  <nd ref="13392793587"/>
  <nd ref="13392793586"/>
  <nd ref="13392793585"/>
  <nd ref="13392793584"/>
  <nd ref="13392793583"/>
  <nd ref="13392793582"/>
  <nd ref="13392793581"/>
  <nd ref="13392793580"/>
  <nd ref="13392793579"/>
  <nd ref="13392793578"/>
  <nd ref="13392793577"/>
  <nd ref="13392793576"/>
  <nd ref="13392793575"/>
  <nd ref="13392793574"/>
  <nd ref="13392793573"/>
  <nd ref="13392793572"/>
  <nd ref="13392793571"/>
  <nd ref="13392793570"/>
  <nd ref="13392793569"/>
  <nd ref="13392793568"/>
  <nd ref="13392793567"/>
  <nd ref="13392793566"/>
  <nd ref="13392793565"/>
  <nd ref="13392793564"/>
  <nd ref="13392793563"/>
  <nd ref="13392793562"/>
  <nd ref="13392793561"/>
  <nd ref="13392793560"/>
  <nd ref="13392793559"/>
  <nd ref="13392793558"/>
  <nd ref="13392793557"/>
  <nd ref="13392793556"/>
  <nd ref="13392793555"/>
  <nd ref="13392793554"/>
  <nd ref="13392793553"/>
  <nd ref="13392793552"/>
  <nd ref="13392793551"/>
  <nd ref="13392793550"/>
  <nd ref="13392793549"/>
  <nd ref="13392793548"/>
  <nd ref="13392793547"/>
  <nd ref="13392793546"/>
  <nd ref="13392793545"/>
  <nd ref="13392793544"/>
  <nd ref="13392793543"/>
  <nd ref="13392793542"/>
  <nd ref="13392793541"/>
  <nd ref="13392793540"/>
  <nd ref="13392793539"/>
  <nd ref="13392793538"/>
  <nd ref="13392793537"/>
  <nd ref="13392793536"/>
  <nd ref="13392793535"/>
  <nd ref="13392793534"/>
  <nd ref="13392793533"/>
  <nd ref="13392793532"/>
  <nd ref="13392793531"/>
  <nd ref="11831486041"/>
  <nd ref="11831486040"/>
  <nd ref="11831486039"/>
  <nd ref="11831486038"/>
  <nd ref="11831486037"/>
  <nd ref="11831486036"/>
  <nd ref="11831486035"/>
  <nd ref="11831486034"/>
  <nd ref="11831486033"/>
  <nd ref="11831486032"/>
  <nd ref="11831486031"/>
  <nd ref="11831486030"/>
  <nd ref="11831486029"/>
  <nd ref="11831486028"/>
  <nd ref="11831486027"/>
  <nd ref="11831486026"/>
  <nd ref="11831486025"/>
  <nd ref="11831486024"/>
  <nd ref="11831486023"/>
  <nd ref="11831486022"/>
  <nd ref="11831486021"/>
  <nd ref="11831486020"/>
  <nd ref="11831486019"/>
  <nd ref="11831486018"/>
  <nd ref="11831486017"/>
  <nd ref="11831486016"/>
  <nd ref="11831486015"/>
  <nd ref="11831486014"/>
  <nd ref="11831486013"/>
  <nd ref="11831486012"/>
  <nd ref="11831486011"/>
  <nd ref="11831486010"/>
  <nd ref="11831486009"/>
  <nd ref="11831486008"/>
  <nd ref="11831486007"/>
  <nd ref="11831486006"/>
  <nd ref="11831486005"/>
  <nd ref="11831486004"/>
  <nd ref="11831486003"/>
  <nd ref="11831486002"/>
  <nd ref="11831486001"/>
  <nd ref="11831486000"/>
  <nd ref="11831485999"/>
  <nd ref="13392808706"/>
  <nd ref="11831485998"/>
  <nd ref="11831485997"/>
  <nd ref="11831485996"/>
  <nd ref="11831486235"/>
  <nd ref="11831485995"/>
  <nd ref="11831485994"/>
  <nd ref="11831485993"/>
  <nd ref="11831485992"/>
  <nd ref="11831485991"/>
  <nd ref="11831485990"/>
  <nd ref="11831485989"/>
  <tag k="waterway" v="stream"/>
 </way>
 <way id="1304041291" visible="true" version="1" changeset="154473640" timestamp="2024-07-27T09:06:21Z" user="Heinz_V" uid="91490">
  <nd ref="6981545742"/>
  <nd ref="12076570836"/>
  <nd ref="12076570837"/>
  <nd ref="12076570838"/>
  <nd ref="12076570839"/>
  <nd ref="12076570840"/>
  <nd ref="12076570841"/>
  <nd ref="12076570842"/>
  <nd ref="12076570843"/>
  <nd ref="12076570844"/>
  <nd ref="12076570845"/>
  <nd ref="12076570846"/>
  <nd ref="12076570847"/>
  <nd ref="12076570848"/>
  <nd ref="12076570849"/>
  <nd ref="12076570850"/>
  <nd ref="12076570851"/>
  <nd ref="12076570852"/>
  <nd ref="12076570853"/>
  <nd ref="12076570854"/>
  <nd ref="12076570855"/>
  <nd ref="12076570856"/>
  <nd ref="12076570857"/>
  <nd ref="12076570858"/>
  <nd ref="12076570859"/>
  <nd ref="12076570860"/>
  <nd ref="12076570861"/>
  <nd ref="12076570862"/>
  <nd ref="12076570863"/>
  <nd ref="12076570864"/>
  <nd ref="12076570865"/>
  <nd ref="12076570866"/>
  <nd ref="12076570867"/>
  <nd ref="12076570868"/>
  <nd ref="12076575769"/>
  <nd ref="12076575770"/>
  <nd ref="12076575771"/>
  <nd ref="12076575772"/>
  <nd ref="12076575773"/>
  <nd ref="12076575774"/>
  <nd ref="12076575775"/>
  <nd ref="12076575776"/>
  <nd ref="12076575777"/>
  <nd ref="12076575778"/>
  <nd ref="12076575779"/>
  <nd ref="12076575780"/>
  <nd ref="12076575781"/>
  <nd ref="12076575782"/>
  <nd ref="12076575783"/>
  <nd ref="12076575784"/>
  <nd ref="12076575785"/>
  <nd ref="12076575786"/>
  <nd ref="12076575787"/>
  <nd ref="12076575788"/>
  <nd ref="12076575789"/>
  <nd ref="12076575790"/>
  <nd ref="12076575791"/>
  <nd ref="12076575792"/>
  <nd ref="12076575793"/>
  <nd ref="12076575794"/>
  <nd ref="12076575795"/>
  <nd ref="12076575796"/>
  <nd ref="12076575797"/>
  <nd ref="12076575798"/>
  <nd ref="12076575799"/>
  <nd ref="12076575800"/>
  <nd ref="12076575801"/>
  <nd ref="12076575802"/>
  <nd ref="12076575803"/>
  <nd ref="12076575804"/>
  <nd ref="12076575805"/>
  <nd ref="12076575806"/>
  <nd ref="12076575807"/>
  <nd ref="12076575808"/>
  <nd ref="12076575809"/>
  <nd ref="12076575810"/>
  <nd ref="12076575811"/>
  <nd ref="12076575812"/>
  <nd ref="12076575813"/>
  <nd ref="12076575814"/>
  <nd ref="12076575815"/>
  <nd ref="12076575816"/>
  <nd ref="12076575817"/>
  <nd ref="12076575818"/>
  <nd ref="12076575819"/>
  <nd ref="12076575820"/>
  <nd ref="12076575821"/>
  <nd ref="12076575822"/>
  <nd ref="12076575823"/>
  <nd ref="12076575824"/>
  <nd ref="12076575825"/>
  <nd ref="12076575826"/>
  <nd ref="12076575827"/>
  <nd ref="12076575828"/>
  <nd ref="12076575829"/>
  <nd ref="12076575830"/>
  <nd ref="12076575831"/>
  <nd ref="12076575832"/>
  <nd ref="12076575833"/>
  <nd ref="12076575834"/>
  <nd ref="12076575835"/>
  <nd ref="12076575836"/>
  <nd ref="12076575837"/>
  <nd ref="12076575838"/>
  <nd ref="12076575839"/>
  <nd ref="12076575840"/>
  <nd ref="12076575841"/>
  <nd ref="12076575842"/>
  <nd ref="12076575843"/>
  <nd ref="12076575844"/>
  <nd ref="12076575845"/>
  <nd ref="12076575846"/>
  <nd ref="12076575847"/>
  <nd ref="12076575848"/>
  <nd ref="12076575849"/>
  <nd ref="12076575850"/>
  <nd ref="12076575851"/>
  <nd ref="12076575852"/>
  <nd ref="12076575853"/>
  <nd ref="12076575854"/>
  <nd ref="12076575855"/>
  <nd ref="12076575856"/>
  <nd ref="12076575857"/>
  <nd ref="12076575858"/>
  <nd ref="12076575859"/>
  <nd ref="12076575860"/>
  <nd ref="12076575861"/>
  <nd ref="12076575862"/>
  <nd ref="12076575863"/>
  <nd ref="12076575864"/>
  <nd ref="12076575865"/>
  <nd ref="12076575866"/>
  <nd ref="12076575867"/>
  <nd ref="12076575868"/>
  <nd ref="12076575869"/>
  <nd ref="12076575870"/>
  <nd ref="12076575871"/>
  <nd ref="12076575872"/>
  <nd ref="12076575873"/>
  <nd ref="12076575874"/>
  <nd ref="12076575875"/>
  <nd ref="12076575876"/>
  <nd ref="12076575877"/>
  <nd ref="12076575878"/>
  <nd ref="12076575879"/>
  <nd ref="12076575880"/>
  <nd ref="12076575881"/>
  <nd ref="12076575882"/>
  <nd ref="12076575883"/>
  <nd ref="12076575884"/>
  <nd ref="12076575885"/>
  <nd ref="12076575886"/>
  <nd ref="12076575887"/>
  <nd ref="12076575888"/>
  <nd ref="12076575889"/>
  <nd ref="12076575890"/>
  <nd ref="12076575891"/>
  <nd ref="12076575892"/>
  <nd ref="12076575893"/>
  <nd ref="12076575894"/>
  <nd ref="12076575895"/>
  <nd ref="12076575896"/>
  <nd ref="12076575897"/>
  <nd ref="12076575898"/>
  <nd ref="12076575899"/>
  <nd ref="12076575900"/>
  <nd ref="12076575901"/>
  <nd ref="12076575902"/>
  <nd ref="12076575903"/>
  <nd ref="12076575904"/>
  <nd ref="12076575905"/>
  <nd ref="12076575906"/>
  <nd ref="12076575907"/>
  <nd ref="12076575908"/>
  <nd ref="12076575909"/>
  <nd ref="12076575910"/>
  <nd ref="12076575911"/>
  <nd ref="12076575912"/>
  <nd ref="12076575913"/>
  <nd ref="12076575914"/>
  <nd ref="12076575915"/>
  <nd ref="12076575916"/>
  <nd ref="12076575917"/>
  <nd ref="12076575918"/>
  <nd ref="12076575919"/>
  <nd ref="12076575920"/>
  <nd ref="12076575921"/>
  <nd ref="12076575922"/>
  <nd ref="12076575923"/>
  <nd ref="12076575924"/>
  <nd ref="12076575925"/>
  <nd ref="12076575926"/>
  <nd ref="12076575927"/>
  <nd ref="12076575928"/>
  <nd ref="12076575929"/>
  <nd ref="12076575930"/>
  <nd ref="12076575931"/>
  <nd ref="12076575932"/>
  <nd ref="12076575933"/>
  <nd ref="1194255136"/>
  <nd ref="12076552217"/>
  <nd ref="12076552218"/>
  <nd ref="582033527"/>
  <nd ref="12076552219"/>
  <nd ref="5493945233"/>
  <nd ref="5493945234"/>
  <nd ref="582033526"/>
  <tag k="admin_level" v="4"/>
  <tag k="boundary" v="administrative"/>
  <tag k="source" v="bing"/>
 </way>
 <way id="1311751403" visible="true" version="1" changeset="155875119" timestamp="2024-08-28T11:21:14Z" user="sahilister" uid="11840981">
  <nd ref="12141918655"/>
  <nd ref="12141918658"/>
  <nd ref="12141918656"/>
  <tag k="highway" v="service"/>
 </way>
 <way id="1311751405" visible="true" version="1" changeset="155875119" timestamp="2024-08-28T11:21:14Z" user="sahilister" uid="11840981">
  <nd ref="12141918657"/>
  <nd ref="12141918659"/>
  <nd ref="12141918656"/>
  <nd ref="12141918660"/>
  <tag k="highway" v="service"/>
 </way>
 <way id="1311751406" visible="true" version="6" changeset="175149287" timestamp="2025-11-26T11:09:32Z" user="shimshaola" uid="22355702">
  <nd ref="12141918661"/>
  <nd ref="13315729671"/>
  <nd ref="13315836505"/>
  <nd ref="13315729645"/>
  <nd ref="13315729646"/>
  <tag k="access" v="private"/>
  <tag k="highway" v="service"/>
 </way>
 <way id="1311751407" visible="true" version="1" changeset="155875119" timestamp="2024-08-28T11:21:14Z" user="sahilister" uid="11840981">
  <nd ref="12141918672"/>
  <nd ref="12141918671"/>
  <nd ref="12141918670"/>
  <nd ref="12141918669"/>
  <nd ref="12141918668"/>
  <nd ref="12141918673"/>
  <nd ref="12141918667"/>
  <nd ref="12141918666"/>
  <nd ref="12141918665"/>
  <nd ref="12141918664"/>
  <nd ref="12141918663"/>
  <tag k="highway" v="service"/>
 </way>
 <way id="1311751408" visible="true" version="1" changeset="155875119" timestamp="2024-08-28T11:21:14Z" user="sahilister" uid="11840981">
  <nd ref="12141918673"/>
  <nd ref="12141918674"/>
  <tag k="highway" v="service"/>
 </way>
 <way id="1313135938" visible="true" version="1" changeset="156166757" timestamp="2024-09-04T03:38:29Z" user="sahilister" uid="11840981">
  <nd ref="12154611564"/>
  <nd ref="12154611565"/>
  <nd ref="12154611566"/>
  <nd ref="12154611567"/>
  <nd ref="12154611569"/>
  <nd ref="12154611568"/>
  <tag k="highway" v="service"/>
 </way>
 <way id="1313135939" visible="true" version="1" changeset="156166757" timestamp="2024-09-04T03:38:29Z" user="sahilister" uid="11840981">
  <nd ref="12154611569"/>
  <nd ref="12154611571"/>
  <nd ref="12154611575"/>
  <nd ref="12154611570"/>
  <nd ref="12154611576"/>
  <tag k="highway" v="service"/>
 </way>
 <way id="1313135940" visible="true" version="1" changeset="156166757" timestamp="2024-09-04T03:38:29Z" user="sahilister" uid="11840981">
  <nd ref="12154611571"/>
  <nd ref="12154611572"/>
  <nd ref="12154611574"/>
  <nd ref="12154611573"/>
  <tag k="highway" v="service"/>
 </way>
 <way id="1313135941" visible="true" version="1" changeset="156166757" timestamp="2024-09-04T03:38:29Z" user="sahilister" uid="11840981">
  <nd ref="12154611574"/>
  <nd ref="12154611575"/>
  <tag k="highway" v="service"/>
 </way>
 <way id="1329916482" visible="true" version="1" changeset="158622451" timestamp="2024-11-01T14:40:47Z" user="uknown-gryphus" uid="2425805">
  <nd ref="5903582477"/>
  <nd ref="12304583939"/>
  <nd ref="1905763419"/>
  <nd ref="1194256212"/>
  <nd ref="12304583923"/>
  <tag k="highway" v="tertiary"/>
  <tag k="name" v="Central Expressway"/>
  <tag k="oneway" v="yes"/>
  <tag k="surface" v="asphalt"/>
 </way>
 <way id="1329916483" visible="true" version="1" changeset="158622451" timestamp="2024-11-01T14:40:47Z" user="uknown-gryphus" uid="2425805">
  <nd ref="12304583923"/>
  <nd ref="12304583924"/>
  <tag k="bridge" v="yes"/>
  <tag k="highway" v="tertiary"/>
  <tag k="layer" v="1"/>
  <tag k="name" v="Central Expressway"/>
  <tag k="oneway" v="yes"/>
  <tag k="surface" v="asphalt"/>
 </way>
 <way id="1329916484" visible="true" version="1" changeset="158622451" timestamp="2024-11-01T14:40:47Z" user="uknown-gryphus" uid="2425805">
  <nd ref="12304583925"/>
  <nd ref="12304583926"/>
  <nd ref="12304583927"/>
  <tag k="waterway" v="drain"/>
 </way>
 <way id="1329916485" visible="true" version="1" changeset="158622451" timestamp="2024-11-01T14:40:47Z" user="uknown-gryphus" uid="2425805">
  <nd ref="12304583933"/>
  <nd ref="12304583934"/>
  <nd ref="12304583935"/>
  <nd ref="12304583936"/>
  <nd ref="12304583937"/>
  <nd ref="12304583938"/>
  <nd ref="5903582466"/>
  <tag k="highway" v="tertiary"/>
  <tag k="oneway" v="yes"/>
 </way>
 <way id="1329916486" visible="true" version="1" changeset="158622451" timestamp="2024-11-01T14:40:47Z" user="uknown-gryphus" uid="2425805">
  <nd ref="12304583940"/>
  <nd ref="12304583928"/>
  <nd ref="12304583929"/>
  <nd ref="12304583930"/>
  <nd ref="12304583931"/>
  <nd ref="12304583932"/>
  <tag k="highway" v="tertiary"/>
  <tag k="name" v="Central Expressway"/>
 </way>
 <way id="1329916487" visible="true" version="1" changeset="158622451" timestamp="2024-11-01T14:40:47Z" user="uknown-gryphus" uid="2425805">
  <nd ref="12304583932"/>
  <nd ref="12304583933"/>
  <tag k="bridge" v="yes"/>
  <tag k="highway" v="tertiary"/>
  <tag k="layer" v="1"/>
  <tag k="oneway" v="yes"/>
 </way>
 <way id="1451889871" visible="true" version="4" changeset="175149287" timestamp="2025-11-26T11:09:32Z" user="shimshaola" uid="22355702">
  <nd ref="13315729646"/>
  <nd ref="13315729647"/>
  <nd ref="13333512154"/>
  <nd ref="13315729648"/>
  <nd ref="13315729649"/>
  <nd ref="13315729650"/>
  <nd ref="13315729651"/>
  <nd ref="13315729652"/>
  <nd ref="13315729653"/>
  <nd ref="13315729654"/>
  <nd ref="13315729655"/>
  <nd ref="13315729670"/>
  <nd ref="13315729656"/>
  <nd ref="13315729673"/>
  <nd ref="13315729657"/>
  <nd ref="13315729658"/>
  <nd ref="13315835795"/>
  <nd ref="13315826156"/>
  <nd ref="13315826152"/>
  <nd ref="13315729659"/>
  <nd ref="13315729660"/>
  <nd ref="13315729661"/>
  <nd ref="13315729662"/>
  <nd ref="13315729663"/>
  <nd ref="13315729664"/>
  <nd ref="13315729665"/>
  <nd ref="13315729666"/>
  <nd ref="13315729667"/>
  <nd ref="13315729668"/>
  <nd ref="13315729669"/>
  <nd ref="10923948168"/>
  <tag k="highway" v="unclassified"/>
 </way>
 <way id="1451889872" visible="true" version="1" changeset="174843516" timestamp="2025-11-19T05:42:01Z" user="shimshaola" uid="22355702">
  <nd ref="13315729670"/>
  <nd ref="13315729672"/>
  <nd ref="13315729671"/>
  <tag k="access" v="private"/>
  <tag k="highway" v="service"/>
 </way>
 <way id="1451889981" visible="true" version="3" changeset="174843869" timestamp="2025-11-19T06:00:17Z" user="shimshaola" uid="22355702">
  <nd ref="13315835795"/>
  <nd ref="13315836506"/>
  <nd ref="13315835796"/>
  <nd ref="13315835797"/>
  <nd ref="13315835798"/>
  <nd ref="13315835799"/>
  <nd ref="13315835800"/>
  <nd ref="13315836501"/>
  <nd ref="13315832727"/>
  <nd ref="13315836502"/>
  <nd ref="13315836503"/>
  <nd ref="13315826151"/>
  <nd ref="13315836504"/>
  <nd ref="13315836505"/>
  <tag k="access" v="private"/>
  <tag k="highway" v="service"/>
 </way>
 <way id="1451890120" visible="true" version="1" changeset="174843613" timestamp="2025-11-19T05:47:52Z" user="shimshaola" uid="22355702">
  <nd ref="12304583929"/>
  <nd ref="13315826150"/>
  <nd ref="13315836504"/>
  <tag k="access" v="private"/>
  <tag k="highway" v="service"/>
 </way>
 <way id="1451891334" visible="true" version="2" changeset="175149287" timestamp="2025-11-26T11:09:32Z" user="shimshaola" uid="22355702">
  <nd ref="12304583931"/>
  <nd ref="12141918662"/>
  <tag k="highway" v="unclassified"/>
 </way>
 <way id="1453872573" visible="true" version="1" changeset="175149287" timestamp="2025-11-26T11:09:32Z" user="shimshaola" uid="22355702">
  <nd ref="13315729646"/>
  <nd ref="12304583931"/>
  <tag k="highway" v="unclassified"/>
 </way>
 <way id="1460249766" visible="true" version="1" changeset="176218413" timestamp="2025-12-21T13:42:06Z" user="ph4ni" uid="20599849">
  <nd ref="13392808614"/>
  <nd ref="5922802650"/>
  <nd ref="5903582491"/>
  <tag k="highway" v="tertiary"/>
  <tag k="name" v="Peepul Boulevard"/>
  <tag k="oneway" v="yes"/>
 </way>
 <way id="1460249768" visible="true" version="1" changeset="176218413" timestamp="2025-12-21T13:42:06Z" user="ph4ni" uid="20599849">
  <nd ref="5903582485"/>
  <nd ref="5922802651"/>
  <nd ref="12141918674"/>
  <nd ref="13392808617"/>
  <tag k="highway" v="tertiary"/>
  <tag k="name" v="Peepul Boulevard"/>
  <tag k="oneway" v="yes"/>
 </way>
 <way id="1460249770" visible="true" version="1" changeset="176218413" timestamp="2025-12-21T13:42:06Z" user="ph4ni" uid="20599849">
  <nd ref="13392808618"/>
  <nd ref="5904433771"/>
  <nd ref="5904433766"/>
  <nd ref="5904433745"/>
  <tag k="highway" v="unclassified"/>
 </way>
 <way id="1460249771" visible="true" version="1" changeset="176218413" timestamp="2025-12-21T13:42:06Z" user="ph4ni" uid="20599849">
  <nd ref="13392808619"/>
  <nd ref="13392808618"/>
  <tag k="bridge" v="yes"/>
  <tag k="highway" v="unclassified"/>
  <tag k="layer" v="1"/>
 </way>
 <way id="1460249772" visible="true" version="1" changeset="176218413" timestamp="2025-12-21T13:42:06Z" user="ph4ni" uid="20599849">
  <nd ref="9787698896"/>
  <nd ref="1194255384"/>
  <nd ref="13392808621"/>
  <tag k="highway" v="tertiary"/>
  <tag k="lanes" v="2"/>
  <tag k="name" v="Central Expressway"/>
  <tag k="oneway" v="yes"/>
  <tag k="surface" v="asphalt"/>
 </way>
 <way id="1460249773" visible="true" version="1" changeset="176218413" timestamp="2025-12-21T13:42:06Z" user="ph4ni" uid="20599849">
  <nd ref="13392808621"/>
  <nd ref="13392808620"/>
  <tag k="bridge" v="yes"/>
  <tag k="highway" v="tertiary"/>
  <tag k="lanes" v="2"/>
  <tag k="layer" v="1"/>
  <tag k="name" v="Central Expressway"/>
  <tag k="oneway" v="yes"/>
  <tag k="surface" v="asphalt"/>
 </way>
 <way id="1460249774" visible="true" version="1" changeset="176218413" timestamp="2025-12-21T13:42:06Z" user="ph4ni" uid="20599849">
  <nd ref="12304583922"/>
  <nd ref="9787698897"/>
  <tag k="highway" v="tertiary"/>
  <tag k="oneway" v="yes"/>
 </way>
 <way id="1460249775" visible="true" version="1" changeset="176218413" timestamp="2025-12-21T13:42:06Z" user="ph4ni" uid="20599849">
  <nd ref="13392808622"/>
  <nd ref="12304583922"/>
  <tag k="bridge" v="yes"/>
  <tag k="highway" v="tertiary"/>
  <tag k="layer" v="1"/>
  <tag k="oneway" v="yes"/>
 </way>
 <relation id="96905" visible="true" version="307" changeset="182260538" timestamp="2026-05-05T17:25:01Z" user="PlaneMad" uid="1306">
  <member type="node" ref="3233393892" role="admin_centre"/>
  <member type="way" ref="963332011" role="outer"/>
  <member type="way" ref="746058227" role="outer"/>
  <member type="way" ref="746058235" role="outer"/>
  <member type="way" ref="732397817" role="outer"/>
  <member type="way" ref="135170334" role="outer"/>
  <member type="way" ref="746056566" role="outer"/>
  <member type="way" ref="45711940" role="outer"/>
  <member type="way" ref="746763195" role="outer"/>
  <member type="way" ref="746923761" role="outer"/>
  <member type="way" ref="135170338" role="outer"/>
  <member type="way" ref="1154541725" role="outer"/>
  <member type="way" ref="959768674" role="outer"/>
  <member type="way" ref="959768683" role="outer"/>
  <member type="way" ref="959768700" role="outer"/>
  <member type="way" ref="959768703" role="outer"/>
  <member type="way" ref="833274586" role="outer"/>
  <member type="way" ref="959106057" role="outer"/>
  <member type="way" ref="958926718" role="outer"/>
  <member type="way" ref="833273640" role="outer"/>
  <member type="way" ref="958961416" role="outer"/>
  <member type="way" ref="959970951" role="outer"/>
  <member type="way" ref="732341887" role="outer"/>
  <member type="way" ref="1255994929" role="outer"/>
  <member type="way" ref="959970948" role="outer"/>
  <member type="way" ref="959970974" role="outer"/>
  <member type="way" ref="959970977" role="outer"/>
  <member type="way" ref="959970979" role="outer"/>
  <member type="way" ref="833222610" role="outer"/>
  <member type="way" ref="960853098" role="outer"/>
  <member type="way" ref="960853124" role="outer"/>
  <member type="way" ref="960853129" role="outer"/>
  <member type="way" ref="833221787" role="outer"/>
  <member type="way" ref="960948678" role="outer"/>
  <member type="way" ref="833221253" role="outer"/>
  <member type="way" ref="961628302" role="outer"/>
  <member type="way" ref="833215743" role="outer"/>
  <member type="way" ref="961628296" role="outer"/>
  <member type="way" ref="961628290" role="outer"/>
  <member type="way" ref="961628288" role="outer"/>
  <member type="way" ref="746923759" role="outer"/>
  <member type="way" ref="961628319" role="outer"/>
  <member type="way" ref="961633753" role="outer"/>
  <member type="way" ref="961633750" role="outer"/>
  <member type="way" ref="833215380" role="outer"/>
  <member type="way" ref="1154202335" role="outer"/>
  <member type="way" ref="961633762" role="outer"/>
  <member type="way" ref="961641955" role="outer"/>
  <member type="way" ref="961641952" role="outer"/>
  <member type="way" ref="732341893" role="outer"/>
  <member type="way" ref="961641979" role="outer"/>
  <member type="way" ref="1154213938" role="outer"/>
  <member type="way" ref="833148929" role="outer"/>
  <member type="way" ref="135170340" role="outer"/>
  <member type="way" ref="961646476" role="outer"/>
  <member type="way" ref="1154213937" role="outer"/>
  <member type="way" ref="961646452" role="outer"/>
  <member type="way" ref="823801462" role="outer"/>
  <member type="way" ref="961646464" role="outer"/>
  <member type="way" ref="823801463" role="outer"/>
  <member type="way" ref="746940868" role="outer"/>
  <member type="way" ref="823801464" role="outer"/>
  <member type="way" ref="961646459" role="outer"/>
  <member type="way" ref="961646481" role="outer"/>
  <member type="way" ref="833147639" role="outer"/>
  <member type="way" ref="961668709" role="outer"/>
  <member type="way" ref="310397554" role="outer"/>
  <member type="way" ref="1154193296" role="outer"/>
  <member type="way" ref="823801465" role="outer"/>
  <member type="way" ref="836750297" role="outer"/>
  <member type="way" ref="961671603" role="outer"/>
  <member type="way" ref="833146646" role="outer"/>
  <member type="way" ref="823801466" role="outer"/>
  <member type="way" ref="961811212" role="outer"/>
  <member type="way" ref="374675617" role="outer"/>
  <member type="way" ref="374675619" role="outer"/>
  <member type="way" ref="1154101772" role="outer"/>
  <member type="way" ref="310397555" role="outer"/>
  <member type="way" ref="961811209" role="outer"/>
  <member type="way" ref="1509563575" role="outer"/>
  <member type="way" ref="310393621" role="outer"/>
  <member type="way" ref="862576904" role="outer"/>
  <member type="way" ref="961811206" role="outer"/>
  <member type="way" ref="883691680" role="outer"/>
  <member type="way" ref="895065241" role="outer"/>
  <member type="way" ref="310395952" role="outer"/>
  <member type="way" ref="374676882" role="outer"/>
  <member type="way" ref="835406597" role="outer"/>
  <member type="way" ref="831805649" role="outer"/>
  <member type="way" ref="374676876" role="outer"/>
  <member type="way" ref="1154101770" role="outer"/>
  <member type="way" ref="374676878" role="outer"/>
  <member type="way" ref="952258404" role="outer"/>
  <member type="way" ref="952258407" role="outer"/>
  <member type="way" ref="589292939" role="outer"/>
  <member type="way" ref="952258410" role="outer"/>
  <member type="way" ref="952258402" role="outer"/>
  <member type="way" ref="588833038" role="outer"/>
  <member type="way" ref="747022797" role="outer"/>
  <member type="way" ref="830352868" role="outer"/>
  <member type="way" ref="977891037" role="outer"/>
  <member type="way" ref="823805330" role="outer"/>
  <member type="way" ref="830353366" role="outer"/>
  <member type="way" ref="977891034" role="outer"/>
  <member type="way" ref="977891032" role="outer"/>
  <member type="way" ref="977891046" role="outer"/>
  <member type="way" ref="840632410" role="outer"/>
  <member type="way" ref="830372175" role="outer"/>
  <member type="way" ref="840632411" role="outer"/>
  <member type="way" ref="840632414" role="outer"/>
  <member type="way" ref="830404460" role="outer"/>
  <member type="way" ref="840632415" role="outer"/>
  <member type="way" ref="747022801" role="outer"/>
  <member type="way" ref="951649779" role="outer"/>
  <member type="way" ref="1040623298" role="outer"/>
  <member type="way" ref="732259129" role="outer"/>
  <member type="way" ref="951649782" role="outer"/>
  <member type="way" ref="830114958" role="outer"/>
  <member type="way" ref="830097754" role="outer"/>
  <member type="way" ref="747022821" role="outer"/>
  <member type="way" ref="732259152" role="outer"/>
  <member type="way" ref="829825813" role="outer"/>
  <member type="way" ref="829827745" role="outer"/>
  <member type="way" ref="747022849" role="outer"/>
  <member type="way" ref="135171370" role="outer"/>
  <member type="way" ref="828037813" role="outer"/>
  <member type="way" ref="945749705" role="outer"/>
  <member type="way" ref="828036251" role="outer"/>
  <member type="way" ref="1119572724" role="outer"/>
  <member type="way" ref="1119572732" role="outer"/>
  <member type="way" ref="45674585" role="outer"/>
  <member type="way" ref="747190366" role="outer"/>
  <member type="way" ref="828032896" role="outer"/>
  <member type="way" ref="747190369" role="outer"/>
  <member type="way" ref="945228707" role="outer"/>
  <member type="way" ref="945228699" role="outer"/>
  <member type="way" ref="827886967" role="outer"/>
  <member type="way" ref="747190370" role="outer"/>
  <member type="way" ref="943346238" role="outer"/>
  <member type="way" ref="732244795" role="outer"/>
  <member type="way" ref="827095855" role="outer"/>
  <member type="way" ref="943438595" role="outer"/>
  <member type="way" ref="149724150" role="outer"/>
  <member type="way" ref="943453947" role="outer"/>
  <member type="way" ref="943453950" role="outer"/>
  <member type="way" ref="943453953" role="outer"/>
  <member type="way" ref="943453956" role="outer"/>
  <member type="way" ref="943453959" role="outer"/>
  <member type="way" ref="943453962" role="outer"/>
  <member type="way" ref="943453965" role="outer"/>
  <member type="way" ref="827096895" role="outer"/>
  <member type="way" ref="943458625" role="outer"/>
  <member type="way" ref="943458628" role="outer"/>
  <member type="way" ref="747190372" role="outer"/>
  <member type="way" ref="149724826" role="outer"/>
  <member type="way" ref="747190367" role="outer"/>
  <member type="way" ref="747199148" role="outer"/>
  <member type="way" ref="747199145" role="outer"/>
  <member type="way" ref="747211863" role="outer"/>
  <member type="way" ref="747211838" role="outer"/>
  <member type="way" ref="747199143" role="outer"/>
  <member type="way" ref="687443377" role="outer"/>
  <member type="way" ref="45673649" role="outer"/>
  <member type="way" ref="149880459" role="outer"/>
  <member type="way" ref="1117111643" role="outer"/>
  <member type="way" ref="748669265" role="outer"/>
  <member type="way" ref="1271497513" role="outer"/>
  <member type="way" ref="1271500347" role="outer"/>
  <member type="way" ref="1271500353" role="outer"/>
  <member type="way" ref="1271500385" role="outer"/>
  <member type="way" ref="1271500388" role="outer"/>
  <member type="way" ref="1271500389" role="outer"/>
  <member type="way" ref="1271498110" role="outer"/>
  <member type="way" ref="1271500399" role="outer"/>
  <member type="way" ref="1271498086" role="outer"/>
  <member type="way" ref="1271498088" role="outer"/>
  <member type="way" ref="1271497512" role="outer"/>
  <member type="way" ref="1271498082" role="outer"/>
  <member type="way" ref="1271500401" role="outer"/>
  <member type="way" ref="1271498083" role="outer"/>
  <member type="way" ref="1271498074" role="outer"/>
  <member type="way" ref="1271498068" role="outer"/>
  <member type="way" ref="1271497707" role="outer"/>
  <member type="way" ref="1271497705" role="outer"/>
  <member type="way" ref="1271497714" role="outer"/>
  <member type="way" ref="1271497716" role="outer"/>
  <member type="way" ref="1271497735" role="outer"/>
  <member type="way" ref="1271497728" role="outer"/>
  <member type="way" ref="1271497737" role="outer"/>
  <member type="way" ref="1271497754" role="outer"/>
  <member type="way" ref="1271497747" role="outer"/>
  <member type="way" ref="1271497742" role="outer"/>
  <member type="way" ref="1271497684" role="outer"/>
  <member type="way" ref="1271497687" role="outer"/>
  <member type="way" ref="149922655" role="outer"/>
  <member type="way" ref="748669275" role="outer"/>
  <member type="way" ref="149922657" role="outer"/>
  <member type="way" ref="748669300" role="outer"/>
  <member type="way" ref="1460973342" role="outer"/>
  <member type="way" ref="320053447" role="outer"/>
  <member type="way" ref="1457744124" role="outer"/>
  <member type="way" ref="1458515706" role="outer"/>
  <member type="way" ref="1459000606" role="outer"/>
  <member type="way" ref="1459000599" role="outer"/>
  <member type="way" ref="1459000598" role="outer"/>
  <member type="way" ref="149922654" role="outer"/>
  <member type="way" ref="1459000605" role="outer"/>
  <member type="way" ref="1459000597" role="outer"/>
  <member type="way" ref="748669271" role="outer"/>
  <member type="way" ref="1459000603" role="outer"/>
  <member type="way" ref="1458329521" role="outer"/>
  <member type="way" ref="1459000608" role="outer"/>
  <member type="way" ref="1459000609" role="outer"/>
  <member type="way" ref="740663227" role="outer"/>
  <member type="way" ref="1304384313" role="outer"/>
  <member type="way" ref="1304384312" role="outer"/>
  <member type="way" ref="1304382116" role="outer"/>
  <member type="way" ref="1304382117" role="outer"/>
  <member type="way" ref="1304382111" role="outer"/>
  <member type="way" ref="1304382118" role="outer"/>
  <member type="way" ref="1304381204" role="outer"/>
  <member type="way" ref="1304380348" role="outer"/>
  <member type="way" ref="1304386570" role="outer"/>
  <member type="way" ref="1304387683" role="outer"/>
  <member type="way" ref="1304390145" role="outer"/>
  <member type="way" ref="1304392059" role="outer"/>
  <member type="way" ref="1304392060" role="outer"/>
  <member type="way" ref="1304393165" role="outer"/>
  <member type="way" ref="1304392062" role="outer"/>
  <member type="way" ref="1304394700" role="outer"/>
  <member type="way" ref="1304394699" role="outer"/>
  <member type="way" ref="1304396395" role="outer"/>
  <member type="way" ref="1304396394" role="outer"/>
  <member type="way" ref="1304418041" role="outer"/>
  <member type="way" ref="740511763" role="outer"/>
  <member type="way" ref="1304086687" role="outer"/>
  <member type="way" ref="1304277421" role="outer"/>
  <member type="way" ref="1304277420" role="outer"/>
  <member type="way" ref="1304277413" role="outer"/>
  <member type="way" ref="1304277414" role="outer"/>
  <member type="way" ref="1304277415" role="outer"/>
  <member type="way" ref="1304064584" role="outer"/>
  <member type="way" ref="1304064585" role="outer"/>
  <member type="way" ref="740511801" role="outer"/>
  <member type="way" ref="1304041290" role="outer"/>
  <member type="way" ref="1304041291" role="outer"/>
  <member type="way" ref="1304038920" role="outer"/>
  <member type="way" ref="739922929" role="outer"/>
  <member type="way" ref="1304035343" role="outer"/>
  <member type="way" ref="1304035342" role="outer"/>
  <member type="way" ref="959901313" role="outer"/>
  <member type="way" ref="157292554" role="outer"/>
  <member type="way" ref="626129071" role="outer"/>
  <member type="way" ref="626129073" role="outer"/>
  <member type="way" ref="157295468" role="outer"/>
  <member type="way" ref="593722007" role="outer"/>
  <member type="way" ref="593722012" role="outer"/>
  <member type="way" ref="593722018" role="outer"/>
  <member type="way" ref="593722015" role="outer"/>
  <member type="way" ref="661042568" role="outer"/>
  <member type="way" ref="661042569" role="outer"/>
  <member type="way" ref="745996603" role="outer"/>
  <member type="way" ref="125234734" role="outer"/>
  <member type="way" ref="593746614" role="outer"/>
  <member type="way" ref="593746610" role="outer"/>
  <member type="way" ref="593746615" role="outer"/>
  <member type="way" ref="593746612" role="outer"/>
  <member type="way" ref="593746611" role="outer"/>
  <member type="way" ref="593746608" role="outer"/>
  <member type="way" ref="593746607" role="outer"/>
  <member type="way" ref="593746605" role="outer"/>
  <member type="way" ref="593746604" role="outer"/>
  <member type="way" ref="125349592" role="outer"/>
  <member type="way" ref="96795674" role="outer"/>
  <member type="way" ref="689979733" role="outer"/>
  <member type="way" ref="218204242" role="outer"/>
  <member type="way" ref="594054833" role="outer"/>
  <member type="way" ref="217659936" role="outer"/>
  <member type="way" ref="594054830" role="outer"/>
  <member type="way" ref="97682938" role="outer"/>
  <member type="way" ref="594054828" role="outer"/>
  <member type="way" ref="594054827" role="outer"/>
  <member type="way" ref="594054829" role="outer"/>
  <member type="way" ref="23025175" role="outer"/>
  <member type="way" ref="595652346" role="outer"/>
  <member type="way" ref="28893856" role="outer"/>
  <member type="way" ref="23001388" role="outer"/>
  <member type="way" ref="1074214425" role="outer"/>
  <member type="way" ref="594148654" role="outer"/>
  <member type="way" ref="689979350" role="outer"/>
  <member type="way" ref="748788268" role="outer"/>
  <member type="way" ref="135187025" role="outer"/>
  <member type="way" ref="135183822" role="outer"/>
  <member type="way" ref="910111472" role="outer"/>
  <member type="way" ref="748788087" role="outer"/>
  <member type="way" ref="132462276" role="outer"/>
  <member type="way" ref="135187026" role="outer"/>
  <member type="way" ref="132462279" role="outer"/>
  <member type="way" ref="748788084" role="outer"/>
  <member type="way" ref="135183864" role="outer"/>
  <member type="way" ref="748788225" role="outer"/>
  <member type="way" ref="135183873" role="outer"/>
  <member type="way" ref="747904754" role="outer"/>
  <member type="way" ref="135183854" role="outer"/>
  <member type="way" ref="193922465" role="outer"/>
  <member type="way" ref="689977418" role="outer"/>
  <member type="way" ref="729156877" role="outer"/>
  <member type="way" ref="256469257" role="outer"/>
  <member type="way" ref="729156875" role="outer"/>
  <member type="way" ref="156782327" role="outer"/>
  <member type="way" ref="747904755" role="outer"/>
  <member type="way" ref="729156880" role="outer"/>
  <member type="way" ref="729156878" role="outer"/>
  <member type="way" ref="729156870" role="outer"/>
  <member type="way" ref="185326536" role="outer"/>
  <member type="way" ref="729156881" role="outer"/>
  <member type="way" ref="968267006" role="outer"/>
  <member type="way" ref="156782335" role="outer"/>
  <member type="way" ref="689976846" role="outer"/>
  <member type="way" ref="258088964" role="outer"/>
  <member type="way" ref="135183863" role="outer"/>
  <member type="way" ref="626317544" role="outer"/>
  <member type="way" ref="747879612" role="outer"/>
  <member type="way" ref="747879603" role="outer"/>
  <member type="way" ref="780227518" role="outer"/>
  <member type="way" ref="780227516" role="outer"/>
  <member type="way" ref="626317551" role="outer"/>
  <member type="way" ref="18437627" role="outer"/>
  <member type="way" ref="246104706" role="outer"/>
  <member type="way" ref="747412018" role="outer"/>
  <member type="way" ref="135183849" role="outer"/>
  <member type="way" ref="729156882" role="outer"/>
  <member type="way" ref="729156887" role="outer"/>
  <member type="way" ref="747391167" role="outer"/>
  <member type="way" ref="729156886" role="outer"/>
  <member type="way" ref="729156885" role="outer"/>
  <member type="way" ref="729156884" role="outer"/>
  <member type="way" ref="689974402" role="outer"/>
  <member type="way" ref="626085178" role="outer"/>
  <member type="way" ref="135183819" role="outer"/>
  <member type="way" ref="747412010" role="outer"/>
  <member type="way" ref="747411999" role="outer"/>
  <member type="way" ref="75501975" role="outer"/>
  <member type="way" ref="684282817" role="outer"/>
  <member type="way" ref="625345164" role="outer"/>
  <member type="way" ref="625345163" role="outer"/>
  <member type="way" ref="625345165" role="outer"/>
  <member type="way" ref="625345167" role="outer"/>
  <member type="way" ref="625345168" role="outer"/>
  <member type="way" ref="747321310" role="outer"/>
  <member type="way" ref="747357147" role="outer"/>
  <member type="way" ref="135188618" role="outer"/>
  <member type="way" ref="135192085" role="outer"/>
  <member type="way" ref="883716174" role="outer"/>
  <member type="way" ref="883716175" role="outer"/>
  <member type="way" ref="883716177" role="outer"/>
  <member type="way" ref="883716176" role="outer"/>
  <member type="way" ref="883716173" role="outer"/>
  <member type="way" ref="617677569" role="outer"/>
  <member type="way" ref="617677566" role="outer"/>
  <member type="way" ref="617677567" role="outer"/>
  <member type="way" ref="617677570" role="outer"/>
  <member type="way" ref="104294690" role="outer"/>
  <member type="way" ref="104294680" role="outer"/>
  <member type="way" ref="135192073" role="outer"/>
  <member type="way" ref="746444831" role="outer"/>
  <member type="way" ref="746434521" role="outer"/>
  <member type="way" ref="18414522" role="outer"/>
  <member type="way" ref="18409317" role="outer"/>
  <member type="way" ref="188810452" role="outer"/>
  <member type="way" ref="746684698" role="outer"/>
  <member type="way" ref="18409306" role="outer"/>
  <member type="way" ref="624646800" role="outer"/>
  <member type="way" ref="746684633" role="outer"/>
  <member type="way" ref="624646802" role="outer"/>
  <member type="way" ref="97686657" role="outer"/>
  <member type="way" ref="624646805" role="outer"/>
  <member type="way" ref="624646804" role="outer"/>
  <member type="way" ref="823674421" role="outer"/>
  <member type="way" ref="624646806" role="outer"/>
  <member type="way" ref="624646808" role="outer"/>
  <member type="way" ref="97686734" role="outer"/>
  <member type="way" ref="823674417" role="outer"/>
  <member type="way" ref="823674418" role="outer"/>
  <member type="way" ref="624646810" role="outer"/>
  <member type="way" ref="624646814" role="outer"/>
  <member type="way" ref="624646813" role="outer"/>
  <member type="way" ref="626381049" role="outer"/>
  <member type="way" ref="550330164" role="outer"/>
  <member type="way" ref="577750404" role="outer"/>
  <member type="way" ref="499102973" role="outer"/>
  <member type="way" ref="550330154" role="outer"/>
  <member type="way" ref="550330157" role="outer"/>
  <member type="way" ref="550330159" role="outer"/>
  <member type="way" ref="550330162" role="outer"/>
  <member type="way" ref="746684627" role="outer"/>
  <member type="way" ref="18440448" role="outer"/>
  <member type="way" ref="135192070" role="outer"/>
  <member type="way" ref="746684646" role="outer"/>
  <member type="way" ref="135192037" role="outer"/>
  <member type="way" ref="135174629" role="outer"/>
  <member type="way" ref="18440430" role="outer"/>
  <member type="way" ref="18460295" role="outer"/>
  <member type="way" ref="206084206" role="outer"/>
  <member type="way" ref="1208271809" role="outer"/>
  <member type="way" ref="18460293" role="outer"/>
  <member type="way" ref="18464653" role="outer"/>
  <member type="way" ref="780252245" role="outer"/>
  <member type="way" ref="18464650" role="outer"/>
  <member type="way" ref="18464648" role="outer"/>
  <member type="way" ref="93420279" role="outer"/>
  <member type="way" ref="746056561" role="outer"/>
  <member type="way" ref="135193279" role="outer"/>
  <member type="way" ref="93420260" role="outer"/>
  <member type="way" ref="90763590" role="outer"/>
  <member type="way" ref="1330717974" role="outer"/>
  <member type="way" ref="1330717972" role="outer"/>
  <member type="way" ref="90760560" role="outer"/>
  <member type="way" ref="90760583" role="outer"/>
  <member type="way" ref="670673837" role="outer"/>
  <member type="way" ref="84749695" role="outer"/>
  <member type="way" ref="253842542" role="outer"/>
  <member type="way" ref="253842557" role="outer"/>
  <member type="way" ref="1041854333" role="outer"/>
  <member type="way" ref="746698322" role="outer"/>
  <member type="way" ref="1041854332" role="outer"/>
  <member type="way" ref="253842561" role="outer"/>
  <member type="way" ref="1338810799" role="outer"/>
  <member type="way" ref="253842539" role="outer"/>
  <member type="way" ref="253842547" role="outer"/>
  <member type="way" ref="746698337" role="outer"/>
  <member type="way" ref="18472995" role="outer"/>
  <member type="way" ref="104700759" role="outer"/>
  <member type="way" ref="1081579624" role="outer"/>
  <member type="way" ref="1081579625" role="outer"/>
  <member type="way" ref="253842536" role="outer"/>
  <member type="way" ref="836098376" role="outer"/>
  <member type="way" ref="253842567" role="outer"/>
  <member type="way" ref="732634403" role="outer"/>
  <member type="way" ref="395950992" role="outer"/>
  <member type="way" ref="836098365" role="outer"/>
  <member type="way" ref="836098371" role="outer"/>
  <member type="way" ref="836048139" role="outer"/>
  <member type="way" ref="836048136" role="outer"/>
  <member type="way" ref="836048128" role="outer"/>
  <member type="way" ref="1294706778" role="outer"/>
  <member type="way" ref="827389828" role="outer"/>
  <member type="way" ref="1294719456" role="outer"/>
  <member type="way" ref="836048161" role="outer"/>
  <member type="way" ref="732511919" role="outer"/>
  <member type="way" ref="1294706775" role="outer"/>
  <member type="way" ref="827389825" role="outer"/>
  <member type="way" ref="1294733487" role="outer"/>
  <member type="way" ref="835866002" role="outer"/>
  <member type="way" ref="135109861" role="outer"/>
  <member type="way" ref="1293984991" role="outer"/>
  <member type="way" ref="746058228" role="outer"/>
  <member type="way" ref="746061887" role="outer"/>
  <member type="way" ref="835564428" role="outer"/>
  <member type="way" ref="1293984990" role="outer"/>
  <member type="way" ref="1154546056" role="outer"/>
  <member type="way" ref="45711887" role="outer"/>
  <member type="way" ref="149721615" role="outer"/>
  <member type="way" ref="963332010" role="outer"/>
  <member type="way" ref="18472999" role="outer"/>
  <member type="way" ref="397386856" role="outer"/>
  <member type="way" ref="729156871" role="outer"/>
  <member type="way" ref="156782333" role="outer"/>
  <member type="way" ref="521807524" role="outer"/>
  <member type="way" ref="157361874" role="outer"/>
  <member type="way" ref="670673835" role="outer"/>
  <member type="way" ref="12955057" role="outer"/>
  <member type="way" ref="18414519" role="outer"/>
  <member type="way" ref="18417094" role="outer"/>
  <member type="way" ref="22825627" role="outer"/>
  <member type="way" ref="18417096" role="outer"/>
  <member type="way" ref="18417079" role="outer"/>
  <member type="way" ref="22825628" role="outer"/>
  <member type="way" ref="22825629" role="outer"/>
  <member type="way" ref="18419668" role="outer"/>
  <member type="way" ref="672660098" role="outer"/>
  <member type="way" ref="22825630" role="outer"/>
  <member type="way" ref="132476849" role="outer"/>
  <member type="way" ref="132476886" role="outer"/>
  <member type="way" ref="132476846" role="outer"/>
  <member type="way" ref="132476874" role="outer"/>
  <member type="way" ref="18435414" role="outer"/>
  <member type="way" ref="18435416" role="outer"/>
  <member type="way" ref="18435408" role="outer"/>
  <member type="way" ref="688705543" role="inner"/>
  <member type="way" ref="780465622" role="inner"/>
  <member type="way" ref="747904762" role="inner"/>
  <member type="way" ref="747904761" role="inner"/>
  <member type="way" ref="156785638" role="inner"/>
  <member type="way" ref="156782334" role="inner"/>
  <member type="way" ref="747904759" role="inner"/>
  <member type="way" ref="156782332" role="inner"/>
  <member type="way" ref="747904757" role="inner"/>
  <member type="way" ref="156782331" role="inner"/>
  <member type="way" ref="156782330" role="inner"/>
  <member type="way" ref="156782326" role="inner"/>
  <member type="way" ref="747872478" role="inner"/>
  <member type="way" ref="747879606" role="inner"/>
  <member type="way" ref="156782329" role="inner"/>
  <member type="way" ref="156782328" role="inner"/>
  <member type="way" ref="549707173" role="outer"/>
  <member type="way" ref="549707172" role="outer"/>
  <member type="way" ref="549707171" role="outer"/>
  <member type="way" ref="549707170" role="outer"/>
  <member type="way" ref="385260245" role="outer"/>
  <member type="way" ref="624675088" role="outer"/>
  <member type="way" ref="18409298" role="outer"/>
  <member type="way" ref="18409310" role="outer"/>
  <member type="way" ref="18417086" role="outer"/>
  <member type="way" ref="18435425" role="outer"/>
  <member type="node" ref="13395044031" role="label"/>
  <tag k="admin_level" v="4"/>
  <tag k="alt_name:eo" v="Tamilujo;Tamilnado"/>
  <tag k="alt_name:pa" v="ਤਮਿਲਨਾਡੂ"/>
  <tag k="alt_name:pnb" v="تامࣇ ناڈو"/>
  <tag k="alt_name:uk" v="Тамілнад"/>
  <tag k="alt_name:ur" v="تمل ناڈو"/>
  <tag k="boundary" v="administrative"/>
  <tag k="is_in:country_code" v="IN"/>
  <tag k="ISO3166-2" v="IN-TN"/>
  <tag k="name" v="Tamil Nadu"/>
  <tag k="name:ar" v="تاميل نادو"/>
  <tag k="name:br" v="Tamil Nadu"/>
  <tag k="name:cs" v="Tamilnádu"/>
  <tag k="name:en" v="Tamil Nadu"/>
  <tag k="name:eo" v="Tamilio"/>
  <tag k="name:fr" v="Tamil Nadu"/>
  <tag k="name:hi" v="तमिलनाडु"/>
  <tag k="name:ja" v="タミル・ナードゥ"/>
  <tag k="name:kn" v="ತಮಿಳುನಾಡು"/>
  <tag k="name:ko" v="타밀나두"/>
  <tag k="name:ku" v="Tamil Nadu"/>
  <tag k="name:ml" v="തമിഴ്‌നാട്"/>
  <tag k="name:pa" v="ਤਮਿਲ਼ ਨਾਡੂ"/>
  <tag k="name:pnb" v="تامل ناڈو"/>
  <tag k="name:ru" v="Тамилнад"/>
  <tag k="name:ta" v="தமிழ்நாடு"/>
  <tag k="name:te" v="తమిళనాడు"/>
  <tag k="name:uk" v="Таміл-Наду"/>
  <tag k="name:ur" v="تامل ناڈو"/>
  <tag k="name:zh" v="泰米尔纳德邦"/>
  <tag k="ref" v="TN"/>
  <tag k="ref:LGD:state" v="33"/>
  <tag k="type" v="boundary"/>
  <tag k="wikidata" v="Q1445"/>
  <tag k="wikipedia" v="en:Tamil Nadu"/>
 </relation>
 <relation id="304716" visible="true" version="1397" changeset="182031761" timestamp="2026-04-30T12:34:32Z" user="qstep" uid="22750941">
  <member type="node" ref="16173236" role="admin_centre"/>
  <member type="node" ref="424314145" role="label"/>
  <member type="way" ref="896641415" role="outer"/>
  <member type="way" ref="150454541" role="outer"/>
  <member type="way" ref="727124731" role="outer"/>
  <member type="way" ref="1006741445" role="outer"/>
  <member type="way" ref="304171921" role="outer"/>
  <member type="way" ref="897114006" role="outer"/>
  <member type="way" ref="727124728" role="outer"/>
  <member type="way" ref="204419561" role="outer"/>
  <member type="way" ref="28293977" role="outer"/>
  <member type="way" ref="537398859" role="outer"/>
  <member type="way" ref="1461690412" role="outer"/>
  <member type="way" ref="289333530" role="outer"/>
  <member type="way" ref="727077458" role="outer"/>
  <member type="way" ref="727077477" role="outer"/>
  <member type="way" ref="903354275" role="outer"/>
  <member type="way" ref="537395722" role="outer"/>
  <member type="way" ref="537394875" role="outer"/>
  <member type="way" ref="533608851" role="outer"/>
  <member type="way" ref="524157498" role="outer"/>
  <member type="way" ref="1000908308" role="outer"/>
  <member type="way" ref="133286875" role="outer"/>
  <member type="way" ref="727077483" role="outer"/>
  <member type="way" ref="1000925863" role="outer"/>
  <member type="way" ref="133286026" role="outer"/>
  <member type="way" ref="889294649" role="outer"/>
  <member type="way" ref="1000925855" role="outer"/>
  <member type="way" ref="1000935163" role="outer"/>
  <member type="way" ref="889018470" role="outer"/>
  <member type="way" ref="889294643" role="outer"/>
  <member type="way" ref="889018465" role="outer"/>
  <member type="way" ref="889294659" role="outer"/>
  <member type="way" ref="1001103255" role="outer"/>
  <member type="way" ref="727077474" role="outer"/>
  <member type="way" ref="727077481" role="outer"/>
  <member type="way" ref="889362431" role="outer"/>
  <member type="way" ref="888994105" role="outer"/>
  <member type="way" ref="960893771" role="outer"/>
  <member type="way" ref="293480006" role="outer"/>
  <member type="way" ref="1001763306" role="outer"/>
  <member type="way" ref="727077471" role="outer"/>
  <member type="way" ref="481829500" role="outer"/>
  <member type="way" ref="133286045" role="outer"/>
  <member type="way" ref="1001838674" role="outer"/>
  <member type="way" ref="889362416" role="outer"/>
  <member type="way" ref="727077462" role="outer"/>
  <member type="way" ref="727077454" role="outer"/>
  <member type="way" ref="289333529" role="outer"/>
  <member type="way" ref="169984530" role="outer"/>
  <member type="way" ref="727083480" role="outer"/>
  <member type="way" ref="169984531" role="outer"/>
  <member type="way" ref="481829501" role="outer"/>
  <member type="way" ref="890768801" role="outer"/>
  <member type="way" ref="1002128321" role="outer"/>
  <member type="way" ref="293480016" role="outer"/>
  <member type="way" ref="1002128326" role="outer"/>
  <member type="way" ref="890768814" role="outer"/>
  <member type="way" ref="890768811" role="outer"/>
  <member type="way" ref="1002137180" role="outer"/>
  <member type="way" ref="888735241" role="outer"/>
  <member type="way" ref="888735242" role="outer"/>
  <member type="way" ref="727083541" role="outer"/>
  <member type="way" ref="890768828" role="outer"/>
  <member type="way" ref="890768823" role="outer"/>
  <member type="way" ref="1002143727" role="outer"/>
  <member type="way" ref="1002143726" role="outer"/>
  <member type="way" ref="890768820" role="outer"/>
  <member type="way" ref="725339010" role="outer"/>
  <member type="way" ref="888805561" role="outer"/>
  <member type="way" ref="890768835" role="outer"/>
  <member type="way" ref="890768839" role="outer"/>
  <member type="way" ref="1002238277" role="outer"/>
  <member type="way" ref="133285312" role="outer"/>
  <member type="way" ref="1002238273" role="outer"/>
  <member type="way" ref="1002238271" role="outer"/>
  <member type="way" ref="888907195" role="outer"/>
  <member type="way" ref="1002243149" role="outer"/>
  <member type="way" ref="888805560" role="outer"/>
  <member type="way" ref="133285002" role="outer"/>
  <member type="way" ref="1002244958" role="outer"/>
  <member type="way" ref="894413439" role="outer"/>
  <member type="way" ref="1002714482" role="outer"/>
  <member type="way" ref="888735251" role="outer"/>
  <member type="way" ref="444855584" role="outer"/>
  <member type="way" ref="1002714481" role="outer"/>
  <member type="way" ref="894413436" role="outer"/>
  <member type="way" ref="1003253872" role="outer"/>
  <member type="way" ref="725154567" role="outer"/>
  <member type="way" ref="1003253866" role="outer"/>
  <member type="way" ref="725154571" role="outer"/>
  <member type="way" ref="895704037" role="outer"/>
  <member type="way" ref="725154579" role="outer"/>
  <member type="way" ref="1003253868" role="outer"/>
  <member type="way" ref="888900235" role="outer"/>
  <member type="way" ref="1003253877" role="outer"/>
  <member type="way" ref="133284134" role="outer"/>
  <member type="way" ref="895730338" role="outer"/>
  <member type="way" ref="895704042" role="outer"/>
  <member type="way" ref="1003264245" role="outer"/>
  <member type="way" ref="725154588" role="outer"/>
  <member type="way" ref="293480014" role="outer"/>
  <member type="way" ref="133283013" role="outer"/>
  <member type="way" ref="1003736975" role="outer"/>
  <member type="way" ref="724793246" role="outer"/>
  <member type="way" ref="895346884" role="outer"/>
  <member type="way" ref="895346886" role="outer"/>
  <member type="way" ref="1010345654" role="outer"/>
  <member type="way" ref="293480003" role="outer"/>
  <member type="way" ref="1003933630" role="outer"/>
  <member type="way" ref="1010342568" role="outer"/>
  <member type="way" ref="1003990094" role="outer"/>
  <member type="way" ref="1010342569" role="outer"/>
  <member type="way" ref="1003990086" role="outer"/>
  <member type="way" ref="895300301" role="outer"/>
  <member type="way" ref="895346882" role="outer"/>
  <member type="way" ref="1010042387" role="outer"/>
  <member type="way" ref="1010042382" role="outer"/>
  <member type="way" ref="1004156501" role="outer"/>
  <member type="way" ref="1010048141" role="outer"/>
  <member type="way" ref="1010048135" role="outer"/>
  <member type="way" ref="724711202" role="outer"/>
  <member type="way" ref="1010048138" role="outer"/>
  <member type="way" ref="1004156485" role="outer"/>
  <member type="way" ref="1010048136" role="outer"/>
  <member type="way" ref="895346878" role="outer"/>
  <member type="way" ref="1010053661" role="outer"/>
  <member type="way" ref="1004156491" role="outer"/>
  <member type="way" ref="1004156492" role="outer"/>
  <member type="way" ref="895346880" role="outer"/>
  <member type="way" ref="1010340712" role="outer"/>
  <member type="way" ref="1010340723" role="outer"/>
  <member type="way" ref="133277196" role="outer"/>
  <member type="way" ref="724717837" role="outer"/>
  <member type="way" ref="1004330647" role="outer"/>
  <member type="way" ref="665592839" role="outer"/>
  <member type="way" ref="1011408014" role="outer"/>
  <member type="way" ref="1011408017" role="outer"/>
  <member type="way" ref="334783497" role="outer"/>
  <member type="way" ref="1011410510" role="outer"/>
  <member type="way" ref="1011410514" role="outer"/>
  <member type="way" ref="1011410521" role="outer"/>
  <member type="way" ref="1011410516" role="outer"/>
  <member type="way" ref="293480013" role="outer"/>
  <member type="way" ref="293480012" role="outer"/>
  <member type="way" ref="751503115" role="outer"/>
  <member type="way" ref="1012232807" role="outer"/>
  <member type="way" ref="1012232810" role="outer"/>
  <member type="way" ref="1012232811" role="outer"/>
  <member type="way" ref="590022642" role="outer"/>
  <member type="way" ref="1012498760" role="outer"/>
  <member type="way" ref="751503085" role="outer"/>
  <member type="way" ref="751503086" role="outer"/>
  <member type="way" ref="1012498763" role="outer"/>
  <member type="way" ref="1013088233" role="outer"/>
  <member type="way" ref="590022648" role="outer"/>
  <member type="way" ref="751503078" role="outer"/>
  <member type="way" ref="894044221" role="outer"/>
  <member type="way" ref="1004933624" role="outer"/>
  <member type="way" ref="687629524" role="outer"/>
  <member type="way" ref="1013363928" role="outer"/>
  <member type="way" ref="1013363931" role="outer"/>
  <member type="way" ref="1004933617" role="outer"/>
  <member type="way" ref="1013384803" role="outer"/>
  <member type="way" ref="751563125" role="outer"/>
  <member type="way" ref="1013384802" role="outer"/>
  <member type="way" ref="1013384800" role="outer"/>
  <member type="way" ref="894000897" role="outer"/>
  <member type="way" ref="1013384798" role="outer"/>
  <member type="way" ref="894000901" role="outer"/>
  <member type="way" ref="1004933613" role="outer"/>
  <member type="way" ref="1004933607" role="outer"/>
  <member type="way" ref="1013562597" role="outer"/>
  <member type="way" ref="894000900" role="outer"/>
  <member type="way" ref="1004947346" role="outer"/>
  <member type="way" ref="1013567398" role="outer"/>
  <member type="way" ref="1013567400" role="outer"/>
  <member type="way" ref="133277203" role="outer"/>
  <member type="way" ref="1013567392" role="outer"/>
  <member type="way" ref="1004947342" role="outer"/>
  <member type="way" ref="894000904" role="outer"/>
  <member type="way" ref="1013579784" role="outer"/>
  <member type="way" ref="1013579790" role="outer"/>
  <member type="way" ref="1005014526" role="outer"/>
  <member type="way" ref="1013593300" role="outer"/>
  <member type="way" ref="894000909" role="outer"/>
  <member type="way" ref="1013593302" role="outer"/>
  <member type="way" ref="1013593297" role="outer"/>
  <member type="way" ref="133270476" role="outer"/>
  <member type="way" ref="1013593296" role="outer"/>
  <member type="way" ref="1005024861" role="outer"/>
  <member type="way" ref="894000912" role="outer"/>
  <member type="way" ref="1005024860" role="outer"/>
  <member type="way" ref="894000917" role="outer"/>
  <member type="way" ref="1005039093" role="outer"/>
  <member type="way" ref="894236511" role="outer"/>
  <member type="way" ref="1005039102" role="outer"/>
  <member type="way" ref="894236540" role="outer"/>
  <member type="way" ref="1005046301" role="outer"/>
  <member type="way" ref="1005046302" role="outer"/>
  <member type="way" ref="894236537" role="outer"/>
  <member type="way" ref="894000918" role="outer"/>
  <member type="way" ref="133267813" role="outer"/>
  <member type="way" ref="894328004" role="outer"/>
  <member type="way" ref="1005046310" role="outer"/>
  <member type="way" ref="894328005" role="outer"/>
  <member type="way" ref="133267812" role="outer"/>
  <member type="way" ref="293480015" role="outer"/>
  <member type="way" ref="1444515289" role="outer"/>
  <member type="way" ref="1444495998" role="outer"/>
  <member type="way" ref="133267816" role="outer"/>
  <member type="way" ref="304111936" role="outer"/>
  <member type="way" ref="133266364" role="outer"/>
  <member type="way" ref="133266349" role="outer"/>
  <member type="way" ref="729227951" role="outer"/>
  <member type="way" ref="133266341" role="outer"/>
  <member type="way" ref="133266360" role="outer"/>
  <member type="way" ref="304114151" role="outer"/>
  <member type="way" ref="133266345" role="outer"/>
  <member type="way" ref="133266359" role="outer"/>
  <member type="way" ref="133266342" role="outer"/>
  <member type="way" ref="133266363" role="outer"/>
  <member type="way" ref="204426590" role="outer"/>
  <member type="way" ref="133266346" role="outer"/>
  <member type="way" ref="133266354" role="outer"/>
  <member type="way" ref="1498755878" role="outer"/>
  <member type="way" ref="1498755877" role="outer"/>
  <member type="way" ref="1498755880" role="outer"/>
  <member type="way" ref="1498755881" role="outer"/>
  <member type="way" ref="133266352" role="outer"/>
  <member type="way" ref="133266340" role="outer"/>
  <member type="way" ref="204426589" role="outer"/>
  <member type="way" ref="133266343" role="outer"/>
  <member type="way" ref="133266361" role="outer"/>
  <member type="way" ref="304370730" role="outer"/>
  <member type="way" ref="133266344" role="outer"/>
  <member type="way" ref="133266362" role="outer"/>
  <member type="way" ref="481835023" role="outer"/>
  <member type="way" ref="346345742" role="outer"/>
  <member type="way" ref="729227949" role="outer"/>
  <member type="way" ref="449273609" role="outer"/>
  <member type="way" ref="328164711" role="outer"/>
  <member type="way" ref="1124769678" role="outer"/>
  <member type="way" ref="481835022" role="outer"/>
  <member type="way" ref="534858341" role="outer"/>
  <member type="way" ref="28294431" role="outer"/>
  <member type="way" ref="729228851" role="outer"/>
  <member type="way" ref="449356697" role="outer"/>
  <member type="way" ref="449365590" role="outer"/>
  <member type="way" ref="1184946412" role="outer"/>
  <member type="way" ref="449365591" role="outer"/>
  <member type="way" ref="346343257" role="outer"/>
  <member type="way" ref="1184946405" role="outer"/>
  <member type="way" ref="449377470" role="outer"/>
  <member type="way" ref="449606792" role="outer"/>
  <member type="way" ref="449606793" role="outer"/>
  <member type="way" ref="449606794" role="outer"/>
  <member type="way" ref="449607181" role="outer"/>
  <member type="way" ref="666279080" role="outer"/>
  <member type="way" ref="449611011" role="outer"/>
  <member type="way" ref="526726961" role="outer"/>
  <member type="way" ref="526726960" role="outer"/>
  <member type="way" ref="526726962" role="outer"/>
  <member type="way" ref="751591782" role="outer"/>
  <member type="way" ref="346343262" role="outer"/>
  <member type="way" ref="526753119" role="outer"/>
  <member type="way" ref="526753124" role="outer"/>
  <member type="way" ref="526753115" role="outer"/>
  <member type="way" ref="449611010" role="outer"/>
  <member type="way" ref="751591744" role="outer"/>
  <member type="way" ref="449766377" role="outer"/>
  <member type="way" ref="526758011" role="outer"/>
  <member type="way" ref="526752582" role="outer"/>
  <member type="way" ref="526766994" role="outer"/>
  <member type="way" ref="526766993" role="outer"/>
  <member type="way" ref="526766992" role="outer"/>
  <member type="way" ref="328164704" role="outer"/>
  <member type="way" ref="526766991" role="outer"/>
  <member type="way" ref="449766373" role="outer"/>
  <member type="way" ref="751591741" role="outer"/>
  <member type="way" ref="526766990" role="outer"/>
  <member type="way" ref="1185079562" role="outer"/>
  <member type="way" ref="1185079560" role="outer"/>
  <member type="way" ref="508742798" role="outer"/>
  <member type="way" ref="508776663" role="outer"/>
  <member type="way" ref="1185079542" role="outer"/>
  <member type="way" ref="1185079525" role="outer"/>
  <member type="way" ref="751591729" role="outer"/>
  <member type="way" ref="1185079533" role="outer"/>
  <member type="way" ref="449817639" role="outer"/>
  <member type="way" ref="510287662" role="outer"/>
  <member type="way" ref="510287656" role="outer"/>
  <member type="way" ref="510203863" role="outer"/>
  <member type="way" ref="510287660" role="outer"/>
  <member type="way" ref="1185263378" role="outer"/>
  <member type="way" ref="1185263375" role="outer"/>
  <member type="way" ref="517982359" role="outer"/>
  <member type="way" ref="388198697" role="outer"/>
  <member type="way" ref="1185270527" role="outer"/>
  <member type="way" ref="513064556" role="outer"/>
  <member type="way" ref="1185270526" role="outer"/>
  <member type="way" ref="513066830" role="outer"/>
  <member type="way" ref="745534415" role="outer"/>
  <member type="way" ref="513065433" role="outer"/>
  <member type="way" ref="512323263" role="outer"/>
  <member type="way" ref="1185204372" role="outer"/>
  <member type="way" ref="512331094" role="outer"/>
  <member type="way" ref="512334326" role="outer"/>
  <member type="way" ref="1185202723" role="outer"/>
  <member type="way" ref="512335324" role="outer"/>
  <member type="way" ref="1303919549" role="outer"/>
  <member type="way" ref="512323264" role="outer"/>
  <member type="way" ref="745534398" role="outer"/>
  <member type="way" ref="1185202731" role="outer"/>
  <member type="way" ref="512342212" role="outer"/>
  <member type="way" ref="1185202728" role="outer"/>
  <member type="way" ref="1185202733" role="outer"/>
  <member type="way" ref="512344124" role="outer"/>
  <member type="way" ref="45328435" role="outer"/>
  <member type="way" ref="514007015" role="outer"/>
  <member type="way" ref="745437648" role="outer"/>
  <member type="way" ref="514007696" role="outer"/>
  <member type="way" ref="1185501048" role="outer"/>
  <member type="way" ref="514008350" role="outer"/>
  <member type="way" ref="756752284" role="outer"/>
  <member type="way" ref="514012527" role="outer"/>
  <member type="way" ref="519431147" role="outer"/>
  <member type="way" ref="519431146" role="outer"/>
  <member type="way" ref="514012530" role="outer"/>
  <member type="way" ref="514020616" role="outer"/>
  <member type="way" ref="745539268" role="outer"/>
  <member type="way" ref="514515606" role="outer"/>
  <member type="way" ref="1185537521" role="outer"/>
  <member type="way" ref="514517020" role="outer"/>
  <member type="way" ref="1185537519" role="outer"/>
  <member type="way" ref="514516170" role="outer"/>
  <member type="way" ref="514515603" role="outer"/>
  <member type="way" ref="1185556826" role="outer"/>
  <member type="way" ref="133260204" role="outer"/>
  <member type="way" ref="745539271" role="outer"/>
  <member type="way" ref="514514376" role="outer"/>
  <member type="way" ref="756677515" role="outer"/>
  <member type="way" ref="1185563526" role="outer"/>
  <member type="way" ref="1185563516" role="outer"/>
  <member type="way" ref="514333904" role="outer"/>
  <member type="way" ref="745539289" role="outer"/>
  <member type="way" ref="515053040" role="outer"/>
  <member type="way" ref="1185794591" role="outer"/>
  <member type="way" ref="515086692" role="outer"/>
  <member type="way" ref="1185792781" role="outer"/>
  <member type="way" ref="515086906" role="outer"/>
  <member type="way" ref="1185792778" role="outer"/>
  <member type="way" ref="1185786602" role="outer"/>
  <member type="way" ref="328163417" role="outer"/>
  <member type="way" ref="515088647" role="outer"/>
  <member type="way" ref="515081913" role="outer"/>
  <member type="way" ref="1185779127" role="outer"/>
  <member type="way" ref="515075390" role="outer"/>
  <member type="way" ref="515075723" role="outer"/>
  <member type="way" ref="515075393" role="outer"/>
  <member type="way" ref="1185782691" role="outer"/>
  <member type="way" ref="515081236" role="outer"/>
  <member type="way" ref="1185782695" role="outer"/>
  <member type="way" ref="45328438" role="outer"/>
  <member type="way" ref="460402769" role="outer"/>
  <member type="way" ref="525230238" role="outer"/>
  <member type="way" ref="744749216" role="outer"/>
  <member type="way" ref="525238044" role="outer"/>
  <member type="way" ref="525649616" role="outer"/>
  <member type="way" ref="111459660" role="outer"/>
  <member type="way" ref="525717846" role="outer"/>
  <member type="way" ref="755443722" role="outer"/>
  <member type="way" ref="525958864" role="outer"/>
  <member type="way" ref="525959306" role="outer"/>
  <member type="way" ref="525961150" role="outer"/>
  <member type="way" ref="525966838" role="outer"/>
  <member type="way" ref="526568355" role="outer"/>
  <member type="way" ref="526570350" role="outer"/>
  <member type="way" ref="526573316" role="outer"/>
  <member type="way" ref="328163412" role="outer"/>
  <member type="way" ref="744633939" role="outer"/>
  <member type="way" ref="526571468" role="outer"/>
  <member type="way" ref="526573990" role="outer"/>
  <member type="way" ref="526576640" role="outer"/>
  <member type="way" ref="526571471" role="outer"/>
  <member type="way" ref="1194262453" role="outer"/>
  <member type="way" ref="527530487" role="outer"/>
  <member type="way" ref="527551584" role="outer"/>
  <member type="way" ref="744633982" role="outer"/>
  <member type="way" ref="527565436" role="outer"/>
  <member type="way" ref="528225220" role="outer"/>
  <member type="way" ref="528225226" role="outer"/>
  <member type="way" ref="528234341" role="outer"/>
  <member type="way" ref="528236100" role="outer"/>
  <member type="way" ref="528793734" role="outer"/>
  <member type="way" ref="528796378" role="outer"/>
  <member type="way" ref="528798757" role="outer"/>
  <member type="way" ref="744550316" role="outer"/>
  <member type="way" ref="45325036" role="outer"/>
  <member type="way" ref="730228661" role="outer"/>
  <member type="way" ref="528894617" role="outer"/>
  <member type="way" ref="534202189" role="outer"/>
  <member type="way" ref="535553276" role="outer"/>
  <member type="way" ref="535550256" role="outer"/>
  <member type="way" ref="744550320" role="outer"/>
  <member type="way" ref="744550322" role="outer"/>
  <member type="way" ref="534202186" role="outer"/>
  <member type="way" ref="534210576" role="outer"/>
  <member type="way" ref="744544231" role="outer"/>
  <member type="way" ref="534316609" role="outer"/>
  <member type="way" ref="328160815" role="outer"/>
  <member type="way" ref="534323149" role="outer"/>
  <member type="way" ref="534327344" role="outer"/>
  <member type="way" ref="534327803" role="outer"/>
  <member type="way" ref="756365779" role="outer"/>
  <member type="way" ref="534347340" role="outer"/>
  <member type="way" ref="1193996580" role="outer"/>
  <member type="way" ref="534317311" role="outer"/>
  <member type="way" ref="1193996584" role="outer"/>
  <member type="way" ref="744642624" role="outer"/>
  <member type="way" ref="534358843" role="outer"/>
  <member type="way" ref="1193828429" role="outer"/>
  <member type="way" ref="111459661" role="outer"/>
  <member type="way" ref="481260252" role="outer"/>
  <member type="way" ref="460418460" role="outer"/>
  <member type="way" ref="481259104" role="outer"/>
  <member type="way" ref="480724415" role="outer"/>
  <member type="way" ref="472394221" role="outer"/>
  <member type="way" ref="472395205" role="outer"/>
  <member type="way" ref="1193795681" role="outer"/>
  <member type="way" ref="741837958" role="outer"/>
  <member type="way" ref="328160813" role="outer"/>
  <member type="way" ref="1193787335" role="outer"/>
  <member type="way" ref="472389958" role="outer"/>
  <member type="way" ref="1193787338" role="outer"/>
  <member type="way" ref="472387837" role="outer"/>
  <member type="way" ref="472383848" role="outer"/>
  <member type="way" ref="472383855" role="outer"/>
  <member type="way" ref="472382891" role="outer"/>
  <member type="way" ref="1193677243" role="outer"/>
  <member type="way" ref="472221683" role="outer"/>
  <member type="way" ref="472220769" role="outer"/>
  <member type="way" ref="45328020" role="outer"/>
  <member type="way" ref="1193371881" role="outer"/>
  <member type="way" ref="741837972" role="outer"/>
  <member type="way" ref="464783420" role="outer"/>
  <member type="way" ref="464782668" role="outer"/>
  <member type="way" ref="464782222" role="outer"/>
  <member type="way" ref="463973608" role="outer"/>
  <member type="way" ref="463727890" role="outer"/>
  <member type="way" ref="1193329110" role="outer"/>
  <member type="way" ref="1193329120" role="outer"/>
  <member type="way" ref="1193329121" role="outer"/>
  <member type="way" ref="463711690" role="outer"/>
  <member type="way" ref="463318228" role="outer"/>
  <member type="way" ref="463318040" role="outer"/>
  <member type="way" ref="463091269" role="outer"/>
  <member type="way" ref="1193312950" role="outer"/>
  <member type="way" ref="463090460" role="outer"/>
  <member type="way" ref="1193312956" role="outer"/>
  <member type="way" ref="741837963" role="outer"/>
  <member type="way" ref="463088633" role="outer"/>
  <member type="way" ref="463088113" role="outer"/>
  <member type="way" ref="462857958" role="outer"/>
  <member type="way" ref="462849958" role="outer"/>
  <member type="way" ref="1193268231" role="outer"/>
  <member type="way" ref="462848800" role="outer"/>
  <member type="way" ref="462844924" role="outer"/>
  <member type="way" ref="741837983" role="outer"/>
  <member type="way" ref="460770656" role="outer"/>
  <member type="way" ref="144904302" role="outer"/>
  <member type="way" ref="461964399" role="outer"/>
  <member type="way" ref="1193000941" role="outer"/>
  <member type="way" ref="461963330" role="outer"/>
  <member type="way" ref="760406001" role="outer"/>
  <member type="way" ref="741276427" role="outer"/>
  <member type="way" ref="461965800" role="outer"/>
  <member type="way" ref="461965804" role="outer"/>
  <member type="way" ref="461970690" role="outer"/>
  <member type="way" ref="741311891" role="outer"/>
  <member type="way" ref="328160811" role="outer"/>
  <member type="way" ref="461972515" role="outer"/>
  <member type="way" ref="1192998101" role="outer"/>
  <member type="way" ref="461971862" role="outer"/>
  <member type="way" ref="1193092458" role="outer"/>
  <member type="way" ref="461968509" role="outer"/>
  <member type="way" ref="461179860" role="outer"/>
  <member type="way" ref="448371587" role="outer"/>
  <member type="way" ref="1192929531" role="outer"/>
  <member type="way" ref="448370043" role="outer"/>
  <member type="way" ref="1192929532" role="outer"/>
  <member type="way" ref="448370042" role="outer"/>
  <member type="way" ref="328160814" role="outer"/>
  <member type="way" ref="448368705" role="outer"/>
  <member type="way" ref="741293772" role="outer"/>
  <member type="way" ref="1192924764" role="outer"/>
  <member type="way" ref="448368707" role="outer"/>
  <member type="way" ref="448368704" role="outer"/>
  <member type="way" ref="448366413" role="outer"/>
  <member type="way" ref="448366422" role="outer"/>
  <member type="way" ref="448132218" role="outer"/>
  <member type="way" ref="448125779" role="outer"/>
  <member type="way" ref="741285040" role="outer"/>
  <member type="way" ref="448123680" role="outer"/>
  <member type="way" ref="760258383" role="outer"/>
  <member type="way" ref="448119867" role="outer"/>
  <member type="way" ref="1192918992" role="outer"/>
  <member type="way" ref="448111430" role="outer"/>
  <member type="way" ref="448107578" role="outer"/>
  <member type="way" ref="448041493" role="outer"/>
  <member type="way" ref="448039584" role="outer"/>
  <member type="way" ref="1192693805" role="outer"/>
  <member type="way" ref="741281227" role="outer"/>
  <member type="way" ref="1192645092" role="outer"/>
  <member type="way" ref="132241612" role="outer"/>
  <member type="way" ref="1192645104" role="outer"/>
  <member type="way" ref="447158784" role="outer"/>
  <member type="way" ref="447099490" role="outer"/>
  <member type="way" ref="447099172" role="outer"/>
  <member type="way" ref="1192606616" role="outer"/>
  <member type="way" ref="446891770" role="outer"/>
  <member type="way" ref="446890948" role="outer"/>
  <member type="way" ref="446890961" role="outer"/>
  <member type="way" ref="446889833" role="outer"/>
  <member type="way" ref="446888096" role="outer"/>
  <member type="way" ref="446811538" role="outer"/>
  <member type="way" ref="446798559" role="outer"/>
  <member type="way" ref="434379966" role="outer"/>
  <member type="way" ref="434458243" role="outer"/>
  <member type="way" ref="434379960" role="outer"/>
  <member type="way" ref="741252181" role="outer"/>
  <member type="way" ref="196476564" role="outer"/>
  <member type="way" ref="434372040" role="outer"/>
  <member type="way" ref="434369455" role="outer"/>
  <member type="way" ref="434369454" role="outer"/>
  <member type="way" ref="433489605" role="outer"/>
  <member type="way" ref="432207240" role="outer"/>
  <member type="way" ref="432190349" role="outer"/>
  <member type="way" ref="432148643" role="outer"/>
  <member type="way" ref="431943319" role="outer"/>
  <member type="way" ref="1192571419" role="outer"/>
  <member type="way" ref="741240078" role="outer"/>
  <member type="way" ref="1192571421" role="outer"/>
  <member type="way" ref="328160812" role="outer"/>
  <member type="way" ref="196476584" role="outer"/>
  <member type="way" ref="1192479899" role="outer"/>
  <member type="way" ref="1192479900" role="outer"/>
  <member type="way" ref="406273935" role="outer"/>
  <member type="way" ref="1192479908" role="outer"/>
  <member type="way" ref="406273926" role="outer"/>
  <member type="way" ref="406273940" role="outer"/>
  <member type="way" ref="1192479912" role="outer"/>
  <member type="way" ref="406273931" role="outer"/>
  <member type="way" ref="339887626" role="outer"/>
  <member type="way" ref="741190641" role="outer"/>
  <member type="way" ref="45325026" role="outer"/>
  <member type="way" ref="1190170445" role="outer"/>
  <member type="way" ref="404382497" role="outer"/>
  <member type="way" ref="405328712" role="outer"/>
  <member type="way" ref="406873178" role="outer"/>
  <member type="way" ref="1195592665" role="outer"/>
  <member type="way" ref="406873172" role="outer"/>
  <member type="way" ref="1195592668" role="outer"/>
  <member type="way" ref="759162830" role="outer"/>
  <member type="way" ref="406873180" role="outer"/>
  <member type="way" ref="327941698" role="outer"/>
  <member type="way" ref="404452488" role="outer"/>
  <member type="way" ref="404382498" role="outer"/>
  <member type="way" ref="404359604" role="outer"/>
  <member type="way" ref="404296431" role="outer"/>
  <member type="way" ref="404296430" role="outer"/>
  <member type="way" ref="404294970" role="outer"/>
  <member type="way" ref="404291334" role="outer"/>
  <member type="way" ref="404264621" role="outer"/>
  <member type="way" ref="328041115" role="outer"/>
  <member type="way" ref="1195982109" role="outer"/>
  <member type="way" ref="345708617" role="outer"/>
  <member type="way" ref="398718848" role="outer"/>
  <member type="way" ref="398718837" role="outer"/>
  <member type="way" ref="398718843" role="outer"/>
  <member type="way" ref="398670657" role="outer"/>
  <member type="way" ref="1196002645" role="outer"/>
  <member type="way" ref="1196002651" role="outer"/>
  <member type="way" ref="398589058" role="outer"/>
  <member type="way" ref="144795437" role="outer"/>
  <member type="way" ref="398586387" role="outer"/>
  <member type="way" ref="398583123" role="outer"/>
  <member type="way" ref="398580962" role="outer"/>
  <member type="way" ref="388344350" role="outer"/>
  <member type="way" ref="1196055070" role="outer"/>
  <member type="way" ref="345708616" role="outer"/>
  <member type="way" ref="398577190" role="outer"/>
  <member type="way" ref="398577192" role="outer"/>
  <member type="way" ref="724150940" role="outer"/>
  <member type="way" ref="388344339" role="outer"/>
  <member type="way" ref="398577202" role="outer"/>
  <member type="way" ref="1196056623" role="outer"/>
  <member type="way" ref="327941697" role="outer"/>
  <member type="way" ref="398577205" role="outer"/>
  <member type="way" ref="1196063352" role="outer"/>
  <member type="way" ref="398518283" role="outer"/>
  <member type="way" ref="328041114" role="outer"/>
  <member type="way" ref="398268017" role="outer"/>
  <member type="way" ref="144795438" role="outer"/>
  <member type="way" ref="723769419" role="outer"/>
  <member type="way" ref="398267185" role="outer"/>
  <member type="way" ref="398238533" role="outer"/>
  <member type="way" ref="398238530" role="outer"/>
  <member type="way" ref="398238537" role="outer"/>
  <member type="way" ref="398235562" role="outer"/>
  <member type="way" ref="397932140" role="outer"/>
  <member type="way" ref="397932143" role="outer"/>
  <member type="way" ref="397932137" role="outer"/>
  <member type="way" ref="397850272" role="outer"/>
  <member type="way" ref="1193060740" role="outer"/>
  <member type="way" ref="397856229" role="outer"/>
  <member type="way" ref="397856230" role="outer"/>
  <member type="way" ref="397850270" role="outer"/>
  <member type="way" ref="45325030" role="outer"/>
  <member type="way" ref="397840575" role="outer"/>
  <member type="way" ref="397840578" role="outer"/>
  <member type="way" ref="397809059" role="outer"/>
  <member type="way" ref="397343056" role="outer"/>
  <member type="way" ref="1182943236" role="outer"/>
  <member type="way" ref="144795441" role="outer"/>
  <member type="way" ref="397343025" role="outer"/>
  <member type="way" ref="723549531" role="outer"/>
  <member type="way" ref="1182943251" role="outer"/>
  <member type="way" ref="397157997" role="outer"/>
  <member type="way" ref="285123814" role="outer"/>
  <member type="way" ref="399046444" role="outer"/>
  <member type="way" ref="668725966" role="outer"/>
  <member type="way" ref="399050380" role="outer"/>
  <member type="way" ref="1126477630" role="outer"/>
  <member type="way" ref="399050379" role="outer"/>
  <member type="way" ref="399051677" role="outer"/>
  <member type="way" ref="45325935" role="outer"/>
  <member type="way" ref="399051678" role="outer"/>
  <member type="way" ref="399053162" role="outer"/>
  <member type="way" ref="399053165" role="outer"/>
  <member type="way" ref="758823027" role="outer"/>
  <member type="way" ref="399059230" role="outer"/>
  <member type="way" ref="399059232" role="outer"/>
  <member type="way" ref="385377761" role="outer"/>
  <member type="way" ref="327959505" role="outer"/>
  <member type="way" ref="385461617" role="outer"/>
  <member type="way" ref="385377762" role="outer"/>
  <member type="way" ref="398963615" role="outer"/>
  <member type="way" ref="1191214643" role="outer"/>
  <member type="way" ref="1190302193" role="outer"/>
  <member type="way" ref="1190302194" role="outer"/>
  <member type="way" ref="397141580" role="outer"/>
  <member type="way" ref="397136947" role="outer"/>
  <member type="way" ref="397115045" role="outer"/>
  <member type="way" ref="1190316641" role="outer"/>
  <member type="way" ref="45325024" role="outer"/>
  <member type="way" ref="1190316642" role="outer"/>
  <member type="way" ref="397115041" role="outer"/>
  <member type="way" ref="1190316643" role="outer"/>
  <member type="way" ref="1190316644" role="outer"/>
  <member type="way" ref="1190316645" role="outer"/>
  <member type="way" ref="1190316646" role="outer"/>
  <member type="way" ref="1190302195" role="outer"/>
  <member type="way" ref="1189928875" role="outer"/>
  <member type="way" ref="396991689" role="outer"/>
  <member type="way" ref="396950675" role="outer"/>
  <member type="way" ref="396950676" role="outer"/>
  <member type="way" ref="1185672186" role="outer"/>
  <member type="way" ref="144795434" role="outer"/>
  <member type="way" ref="395743315" role="outer"/>
  <member type="way" ref="1183384255" role="outer"/>
  <member type="way" ref="395743320" role="outer"/>
  <member type="way" ref="395792459" role="outer"/>
  <member type="way" ref="329942875" role="outer"/>
  <member type="way" ref="1183380199" role="outer"/>
  <member type="way" ref="395791275" role="outer"/>
  <member type="way" ref="722781356" role="outer"/>
  <member type="way" ref="395789456" role="outer"/>
  <member type="way" ref="395851788" role="outer"/>
  <member type="way" ref="395848929" role="outer"/>
  <member type="way" ref="395174739" role="outer"/>
  <member type="way" ref="1183340976" role="outer"/>
  <member type="way" ref="1183340980" role="outer"/>
  <member type="way" ref="1183340988" role="outer"/>
  <member type="way" ref="1183340989" role="outer"/>
  <member type="way" ref="395174740" role="outer"/>
  <member type="way" ref="1183340974" role="outer"/>
  <member type="way" ref="45325932" role="outer"/>
  <member type="way" ref="1183302230" role="outer"/>
  <member type="way" ref="394989091" role="outer"/>
  <member type="way" ref="1183302223" role="outer"/>
  <member type="way" ref="144764816" role="outer"/>
  <member type="way" ref="1183302225" role="outer"/>
  <member type="way" ref="1183302238" role="outer"/>
  <member type="way" ref="394989087" role="outer"/>
  <member type="way" ref="1183018485" role="outer"/>
  <member type="way" ref="394975056" role="outer"/>
  <member type="way" ref="722722671" role="outer"/>
  <member type="way" ref="1183018493" role="outer"/>
  <member type="way" ref="394975051" role="outer"/>
  <member type="way" ref="1183018503" role="outer"/>
  <member type="way" ref="47397517" role="outer"/>
  <member type="way" ref="1182997342" role="outer"/>
  <member type="way" ref="394975061" role="outer"/>
  <member type="way" ref="394975052" role="outer"/>
  <member type="way" ref="394975050" role="outer"/>
  <member type="way" ref="1182938666" role="outer"/>
  <member type="way" ref="394975046" role="outer"/>
  <member type="way" ref="1182938673" role="outer"/>
  <member type="way" ref="1182938680" role="outer"/>
  <member type="way" ref="136079056" role="outer"/>
  <member type="way" ref="1182938691" role="outer"/>
  <member type="way" ref="721268760" role="outer"/>
  <member type="way" ref="394975043" role="outer"/>
  <member type="way" ref="1182935052" role="outer"/>
  <member type="way" ref="1182935069" role="outer"/>
  <member type="way" ref="47397523" role="outer"/>
  <member type="way" ref="327955950" role="outer"/>
  <member type="way" ref="327955947" role="outer"/>
  <member type="way" ref="1182667258" role="outer"/>
  <member type="way" ref="1182667274" role="outer"/>
  <member type="way" ref="721276590" role="outer"/>
  <member type="way" ref="394624378" role="outer"/>
  <member type="way" ref="721276587" role="outer"/>
  <member type="way" ref="1182258919" role="outer"/>
  <member type="way" ref="47395260" role="outer"/>
  <member type="way" ref="394465186" role="outer"/>
  <member type="way" ref="1182246707" role="outer"/>
  <member type="way" ref="394465187" role="outer"/>
  <member type="way" ref="327955951" role="outer"/>
  <member type="way" ref="1182246705" role="outer"/>
  <member type="way" ref="394449729" role="outer"/>
  <member type="way" ref="394443979" role="outer"/>
  <member type="way" ref="394442804" role="outer"/>
  <member type="way" ref="394442801" role="outer"/>
  <member type="way" ref="1182244170" role="outer"/>
  <member type="way" ref="394381853" role="outer"/>
  <member type="way" ref="1182244169" role="outer"/>
  <member type="way" ref="1182244187" role="outer"/>
  <member type="way" ref="721017949" role="outer"/>
  <member type="way" ref="328252242" role="outer"/>
  <member type="way" ref="393580891" role="outer"/>
  <member type="way" ref="393579338" role="outer"/>
  <member type="way" ref="1182163371" role="outer"/>
  <member type="way" ref="721017958" role="outer"/>
  <member type="way" ref="393519610" role="outer"/>
  <member type="way" ref="1182163375" role="outer"/>
  <member type="way" ref="393579336" role="outer"/>
  <member type="way" ref="393498653" role="outer"/>
  <member type="way" ref="393517554" role="outer"/>
  <member type="way" ref="1182108702" role="outer"/>
  <member type="way" ref="330810113" role="outer"/>
  <member type="way" ref="1182108710" role="outer"/>
  <member type="way" ref="393517560" role="outer"/>
  <member type="way" ref="393491952" role="outer"/>
  <member type="way" ref="393485414" role="outer"/>
  <member type="way" ref="393485405" role="outer"/>
  <member type="way" ref="1182088303" role="outer"/>
  <member type="way" ref="393485410" role="outer"/>
  <member type="way" ref="1182088305" role="outer"/>
  <member type="way" ref="1182087078" role="outer"/>
  <member type="way" ref="393485403" role="outer"/>
  <member type="way" ref="1182085890" role="outer"/>
  <member type="way" ref="393353035" role="outer"/>
  <member type="way" ref="1182085892" role="outer"/>
  <member type="way" ref="393283466" role="outer"/>
  <member type="way" ref="330670798" role="outer"/>
  <member type="way" ref="330670796" role="outer"/>
  <member type="way" ref="330594927" role="outer"/>
  <member type="way" ref="1034908123" role="outer"/>
  <member type="way" ref="775123555" role="outer"/>
  <member type="way" ref="1243995206" role="outer"/>
  <member type="way" ref="1243995205" role="outer"/>
  <member type="way" ref="1243995204" role="outer"/>
  <member type="way" ref="1243995203" role="outer"/>
  <member type="way" ref="1243995202" role="outer"/>
  <member type="way" ref="148107460" role="outer"/>
  <member type="way" ref="745377243" role="outer"/>
  <member type="way" ref="201989216" role="outer"/>
  <member type="way" ref="201989214" role="outer"/>
  <member type="way" ref="393979062" role="outer"/>
  <member type="way" ref="806965654" role="outer"/>
  <member type="way" ref="204426587" role="outer"/>
  <member type="way" ref="47378718" role="outer"/>
  <member type="way" ref="721017960" role="outer"/>
  <member type="way" ref="201989222" role="outer"/>
  <member type="way" ref="47378180" role="outer"/>
  <member type="way" ref="201989211" role="outer"/>
  <member type="way" ref="537050619" role="outer"/>
  <member type="way" ref="201989215" role="outer"/>
  <member type="way" ref="537050618" role="outer"/>
  <member type="way" ref="47377950" role="outer"/>
  <member type="way" ref="680010956" role="outer"/>
  <member type="way" ref="680010957" role="outer"/>
  <member type="way" ref="46342323" role="outer"/>
  <member type="way" ref="201989206" role="outer"/>
  <member type="way" ref="201989203" role="outer"/>
  <member type="way" ref="537050612" role="outer"/>
  <member type="way" ref="201989212" role="outer"/>
  <member type="way" ref="719025933" role="outer"/>
  <member type="way" ref="201989224" role="outer"/>
  <member type="way" ref="719025932" role="outer"/>
  <member type="way" ref="201989221" role="outer"/>
  <member type="way" ref="537052157" role="outer"/>
  <member type="way" ref="201989201" role="outer"/>
  <member type="way" ref="201989213" role="outer"/>
  <member type="way" ref="201989217" role="outer"/>
  <member type="way" ref="201989210" role="outer"/>
  <member type="way" ref="1498755887" role="outer"/>
  <member type="way" ref="1498755882" role="outer"/>
  <member type="way" ref="288962101" role="outer"/>
  <member type="way" ref="868036658" role="outer"/>
  <member type="way" ref="1498755884" role="outer"/>
  <member type="way" ref="536962322" role="outer"/>
  <member type="way" ref="201989207" role="outer"/>
  <member type="way" ref="201989218" role="outer"/>
  <member type="way" ref="201989219" role="outer"/>
  <member type="way" ref="537053851" role="outer"/>
  <member type="way" ref="202057037" role="outer"/>
  <member type="way" ref="202057039" role="outer"/>
  <member type="way" ref="484823878" role="outer"/>
  <member type="way" ref="484548020" role="outer"/>
  <member type="way" ref="484553387" role="outer"/>
  <member type="way" ref="201989209" role="outer"/>
  <member type="way" ref="1452774041" role="outer"/>
  <member type="way" ref="1452774042" role="outer"/>
  <member type="way" ref="537069331" role="outer"/>
  <member type="way" ref="201989205" role="outer"/>
  <member type="way" ref="201963201" role="outer"/>
  <member type="way" ref="843910193" role="outer"/>
  <member type="way" ref="1305062634" role="outer"/>
  <member type="way" ref="845790751" role="outer"/>
  <member type="way" ref="845790750" role="outer"/>
  <member type="way" ref="1361381571" role="outer"/>
  <member type="way" ref="1361381570" role="outer"/>
  <member type="way" ref="1361381572" role="outer"/>
  <member type="way" ref="201963204" role="outer"/>
  <member type="way" ref="911415831" role="outer"/>
  <member type="way" ref="201963202" role="outer"/>
  <member type="way" ref="201963203" role="outer"/>
  <member type="way" ref="817049118" role="outer"/>
  <member type="way" ref="804672674" role="outer"/>
  <member type="way" ref="201864294" role="outer"/>
  <member type="way" ref="1454180185" role="outer"/>
  <member type="way" ref="201864295" role="outer"/>
  <member type="way" ref="1305062635" role="outer"/>
  <member type="way" ref="201864296" role="outer"/>
  <member type="way" ref="201864293" role="outer"/>
  <member type="way" ref="1453878646" role="outer"/>
  <member type="way" ref="899519646" role="outer"/>
  <member type="way" ref="1453878643" role="outer"/>
  <member type="way" ref="898009158" role="outer"/>
  <member type="way" ref="826045692" role="outer"/>
  <member type="way" ref="895941548" role="outer"/>
  <member type="way" ref="201864292" role="outer"/>
  <member type="way" ref="973960228" role="outer"/>
  <member type="way" ref="973960227" role="outer"/>
  <member type="way" ref="296644252" role="outer"/>
  <member type="way" ref="525054377" role="outer"/>
  <member type="way" ref="563799816" role="outer"/>
  <member type="way" ref="1493090667" role="outer"/>
  <member type="way" ref="204779878" role="outer"/>
  <member type="way" ref="201864297" role="outer"/>
  <member type="way" ref="340317211" role="outer"/>
  <member type="way" ref="204784124" role="outer"/>
  <member type="way" ref="201864290" role="outer"/>
  <member type="way" ref="1168804850" role="outer"/>
  <member type="way" ref="484308119" role="outer"/>
  <member type="way" ref="329316222" role="outer"/>
  <member type="way" ref="905717165" role="outer"/>
  <member type="way" ref="1276291269" role="outer"/>
  <member type="way" ref="132959991" role="outer"/>
  <member type="way" ref="754090663" role="outer"/>
  <member type="way" ref="586703158" role="outer"/>
  <member type="way" ref="1168804844" role="outer"/>
  <member type="way" ref="741956963" role="outer"/>
  <member type="way" ref="586703113" role="outer"/>
  <member type="way" ref="586703114" role="outer"/>
  <member type="way" ref="1327845756" role="outer"/>
  <member type="way" ref="1168804847" role="outer"/>
  <member type="way" ref="831368207" role="outer"/>
  <member type="way" ref="831368208" role="outer"/>
  <member type="way" ref="831328508" role="outer"/>
  <member type="way" ref="831326963" role="outer"/>
  <member type="way" ref="831326962" role="outer"/>
  <member type="way" ref="711800850" role="outer"/>
  <member type="way" ref="711800848" role="outer"/>
  <member type="way" ref="1168813188" role="outer"/>
  <member type="way" ref="586703111" role="outer"/>
  <member type="way" ref="754022067" role="outer"/>
  <member type="way" ref="754022064" role="outer"/>
  <member type="way" ref="687745245" role="outer"/>
  <member type="way" ref="586703112" role="outer"/>
  <member type="way" ref="1208805194" role="outer"/>
  <member type="way" ref="586703128" role="outer"/>
  <member type="way" ref="753881192" role="outer"/>
  <member type="way" ref="586703110" role="outer"/>
  <member type="way" ref="753862699" role="outer"/>
  <member type="way" ref="753873786" role="outer"/>
  <member type="way" ref="586703142" role="outer"/>
  <member type="way" ref="586703149" role="outer"/>
  <member type="way" ref="1208704561" role="outer"/>
  <member type="way" ref="715330049" role="outer"/>
  <member type="way" ref="715330050" role="outer"/>
  <member type="way" ref="586703152" role="outer"/>
  <member type="way" ref="1208704558" role="outer"/>
  <member type="way" ref="753873784" role="outer"/>
  <member type="way" ref="753226353" role="outer"/>
  <member type="way" ref="586703151" role="outer"/>
  <member type="way" ref="1208704556" role="outer"/>
  <member type="way" ref="1208704559" role="outer"/>
  <member type="way" ref="753226352" role="outer"/>
  <member type="way" ref="753226350" role="outer"/>
  <member type="way" ref="914054260" role="outer"/>
  <member type="way" ref="586703153" role="outer"/>
  <member type="way" ref="586703155" role="outer"/>
  <member type="way" ref="586703109" role="outer"/>
  <member type="way" ref="687791386" role="outer"/>
  <member type="way" ref="753220693" role="outer"/>
  <member type="way" ref="711425439" role="outer"/>
  <member type="way" ref="586703156" role="outer"/>
  <member type="way" ref="1208662329" role="outer"/>
  <member type="way" ref="1253359921" role="outer"/>
  <member type="way" ref="1253359920" role="outer"/>
  <member type="way" ref="586703157" role="outer"/>
  <member type="way" ref="711403829" role="outer"/>
  <member type="way" ref="711403827" role="outer"/>
  <member type="way" ref="711403826" role="outer"/>
  <member type="way" ref="1208657659" role="outer"/>
  <member type="way" ref="753220687" role="outer"/>
  <member type="way" ref="753192811" role="outer"/>
  <member type="way" ref="1034042790" role="outer"/>
  <member type="way" ref="687791426" role="outer"/>
  <member type="way" ref="1034042791" role="outer"/>
  <member type="way" ref="586687993" role="outer"/>
  <member type="way" ref="753192810" role="outer"/>
  <member type="way" ref="753192807" role="outer"/>
  <member type="way" ref="1018980068" role="outer"/>
  <member type="way" ref="586687994" role="outer"/>
  <member type="way" ref="1190576550" role="outer"/>
  <member type="way" ref="753192802" role="outer"/>
  <member type="way" ref="1190576580" role="outer"/>
  <member type="way" ref="687829923" role="outer"/>
  <member type="way" ref="1190576581" role="outer"/>
  <member type="way" ref="753080693" role="outer"/>
  <member type="way" ref="586687995" role="outer"/>
  <member type="way" ref="753080684" role="outer"/>
  <member type="way" ref="685512861" role="outer"/>
  <member type="way" ref="711236978" role="outer"/>
  <member type="way" ref="1015354551" role="outer"/>
  <member type="way" ref="1226129087" role="outer"/>
  <member type="way" ref="1226123368" role="outer"/>
  <member type="way" ref="143827382" role="outer"/>
  <member type="way" ref="754632587" role="outer"/>
  <member type="way" ref="902751653" role="outer"/>
  <member type="way" ref="1190576583" role="outer"/>
  <member type="way" ref="711236983" role="outer"/>
  <member type="way" ref="711232941" role="outer"/>
  <member type="way" ref="1015354549" role="outer"/>
  <member type="way" ref="1190576582" role="outer"/>
  <member type="way" ref="586687996" role="outer"/>
  <member type="way" ref="1190576536" role="outer"/>
  <member type="way" ref="1190576535" role="outer"/>
  <member type="way" ref="711137505" role="outer"/>
  <member type="way" ref="685517616" role="outer"/>
  <member type="way" ref="1207305976" role="outer"/>
  <member type="way" ref="711397800" role="outer"/>
  <member type="way" ref="1190576534" role="outer"/>
  <member type="way" ref="263782367" role="outer"/>
  <member type="way" ref="586687999" role="outer"/>
  <member type="way" ref="754831831" role="outer"/>
  <member type="way" ref="1017955068" role="outer"/>
  <member type="way" ref="711934898" role="outer"/>
  <member type="way" ref="1017955066" role="outer"/>
  <member type="way" ref="685507735" role="outer"/>
  <member type="way" ref="1017955064" role="outer"/>
  <member type="way" ref="1190576533" role="outer"/>
  <member type="way" ref="711934903" role="outer"/>
  <member type="way" ref="1237236091" role="outer"/>
  <member type="way" ref="711497989" role="outer"/>
  <member type="way" ref="1190576490" role="outer"/>
  <member type="way" ref="1017955062" role="outer"/>
  <member type="way" ref="253403862" role="outer"/>
  <member type="way" ref="1190576491" role="outer"/>
  <member type="way" ref="692537950" role="outer"/>
  <member type="way" ref="692537948" role="outer"/>
  <member type="way" ref="1190576492" role="outer"/>
  <member type="way" ref="692559461" role="outer"/>
  <member type="way" ref="1207813445" role="outer"/>
  <member type="way" ref="1190576484" role="outer"/>
  <member type="way" ref="1190576485" role="outer"/>
  <member type="way" ref="143862799" role="outer"/>
  <member type="way" ref="693667159" role="outer"/>
  <member type="way" ref="692565384" role="outer"/>
  <member type="way" ref="693667158" role="outer"/>
  <member type="way" ref="692565386" role="outer"/>
  <member type="way" ref="1190576483" role="outer"/>
  <member type="way" ref="586687978" role="outer"/>
  <member type="way" ref="692772462" role="outer"/>
  <member type="way" ref="692827380" role="outer"/>
  <member type="way" ref="1190576482" role="outer"/>
  <member type="way" ref="586687979" role="outer"/>
  <member type="way" ref="1190576477" role="outer"/>
  <member type="way" ref="1190576481" role="outer"/>
  <member type="way" ref="1190576476" role="outer"/>
  <member type="way" ref="1211343105" role="outer"/>
  <member type="way" ref="1211343113" role="outer"/>
  <member type="way" ref="1211485134" role="outer"/>
  <member type="way" ref="1251046314" role="outer"/>
  <member type="way" ref="1253453818" role="outer"/>
  <member type="way" ref="1251055882" role="outer"/>
  <member type="way" ref="1253453821" role="outer"/>
  <member type="way" ref="1251055883" role="outer"/>
  <member type="way" ref="1251055892" role="outer"/>
  <member type="way" ref="1251055890" role="outer"/>
  <member type="way" ref="1251055884" role="outer"/>
  <member type="way" ref="1251055885" role="outer"/>
  <member type="way" ref="586687980" role="outer"/>
  <member type="way" ref="1211620817" role="outer"/>
  <member type="way" ref="586687981" role="outer"/>
  <member type="way" ref="1211115730" role="outer"/>
  <member type="way" ref="693080733" role="outer"/>
  <member type="way" ref="693085320" role="outer"/>
  <member type="way" ref="755580940" role="outer"/>
  <member type="way" ref="586687982" role="outer"/>
  <member type="way" ref="755580936" role="outer"/>
  <member type="way" ref="1210922879" role="outer"/>
  <member type="way" ref="586687983" role="outer"/>
  <member type="way" ref="1210893801" role="outer"/>
  <member type="way" ref="1109750368" role="outer"/>
  <member type="way" ref="586687984" role="outer"/>
  <member type="way" ref="1253446774" role="outer"/>
  <member type="way" ref="586687990" role="outer"/>
  <member type="way" ref="1210893797" role="outer"/>
  <member type="way" ref="586690210" role="outer"/>
  <member type="way" ref="586687991" role="outer"/>
  <member type="way" ref="586687989" role="outer"/>
  <member type="way" ref="689949477" role="outer"/>
  <member type="way" ref="586687986" role="outer"/>
  <member type="way" ref="586687992" role="outer"/>
  <member type="way" ref="690998419" role="outer"/>
  <member type="way" ref="406255736" role="outer"/>
  <member type="way" ref="1435830124" role="outer"/>
  <member type="way" ref="157387301" role="outer"/>
  <member type="way" ref="936802039" role="outer"/>
  <member type="way" ref="936802032" role="outer"/>
  <member type="way" ref="936802033" role="outer"/>
  <member type="way" ref="936802035" role="outer"/>
  <member type="way" ref="1207058607" role="outer"/>
  <member type="way" ref="1207058603" role="outer"/>
  <member type="way" ref="1207058606" role="outer"/>
  <member type="way" ref="1207058605" role="outer"/>
  <member type="way" ref="936802037" role="outer"/>
  <member type="way" ref="936802034" role="outer"/>
  <member type="way" ref="936802036" role="outer"/>
  <member type="way" ref="400848013" role="outer"/>
  <member type="way" ref="682309721" role="outer"/>
  <member type="way" ref="331220188" role="outer"/>
  <member type="way" ref="682309723" role="outer"/>
  <member type="way" ref="687624855" role="outer"/>
  <member type="way" ref="690028868" role="outer"/>
  <member type="way" ref="155164863" role="outer"/>
  <member type="way" ref="1076221206" role="outer"/>
  <member type="way" ref="752717774" role="outer"/>
  <member type="way" ref="1077421174" role="outer"/>
  <member type="way" ref="228393704" role="outer"/>
  <member type="way" ref="752713900" role="outer"/>
  <member type="way" ref="1077421196" role="outer"/>
  <member type="way" ref="752713918" role="outer"/>
  <member type="way" ref="1077421197" role="outer"/>
  <member type="way" ref="155164864" role="outer"/>
  <member type="way" ref="283881286" role="outer"/>
  <member type="way" ref="686261115" role="outer"/>
  <member type="way" ref="155164843" role="outer"/>
  <member type="way" ref="907212974" role="outer"/>
  <member type="way" ref="752686172" role="outer"/>
  <member type="way" ref="752686177" role="outer"/>
  <member type="way" ref="283881287" role="outer"/>
  <member type="way" ref="1077421195" role="outer"/>
  <member type="way" ref="686261114" role="outer"/>
  <member type="way" ref="620330796" role="outer"/>
  <member type="way" ref="752305853" role="outer"/>
  <member type="way" ref="145750052" role="outer"/>
  <member type="way" ref="685818100" role="outer"/>
  <member type="way" ref="752305851" role="outer"/>
  <member type="way" ref="620330793" role="outer"/>
  <member type="way" ref="620322797" role="outer"/>
  <member type="way" ref="1076221419" role="outer"/>
  <member type="way" ref="619854487" role="outer"/>
  <member type="way" ref="752305858" role="outer"/>
  <member type="way" ref="619854488" role="outer"/>
  <member type="way" ref="685813958" role="outer"/>
  <member type="way" ref="206642072" role="outer"/>
  <member type="way" ref="206642073" role="outer"/>
  <member type="way" ref="1076221415" role="outer"/>
  <member type="way" ref="685813959" role="outer"/>
  <member type="way" ref="206644834" role="outer"/>
  <member type="way" ref="28294329" role="outer"/>
  <member type="way" ref="1076357676" role="outer"/>
  <member type="way" ref="751811364" role="outer"/>
  <member type="way" ref="1076357686" role="outer"/>
  <member type="way" ref="288306178" role="outer"/>
  <member type="way" ref="751811394" role="outer"/>
  <member type="way" ref="1076357688" role="outer"/>
  <member type="way" ref="751811409" role="outer"/>
  <member type="way" ref="684940528" role="outer"/>
  <member type="way" ref="751811414" role="outer"/>
  <member type="way" ref="751811426" role="outer"/>
  <member type="way" ref="751811432" role="outer"/>
  <member type="way" ref="751811458" role="outer"/>
  <member type="way" ref="751811463" role="outer"/>
  <member type="way" ref="1299763722" role="outer"/>
  <member type="way" ref="751664750" role="outer"/>
  <member type="way" ref="1076357696" role="outer"/>
  <member type="way" ref="133295842" role="outer"/>
  <member type="way" ref="751664755" role="outer"/>
  <member type="way" ref="239809732" role="outer"/>
  <member type="way" ref="684611767" role="outer"/>
  <member type="way" ref="751664768" role="outer"/>
  <member type="way" ref="1076357717" role="outer"/>
  <member type="way" ref="239809731" role="outer"/>
  <member type="way" ref="1076357718" role="outer"/>
  <member type="way" ref="133295827" role="outer"/>
  <member type="way" ref="751637909" role="outer"/>
  <member type="way" ref="1076357745" role="outer"/>
  <member type="way" ref="290443593" role="outer"/>
  <member type="way" ref="751637883" role="outer"/>
  <member type="way" ref="1076357747" role="outer"/>
  <member type="way" ref="684611765" role="outer"/>
  <member type="way" ref="1444591759" role="outer"/>
  <member type="way" ref="1444591764" role="outer"/>
  <member type="way" ref="1442419757" role="outer"/>
  <member type="way" ref="751637912" role="outer"/>
  <member type="way" ref="1442419759" role="outer"/>
  <member type="way" ref="1076357748" role="outer"/>
  <member type="way" ref="1442419763" role="outer"/>
  <member type="way" ref="751637885" role="outer"/>
  <member type="way" ref="1076357755" role="outer"/>
  <member type="way" ref="1442419760" role="outer"/>
  <member type="way" ref="154887624" role="outer"/>
  <member type="way" ref="1443362994" role="outer"/>
  <member type="way" ref="1076357759" role="outer"/>
  <member type="way" ref="154887673" role="outer"/>
  <member type="way" ref="751637915" role="outer"/>
  <member type="way" ref="1444629707" role="outer"/>
  <member type="way" ref="1444629704" role="outer"/>
  <member type="way" ref="133295838" role="outer"/>
  <member type="way" ref="1076221474" role="outer"/>
  <member type="way" ref="751637938" role="outer"/>
  <member type="way" ref="688627598" role="outer"/>
  <member type="way" ref="1442078969" role="outer"/>
  <member type="way" ref="1442078967" role="outer"/>
  <member type="way" ref="133295124" role="outer"/>
  <member type="way" ref="1076221473" role="outer"/>
  <member type="way" ref="751608887" role="outer"/>
  <member type="way" ref="1459670210" role="outer"/>
  <member type="way" ref="1459670213" role="outer"/>
  <member type="way" ref="1076221442" role="outer"/>
  <member type="way" ref="1076357725" role="outer"/>
  <member type="way" ref="680866407" role="outer"/>
  <member type="way" ref="1459131454" role="outer"/>
  <member type="way" ref="751608889" role="outer"/>
  <member type="way" ref="751608895" role="outer"/>
  <member type="way" ref="1459131456" role="outer"/>
  <member type="way" ref="1459131449" role="outer"/>
  <member type="way" ref="751608901" role="outer"/>
  <member type="way" ref="1459131444" role="outer"/>
  <member type="way" ref="133258812" role="outer"/>
  <member type="way" ref="1076357723" role="outer"/>
  <member type="way" ref="1459346322" role="outer"/>
  <member type="way" ref="1435901099" role="outer"/>
  <member type="way" ref="1459467864" role="outer"/>
  <member type="way" ref="1076357724" role="outer"/>
  <member type="way" ref="1459467868" role="outer"/>
  <member type="way" ref="751608919" role="outer"/>
  <member type="way" ref="1459467862" role="outer"/>
  <member type="way" ref="546219301" role="outer"/>
  <member type="way" ref="751608929" role="outer"/>
  <member type="way" ref="1447258832" role="outer"/>
  <member type="way" ref="546219318" role="outer"/>
  <member type="way" ref="527611268" role="outer"/>
  <member type="way" ref="154887617" role="outer"/>
  <member type="way" ref="546210590" role="outer"/>
  <member type="way" ref="527611285" role="outer"/>
  <member type="way" ref="1449263145" role="outer"/>
  <member type="way" ref="1449263140" role="outer"/>
  <member type="way" ref="546192370" role="outer"/>
  <member type="way" ref="154887672" role="outer"/>
  <member type="way" ref="1449570062" role="outer"/>
  <member type="way" ref="1449570067" role="outer"/>
  <member type="way" ref="1449570072" role="outer"/>
  <member type="way" ref="133258826" role="outer"/>
  <member type="way" ref="1449570070" role="outer"/>
  <member type="way" ref="1449570075" role="outer"/>
  <member type="way" ref="133257080" role="outer"/>
  <member type="way" ref="546192368" role="outer"/>
  <member type="way" ref="1449570074" role="outer"/>
  <member type="way" ref="1449570065" role="outer"/>
  <member type="way" ref="1449570063" role="outer"/>
  <member type="way" ref="1449570060" role="outer"/>
  <member type="way" ref="546192367" role="outer"/>
  <member type="way" ref="751563101" role="outer"/>
  <member type="way" ref="1449263136" role="outer"/>
  <member type="way" ref="1449263132" role="outer"/>
  <member type="way" ref="133142038" role="outer"/>
  <member type="way" ref="1449263154" role="outer"/>
  <member type="way" ref="546210564" role="outer"/>
  <member type="way" ref="1447546994" role="outer"/>
  <member type="way" ref="546412685" role="outer"/>
  <member type="way" ref="546425345" role="outer"/>
  <member type="way" ref="751506397" role="outer"/>
  <member type="way" ref="133137325" role="outer"/>
  <member type="way" ref="1436613702" role="outer"/>
  <member type="way" ref="591142999" role="outer"/>
  <member type="way" ref="1436613709" role="outer"/>
  <member type="way" ref="679027935" role="outer"/>
  <member type="way" ref="687802266" role="outer"/>
  <member type="way" ref="680102958" role="outer"/>
  <member type="way" ref="751512696" role="outer"/>
  <member type="way" ref="687906154" role="outer"/>
  <member type="way" ref="687907111" role="outer"/>
  <member type="way" ref="687906153" role="outer"/>
  <member type="way" ref="1076357732" role="outer"/>
  <member type="way" ref="1433877627" role="outer"/>
  <member type="way" ref="1433877631" role="outer"/>
  <member type="way" ref="679027937" role="outer"/>
  <member type="way" ref="1433877619" role="outer"/>
  <member type="way" ref="653912256" role="outer"/>
  <member type="way" ref="1433877635" role="outer"/>
  <member type="way" ref="653912251" role="outer"/>
  <member type="way" ref="1433877637" role="outer"/>
  <member type="way" ref="133147360" role="outer"/>
  <member type="way" ref="1433877633" role="outer"/>
  <member type="way" ref="1433877622" role="outer"/>
  <member type="way" ref="1433877625" role="outer"/>
  <member type="way" ref="751512704" role="outer"/>
  <member type="way" ref="751512710" role="outer"/>
  <member type="way" ref="1433877628" role="outer"/>
  <member type="way" ref="1076357733" role="outer"/>
  <member type="way" ref="1434060023" role="outer"/>
  <member type="way" ref="1433979298" role="outer"/>
  <member type="way" ref="1434060013" role="outer"/>
  <member type="way" ref="1434060005" role="outer"/>
  <member type="way" ref="133166442" role="outer"/>
  <member type="way" ref="1434060010" role="outer"/>
  <member type="way" ref="1076357734" role="outer"/>
  <member type="way" ref="1433954058" role="outer"/>
  <member type="way" ref="1433954054" role="outer"/>
  <member type="way" ref="145025630" role="outer"/>
  <member type="way" ref="305675944" role="outer"/>
  <member type="way" ref="1433937471" role="outer"/>
  <member type="way" ref="1076357729" role="outer"/>
  <member type="way" ref="751512726" role="outer"/>
  <member type="way" ref="603974330" role="outer"/>
  <member type="way" ref="751512730" role="outer"/>
  <member type="way" ref="603956176" role="outer"/>
  <member type="way" ref="1457193145" role="outer"/>
  <member type="way" ref="1457193148" role="outer"/>
  <member type="way" ref="1457193153" role="outer"/>
  <member type="way" ref="733697221" role="outer"/>
  <member type="way" ref="603959905" role="outer"/>
  <member type="way" ref="1457338066" role="outer"/>
  <member type="way" ref="603956180" role="outer"/>
  <member type="way" ref="1457338059" role="outer"/>
  <member type="way" ref="133305660" role="outer"/>
  <member type="way" ref="1457338053" role="outer"/>
  <member type="way" ref="751512844" role="outer"/>
  <member type="way" ref="1457338052" role="outer"/>
  <member type="way" ref="1457338057" role="outer"/>
  <member type="way" ref="1457338061" role="outer"/>
  <member type="way" ref="724752494" role="outer"/>
  <member type="way" ref="1457338073" role="outer"/>
  <member type="way" ref="133305668" role="outer"/>
  <member type="way" ref="1457338048" role="outer"/>
  <member type="way" ref="871155938" role="outer"/>
  <member type="way" ref="749893484" role="outer"/>
  <member type="way" ref="1458861520" role="outer"/>
  <member type="way" ref="1458881479" role="outer"/>
  <member type="way" ref="724752493" role="outer"/>
  <member type="way" ref="749893483" role="outer"/>
  <member type="way" ref="1076221373" role="outer"/>
  <member type="way" ref="724781883" role="outer"/>
  <member type="way" ref="1076357774" role="outer"/>
  <member type="way" ref="1458379839" role="outer"/>
  <member type="way" ref="1458379842" role="outer"/>
  <member type="way" ref="686317560" role="outer"/>
  <member type="way" ref="1458379830" role="outer"/>
  <member type="way" ref="1436114737" role="outer"/>
  <member type="way" ref="724781885" role="outer"/>
  <member type="way" ref="294994287" role="outer"/>
  <member type="way" ref="1076221445" role="outer"/>
  <member type="way" ref="1310983011" role="outer"/>
  <member type="way" ref="1311188400" role="outer"/>
  <member type="way" ref="685418574" role="outer"/>
  <member type="way" ref="751313946" role="outer"/>
  <member type="way" ref="686321874" role="outer"/>
  <member type="way" ref="1076221281" role="outer"/>
  <member type="way" ref="150349738" role="outer"/>
  <member type="way" ref="1076357775" role="outer"/>
  <member type="way" ref="729375362" role="outer"/>
  <member type="way" ref="685400005" role="outer"/>
  <member type="way" ref="150469469" role="outer"/>
  <member type="way" ref="1076221210" role="outer"/>
  <member type="way" ref="751308545" role="outer"/>
  <member type="way" ref="751308549" role="outer"/>
  <member type="way" ref="358925581" role="outer"/>
  <member type="way" ref="358925580" role="outer"/>
  <member type="way" ref="295000399" role="outer"/>
  <member type="way" ref="1436118593" role="outer"/>
  <member type="way" ref="1076997988" role="outer"/>
  <member type="way" ref="150469473" role="outer"/>
  <member type="way" ref="1076997987" role="outer"/>
  <member type="way" ref="1076997986" role="outer"/>
  <member type="way" ref="150472733" role="outer"/>
  <member type="way" ref="780624550" role="outer"/>
  <member type="way" ref="1210727506" role="outer"/>
  <member type="way" ref="751292204" role="outer"/>
  <member type="way" ref="751292208" role="outer"/>
  <member type="way" ref="1210727507" role="outer"/>
  <member type="way" ref="1076997985" role="outer"/>
  <member type="way" ref="685605975" role="outer"/>
  <member type="way" ref="1076997980" role="outer"/>
  <member type="way" ref="686329523" role="outer"/>
  <member type="way" ref="686347965" role="outer"/>
  <member type="way" ref="686347966" role="outer"/>
  <member type="way" ref="686347967" role="outer"/>
  <member type="way" ref="28294236" role="outer"/>
  <member type="way" ref="1076997990" role="outer"/>
  <member type="way" ref="726098792" role="outer"/>
  <member type="way" ref="354481312" role="outer"/>
  <member type="way" ref="686342897" role="outer"/>
  <member type="way" ref="686340597" role="outer"/>
  <member type="way" ref="726098801" role="outer"/>
  <member type="way" ref="686340618" role="outer"/>
  <member type="way" ref="726098808" role="outer"/>
  <member type="way" ref="686100703" role="outer"/>
  <member type="way" ref="1076221429" role="outer"/>
  <member type="way" ref="686093832" role="outer"/>
  <member type="way" ref="728946473" role="outer"/>
  <member type="way" ref="728862223" role="outer"/>
  <member type="way" ref="686100702" role="outer"/>
  <member type="way" ref="686093833" role="outer"/>
  <member type="way" ref="686093834" role="outer"/>
  <member type="way" ref="686139979" role="outer"/>
  <member type="way" ref="728866100" role="outer"/>
  <member type="way" ref="728866099" role="outer"/>
  <member type="way" ref="686093896" role="outer"/>
  <member type="way" ref="1076221425" role="outer"/>
  <member type="way" ref="686070170" role="outer"/>
  <member type="way" ref="686064056" role="outer"/>
  <member type="way" ref="728953338" role="outer"/>
  <member type="way" ref="780158073" role="outer"/>
  <member type="way" ref="686064061" role="outer"/>
  <member type="way" ref="780158075" role="outer"/>
  <member type="way" ref="728953341" role="outer"/>
  <member type="way" ref="686125834" role="outer"/>
  <member type="way" ref="1076997949" role="outer"/>
  <member type="way" ref="728988002" role="outer"/>
  <member type="way" ref="686064062" role="outer"/>
  <member type="way" ref="1076997944" role="outer"/>
  <member type="way" ref="728988021" role="outer"/>
  <member type="way" ref="686123281" role="outer"/>
  <member type="way" ref="729001277" role="outer"/>
  <member type="way" ref="686048770" role="outer"/>
  <member type="way" ref="686048782" role="outer"/>
  <member type="way" ref="1076997945" role="outer"/>
  <member type="way" ref="1077275649" role="outer"/>
  <member type="way" ref="729001274" role="outer"/>
  <member type="way" ref="686048793" role="outer"/>
  <member type="way" ref="729001273" role="outer"/>
  <member type="way" ref="685987290" role="outer"/>
  <member type="way" ref="1077275648" role="outer"/>
  <member type="way" ref="685987307" role="outer"/>
  <member type="way" ref="685987289" role="outer"/>
  <member type="way" ref="1077202872" role="outer"/>
  <member type="way" ref="685982880" role="outer"/>
  <member type="way" ref="819658964" role="outer"/>
  <member type="way" ref="819658963" role="outer"/>
  <member type="way" ref="1077202873" role="outer"/>
  <member type="way" ref="729019680" role="outer"/>
  <member type="way" ref="656848972" role="outer"/>
  <member type="way" ref="729019681" role="outer"/>
  <member type="way" ref="656848971" role="outer"/>
  <member type="way" ref="685982845" role="outer"/>
  <member type="way" ref="1077202876" role="outer"/>
  <member type="way" ref="685982846" role="outer"/>
  <member type="way" ref="729019670" role="outer"/>
  <member type="way" ref="1436190517" role="outer"/>
  <member type="way" ref="167237595" role="outer"/>
  <member type="way" ref="780168130" role="outer"/>
  <member type="way" ref="686117776" role="outer"/>
  <member type="way" ref="685928769" role="outer"/>
  <member type="way" ref="780168132" role="outer"/>
  <member type="way" ref="780168133" role="outer"/>
  <member type="way" ref="685982859" role="outer"/>
  <member type="way" ref="729009343" role="outer"/>
  <member type="way" ref="1436187671" role="outer"/>
  <member type="way" ref="685969999" role="outer"/>
  <member type="way" ref="729009363" role="outer"/>
  <member type="way" ref="686135933" role="outer"/>
  <member type="way" ref="685982860" role="outer"/>
  <member type="way" ref="1436182864" role="outer"/>
  <member type="way" ref="685948343" role="outer"/>
  <member type="way" ref="780216405" role="outer"/>
  <member type="way" ref="685969998" role="outer"/>
  <member type="way" ref="728946400" role="outer"/>
  <member type="way" ref="728946409" role="outer"/>
  <member type="way" ref="685969987" role="outer"/>
  <member type="way" ref="685982861" role="outer"/>
  <member type="way" ref="685969967" role="outer"/>
  <member type="way" ref="685982873" role="outer"/>
  <member type="way" ref="685982878" role="outer"/>
  <member type="way" ref="685969966" role="outer"/>
  <member type="way" ref="685969964" role="outer"/>
  <member type="way" ref="661445389" role="outer"/>
  <member type="way" ref="661445390" role="outer"/>
  <member type="way" ref="728710983" role="outer"/>
  <member type="way" ref="661437151" role="outer"/>
  <member type="way" ref="1077202868" role="outer"/>
  <member type="way" ref="728288351" role="outer"/>
  <member type="way" ref="661437156" role="outer"/>
  <member type="way" ref="661431813" role="outer"/>
  <member type="way" ref="1077202867" role="outer"/>
  <member type="way" ref="661431809" role="outer"/>
  <member type="way" ref="661431815" role="outer"/>
  <member type="way" ref="661431814" role="outer"/>
  <member type="way" ref="728727583" role="outer"/>
  <member type="way" ref="696195023" role="outer"/>
  <member type="way" ref="728727576" role="outer"/>
  <member type="way" ref="666438092" role="outer"/>
  <member type="way" ref="28294135" role="outer"/>
  <member type="way" ref="661467747" role="outer"/>
  <member type="way" ref="40478128" role="outer"/>
  <member type="way" ref="728730167" role="outer"/>
  <member type="way" ref="696176541" role="outer"/>
  <member type="way" ref="203588104" role="outer"/>
  <member type="way" ref="203588102" role="outer"/>
  <member type="way" ref="728677119" role="outer"/>
  <member type="way" ref="310459424" role="outer"/>
  <member type="way" ref="399625841" role="outer"/>
  <member type="way" ref="399625840" role="outer"/>
  <member type="way" ref="203588178" role="outer"/>
  <member type="way" ref="310459422" role="outer"/>
  <member type="way" ref="728677135" role="outer"/>
  <member type="way" ref="399625839" role="outer"/>
  <member type="way" ref="310459537" role="outer"/>
  <member type="way" ref="728677139" role="outer"/>
  <member type="way" ref="399625842" role="outer"/>
  <member type="way" ref="203588100" role="outer"/>
  <member type="way" ref="661467751" role="outer"/>
  <member type="way" ref="728677287" role="outer"/>
  <member type="way" ref="203588106" role="outer"/>
  <member type="way" ref="687213826" role="outer"/>
  <member type="way" ref="687219611" role="outer"/>
  <member type="way" ref="150493367" role="outer"/>
  <member type="way" ref="40495929" role="outer"/>
  <member type="way" ref="687153975" role="outer"/>
  <member type="way" ref="203588103" role="outer"/>
  <member type="way" ref="728834152" role="outer"/>
  <member type="way" ref="399621914" role="outer"/>
  <member type="way" ref="399621913" role="outer"/>
  <member type="way" ref="203588092" role="outer"/>
  <member type="way" ref="687153983" role="outer"/>
  <member type="way" ref="728825303" role="outer"/>
  <member type="way" ref="203588099" role="outer"/>
  <member type="way" ref="399621912" role="outer"/>
  <member type="way" ref="399621915" role="outer"/>
  <member type="way" ref="686167490" role="outer"/>
  <member type="way" ref="203588098" role="outer"/>
  <member type="way" ref="687425021" role="outer"/>
  <member type="way" ref="727564768" role="outer"/>
  <member type="way" ref="727583745" role="outer"/>
  <member type="way" ref="727564769" role="outer"/>
  <member type="way" ref="727583753" role="outer"/>
  <member type="way" ref="727577760" role="outer"/>
  <member type="way" ref="399617357" role="outer"/>
  <member type="way" ref="727377954" role="outer"/>
  <member type="way" ref="685742412" role="outer"/>
  <member type="way" ref="203588093" role="outer"/>
  <member type="way" ref="727322782" role="outer"/>
  <member type="way" ref="727322750" role="outer"/>
  <member type="way" ref="727322764" role="outer"/>
  <member type="way" ref="727322756" role="outer"/>
  <member type="way" ref="727322744" role="outer"/>
  <member type="way" ref="727322708" role="outer"/>
  <member type="way" ref="203579526" role="outer"/>
  <member type="way" ref="727322718" role="outer"/>
  <member type="way" ref="727322717" role="outer"/>
  <member type="way" ref="203579521" role="outer"/>
  <member type="way" ref="399617356" role="outer"/>
  <member type="way" ref="203554386" role="outer"/>
  <member type="way" ref="727322715" role="outer"/>
  <member type="way" ref="203554387" role="outer"/>
  <member type="way" ref="237676682" role="outer"/>
  <member type="way" ref="399613998" role="outer"/>
  <member type="way" ref="315385898" role="outer"/>
  <member type="way" ref="727312634" role="outer"/>
  <member type="way" ref="727312640" role="outer"/>
  <member type="way" ref="317742755" role="outer"/>
  <member type="way" ref="150467988" role="outer"/>
  <member type="way" ref="727312649" role="outer"/>
  <member type="way" ref="907157121" role="outer"/>
  <member type="way" ref="1089438429" role="outer"/>
  <member type="way" ref="727312652" role="outer"/>
  <member type="way" ref="150466660" role="outer"/>
  <member type="way" ref="1010031491" role="outer"/>
  <member type="way" ref="727301633" role="outer"/>
  <member type="way" ref="1455776592" role="outer"/>
  <member type="way" ref="907157144" role="outer"/>
  <member type="way" ref="203591110" role="outer"/>
  <member type="way" ref="961006215" role="outer"/>
  <member type="way" ref="727301676" role="outer"/>
  <member type="way" ref="727297492" role="outer"/>
  <member type="way" ref="1453258681" role="outer"/>
  <member type="way" ref="150455336" role="outer"/>
  <member type="way" ref="1212654946" role="outer"/>
  <member type="way" ref="727297495" role="outer"/>
  <member type="way" ref="864088326" role="outer"/>
  <member type="way" ref="864088323" role="outer"/>
  <member type="way" ref="203748569" role="outer"/>
  <member type="way" ref="907157215" role="outer"/>
  <member type="way" ref="150455337" role="outer"/>
  <member type="way" ref="907157217" role="outer"/>
  <member type="way" ref="1455766474" role="outer"/>
  <member type="way" ref="304171537" role="outer"/>
  <member type="way" ref="727241929" role="outer"/>
  <member type="way" ref="864039908" role="outer"/>
  <member type="way" ref="925255871" role="outer"/>
  <member type="way" ref="727241932" role="outer"/>
  <member type="way" ref="203748570" role="outer"/>
  <member type="way" ref="936802040" role="outer"/>
  <member type="way" ref="936769380" role="outer"/>
  <member type="way" ref="246913030" role="outer"/>
  <member type="way" ref="936769379" role="outer"/>
  <member type="way" ref="936769383" role="outer"/>
  <member type="way" ref="246913031" role="outer"/>
  <member type="way" ref="188000944" role="outer"/>
  <member type="way" ref="133171749" role="inner"/>
  <member type="way" ref="133155474" role="inner"/>
  <member type="relation" ref="2025855" role="subarea"/>
  <member type="relation" ref="2022095" role="subarea"/>
  <member type="relation" ref="2027346" role="subarea"/>
  <member type="relation" ref="2025886" role="subarea"/>
  <member type="relation" ref="1958982" role="subarea"/>
  <member type="relation" ref="1942809" role="subarea"/>
  <member type="relation" ref="1972004" role="subarea"/>
  <member type="relation" ref="1952530" role="subarea"/>
  <member type="relation" ref="1942586" role="subarea"/>
  <member type="relation" ref="11251493" role="subarea"/>
  <member type="relation" ref="1949080" role="subarea"/>
  <member type="relation" ref="1942601" role="subarea"/>
  <member type="relation" ref="364186" role="subarea"/>
  <member type="relation" ref="1943188" role="subarea"/>
  <member type="relation" ref="1960191" role="subarea"/>
  <member type="relation" ref="2019939" role="subarea"/>
  <member type="relation" ref="2018151" role="subarea"/>
  <member type="relation" ref="5515045" role="subarea"/>
  <member type="relation" ref="2027460" role="subarea"/>
  <member type="relation" ref="1950071" role="subarea"/>
  <member type="relation" ref="1950884" role="subarea"/>
  <member type="relation" ref="2027869" role="subarea"/>
  <member type="relation" ref="2027521" role="subarea"/>
  <member type="relation" ref="2029046" role="subarea"/>
  <member type="relation" ref="2027973" role="subarea"/>
  <member type="relation" ref="1984022" role="subarea"/>
  <member type="relation" ref="107001" role="subarea"/>
  <member type="relation" ref="1942686" role="subarea"/>
  <member type="relation" ref="1942920" role="subarea"/>
  <member type="relation" ref="1791324" role="subarea"/>
  <member type="relation" ref="96905" role="subarea"/>
  <member type="relation" ref="3250963" role="subarea"/>
  <member type="relation" ref="2026458" role="subarea"/>
  <member type="relation" ref="9987086" role="subarea"/>
  <member type="relation" ref="1942587" role="subarea"/>
  <member type="relation" ref="1960177" role="subarea"/>
  <tag k="admin_level" v="2"/>
  <tag k="alt_name:br" v="Indez"/>
  <tag k="alt_name:en" v="Bharat;Bharaat"/>
  <tag k="alt_name:eo" v="Hindio;Hindujo;Hinda Unio"/>
  <tag k="alt_name:ks" v="بًارت"/>
  <tag k="alt_name:lfn" v="India"/>
  <tag k="alt_name:ur" v="ہندوستان;انڈیا"/>
  <tag k="alt_name:vi" v="Thiên Trúc;Quyên Độc"/>
  <tag k="border_type" v="nation"/>
  <tag k="boundary" v="administrative"/>
  <tag k="capital_city" v="New Delhi"/>
  <tag k="country_code_fips" v="IN"/>
  <tag k="driving_side" v="left"/>
  <tag k="flag" v="https://upload.wikimedia.org/wikipedia/commons/4/41/Flag_of_India.svg"/>
  <tag k="geonames:id" v="1269750"/>
  <tag k="int_name" v="India"/>
  <tag k="ISO3166-1" v="IN"/>
  <tag k="ISO3166-1:alpha2" v="IN"/>
  <tag k="ISO3166-1:alpha3" v="IND"/>
  <tag k="ISO3166-1:numeric" v="356"/>
  <tag k="name" v="India"/>
  <tag k="name:ace" v="India"/>
  <tag k="name:af" v="Indië"/>
  <tag k="name:als" v="Indien"/>
  <tag k="name:am" v="ህንድ"/>
  <tag k="name:an" v="India"/>
  <tag k="name:ang" v="Indea"/>
  <tag k="name:ar" v="الهند"/>
  <tag k="name:arc" v="ܗܢܕܘ"/>
  <tag k="name:arz" v="الهند"/>
  <tag k="name:as" v="ভাৰত"/>
  <tag k="name:ast" v="India"/>
  <tag k="name:av" v="Хиндистан"/>
  <tag k="name:ay" v="Indya"/>
  <tag k="name:az" v="Hindistan"/>
  <tag k="name:az-Arab" v="هیندوستان"/>
  <tag k="name:azb" v="هیندوستان"/>
  <tag k="name:ba" v="Һиндостан"/>
  <tag k="name:bar" v="Indien"/>
  <tag k="name:bat-smg" v="Indėjė"/>
  <tag k="name:bcl" v="Indya"/>
  <tag k="name:be" v="Індыя"/>
  <tag k="name:be-tarask" v="Індыя"/>
  <tag k="name:bg" v="Индия"/>
  <tag k="name:bh" v="भारत"/>
  <tag k="name:bi" v="India"/>
  <tag k="name:bjn" v="India"/>
  <tag k="name:bm" v="Ɛndujamana"/>
  <tag k="name:bn" v="ভারত"/>
  <tag k="name:bo" v="རྒྱ་གར་"/>
  <tag k="name:bpy" v="ভারত"/>
  <tag k="name:br" v="India"/>
  <tag k="name:bs" v="Indija"/>
  <tag k="name:bug" v="India"/>
  <tag k="name:bxr" v="Энэдхэг"/>
  <tag k="name:ca" v="Índia"/>
  <tag k="name:cbk-zam" v="India"/>
  <tag k="name:cdo" v="Éng-dô"/>
  <tag k="name:ce" v="Инди"/>
  <tag k="name:ceb" v="Indya"/>
  <tag k="name:chr" v="ᎢᏅᏗᎾ"/>
  <tag k="name:ckb" v="ھیندستان"/>
  <tag k="name:cnr" v="Indija"/>
  <tag k="name:co" v="India"/>
  <tag k="name:crh" v="İndistan"/>
  <tag k="name:cs" v="Indie"/>
  <tag k="name:csb" v="Indie"/>
  <tag k="name:cv" v="Инди"/>
  <tag k="name:cy" v="India"/>
  <tag k="name:da" v="Indien"/>
  <tag k="name:de" v="Indien"/>
  <tag k="name:din" v="Indiɛn"/>
  <tag k="name:diq" v="Hindıstan"/>
  <tag k="name:dsb" v="Indiska"/>
  <tag k="name:dv" v="އިންޑިޔާ"/>
  <tag k="name:dz" v="རྒྱ་གར"/>
  <tag k="name:ee" v="India nutome"/>
  <tag k="name:el" v="Ινδία"/>
  <tag k="name:en" v="India"/>
  <tag k="name:eo" v="Barato"/>
  <tag k="name:es" v="India"/>
  <tag k="name:et" v="India"/>
  <tag k="name:eu" v="India"/>
  <tag k="name:ext" v="La Índia"/>
  <tag k="name:fa" v="هند"/>
  <tag k="name:ff" v="Enndo"/>
  <tag k="name:fi" v="Intia"/>
  <tag k="name:fo" v="India"/>
  <tag k="name:fr" v="Inde"/>
  <tag k="name:frp" v="Ende"/>
  <tag k="name:frr" v="Indien"/>
  <tag k="name:fur" v="Indie"/>
  <tag k="name:fy" v="Yndia"/>
  <tag k="name:ga" v="An India"/>
  <tag k="name:gag" v="İndiya"/>
  <tag k="name:gan" v="印度"/>
  <tag k="name:gd" v="Na h-Innseachan"/>
  <tag k="name:gl" v="India - भारत"/>
  <tag k="name:glk" v="هند"/>
  <tag k="name:gn" v="India"/>
  <tag k="name:grc" v="Ἰνδία"/>
  <tag k="name:gu" v="ભારત"/>
  <tag k="name:gv" v="Yn Injey"/>
  <tag k="name:ha" v="Indiya"/>
  <tag k="name:hak" v="Yin-thu"/>
  <tag k="name:haw" v="‘Īnia"/>
  <tag k="name:he" v="הודו"/>
  <tag k="name:hi" v="भारत"/>
  <tag k="name:hif" v="India"/>
  <tag k="name:hr" v="Indija"/>
  <tag k="name:hsb" v="Indiska"/>
  <tag k="name:ht" v="End"/>
  <tag k="name:hu" v="India"/>
  <tag k="name:hy" v="Հնդկաստան"/>
  <tag k="name:ia" v="India"/>
  <tag k="name:id" v="India"/>
  <tag k="name:ie" v="India"/>
  <tag k="name:ig" v="Ndia"/>
  <tag k="name:ii" v="ꑴꄗ"/>
  <tag k="name:ilo" v="India"/>
  <tag k="name:io" v="India"/>
  <tag k="name:is" v="Indland"/>
  <tag k="name:it" v="India"/>
  <tag k="name:iu" v="ᐃᓐᑎᐊ"/>
  <tag k="name:iu-Latn" v="intia"/>
  <tag k="name:ja" v="インド"/>
  <tag k="name:jbo" v="xingu'e"/>
  <tag k="name:jv" v="India"/>
  <tag k="name:ka" v="ინდოეთი"/>
  <tag k="name:kab" v="Lhend"/>
  <tag k="name:kab-Arab" v="لهند"/>
  <tag k="name:kbd" v="Индиэ"/>
  <tag k="name:kg" v="India"/>
  <tag k="name:kk" v="Үндістан"/>
  <tag k="name:kl" v="India"/>
  <tag k="name:km" v="ឥណ្ឌា"/>
  <tag k="name:kmr" v="حندستان"/>
  <tag k="name:kn" v="ಭಾರತ"/>
  <tag k="name:ko" v="인도"/>
  <tag k="name:krc" v="Индия"/>
  <tag k="name:ks" v="ہِندوستان"/>
  <tag k="name:ksh" v="Indije"/>
  <tag k="name:ku" v="Hindistan"/>
  <tag k="name:ku-Arab" v="حندستان"/>
  <tag k="name:kv" v="Индия"/>
  <tag k="name:kw" v="Eynda"/>
  <tag k="name:ky" v="Индия"/>
  <tag k="name:la" v="India"/>
  <tag k="name:lb" v="Indien"/>
  <tag k="name:lbe" v="Гьиндусттан"/>
  <tag k="name:lez" v="Индия"/>
  <tag k="name:lfn" v="Barat"/>
  <tag k="name:lg" v="Buyindi"/>
  <tag k="name:li" v="India"/>
  <tag k="name:lij" v="India"/>
  <tag k="name:lmo" v="India"/>
  <tag k="name:ln" v="Índɛ"/>
  <tag k="name:lo" v="ອິນເດຍ"/>
  <tag k="name:lrc" v="هند"/>
  <tag k="name:lt" v="Indija"/>
  <tag k="name:ltg" v="Iņdeja"/>
  <tag k="name:lv" v="Indija"/>
  <tag k="name:lzh" v="印度"/>
  <tag k="name:map-bms" v="India"/>
  <tag k="name:mdf" v="Индие"/>
  <tag k="name:mg" v="Indy"/>
  <tag k="name:mi" v="Īnia"/>
  <tag k="name:mk" v="Индија"/>
  <tag k="name:ml" v="ഇന്ത്യ"/>
  <tag k="name:mn" v="Энэтхэг"/>
  <tag k="name:mo" v="Индия"/>
  <tag k="name:mr" v="भारत"/>
  <tag k="name:ms" v="India"/>
  <tag k="name:mt" v="Indja"/>
  <tag k="name:mwl" v="Índia"/>
  <tag k="name:my" v="အိန္ဒိယ"/>
  <tag k="name:mzn" v="هند"/>
  <tag k="name:na" v="Indjiya"/>
  <tag k="name:nah" v="India"/>
  <tag k="name:nan" v="Ìn-tō͘"/>
  <tag k="name:nap" v="Innia"/>
  <tag k="name:nds" v="Indien"/>
  <tag k="name:nds-nl" v="India"/>
  <tag k="name:ne" v="भारत"/>
  <tag k="name:new" v="भारत"/>
  <tag k="name:nl" v="India"/>
  <tag k="name:nn" v="India"/>
  <tag k="name:no" v="India"/>
  <tag k="name:nov" v="India"/>
  <tag k="name:nrm" v="Înde"/>
  <tag k="name:nv" v="Tó Wónaanídę́ę́ʼ Bitsįʼ Yishtłizhii Bikéyah"/>
  <tag k="name:oc" v="Índia"/>
  <tag k="name:or" v="ଭାରତ"/>
  <tag k="name:os" v="Инди"/>
  <tag k="name:pa" v="ਭਾਰਤ"/>
  <tag k="name:pam" v="India"/>
  <tag k="name:pap" v="India"/>
  <tag k="name:pcd" v="Inde"/>
  <tag k="name:pi" v="भारत"/>
  <tag k="name:pih" v="Endya"/>
  <tag k="name:pl" v="Indie"/>
  <tag k="name:pms" v="India"/>
  <tag k="name:pnb" v="بھارت"/>
  <tag k="name:ps" v="هند"/>
  <tag k="name:pt" v="Índia"/>
  <tag k="name:qu" v="Indya"/>
  <tag k="name:rm" v="India"/>
  <tag k="name:rmy" v="Bharat"/>
  <tag k="name:rn" v="Ubuhindi"/>
  <tag k="name:ro" v="India"/>
  <tag k="name:roa-rup" v="India"/>
  <tag k="name:roa-tara" v="Indie"/>
  <tag k="name:ru" v="Индия"/>
  <tag k="name:rue" v="Індія"/>
  <tag k="name:rw" v="Ubuhinde"/>
  <tag k="name:sa" v="भारतम्"/>
  <tag k="name:sah" v="Индия"/>
  <tag k="name:sat" v="ᱵᱷᱟᱨᱚᱛ"/>
  <tag k="name:sc" v="Ìndia"/>
  <tag k="name:scn" v="Innia"/>
  <tag k="name:sco" v="Indie"/>
  <tag k="name:sd" v="ڀارت"/>
  <tag k="name:se" v="India"/>
  <tag k="name:sg" v="Ênnde"/>
  <tag k="name:sh" v="Indija"/>
  <tag k="name:si" v="ඉන්දියාව"/>
  <tag k="name:sk" v="India"/>
  <tag k="name:sl" v="Indija"/>
  <tag k="name:sm" v="Igitia"/>
  <tag k="name:smn" v="India"/>
  <tag k="name:sms" v="Intia"/>
  <tag k="name:so" v="Hindiya"/>
  <tag k="name:sq" v="Indi"/>
  <tag k="name:sr" v="Индија"/>
  <tag k="name:srn" v="Indiakondre"/>
  <tag k="name:ss" v="INdiya"/>
  <tag k="name:stq" v="Indien"/>
  <tag k="name:su" v="India"/>
  <tag k="name:sv" v="Indien"/>
  <tag k="name:sw" v="Uhindi"/>
  <tag k="name:syc" v="ܗܢܕܘ"/>
  <tag k="name:szl" v="Indyjŏ"/>
  <tag k="name:ta" v="இந்தியா"/>
  <tag k="name:te" v="భారత దేశం"/>
  <tag k="name:tet" v="Índia"/>
  <tag k="name:tg" v="Ҳиндустон"/>
  <tag k="name:th" v="ประเทศอินเดีย"/>
  <tag k="name:ti" v="ህንድ"/>
  <tag k="name:tk" v="Hindistan"/>
  <tag k="name:tl" v="Indya"/>
  <tag k="name:to" v="ʻInitia"/>
  <tag k="name:tok" v="ma Palata"/>
  <tag k="name:tpi" v="India"/>
  <tag k="name:tr" v="Hindistan"/>
  <tag k="name:ts" v="India"/>
  <tag k="name:tt" v="Һиндстан"/>
  <tag k="name:ty" v="’Inītia"/>
  <tag k="name:udm" v="Индия"/>
  <tag k="name:ug" v="ھىندىستان"/>
  <tag k="name:uk" v="Індія"/>
  <tag k="name:ur" v="بھارت"/>
  <tag k="name:uz" v="Hindiston"/>
  <tag k="name:vec" v="India"/>
  <tag k="name:vi" v="Ấn Độ"/>
  <tag k="name:vo" v="Lindän"/>
  <tag k="name:vro" v="India"/>
  <tag k="name:wa" v="Inde"/>
  <tag k="name:wal" v="Hindde"/>
  <tag k="name:war" v="Indya"/>
  <tag k="name:wo" v="End"/>
  <tag k="name:wuu" v="印度"/>
  <tag k="name:xal" v="Индия"/>
  <tag k="name:xmf" v="ინდოეთი"/>
  <tag k="name:yi" v="אינדיע"/>
  <tag k="name:yo" v="Orílẹ́ède India"/>
  <tag k="name:yue" v="印度"/>
  <tag k="name:za" v="Yindu"/>
  <tag k="name:zea" v="India"/>
  <tag k="name:zh" v="印度"/>
  <tag k="name:zh-Hans" v="印度"/>
  <tag k="name:zh-Hant" v="印度"/>
  <tag k="name:zh-Latn-pinyin" v="Yìndù"/>
  <tag k="name:zu" v="i-India"/>
  <tag k="official_name" v="भारत गणराज्य"/>
  <tag k="official_name:ar" v="جمهورية الهند"/>
  <tag k="official_name:az-Arab" v="هیندوستان جومهوریتی"/>
  <tag k="official_name:azb" v="هیندوستان جومهوریتی"/>
  <tag k="official_name:be" v="Рэспубліка Індыя"/>
  <tag k="official_name:br" v="Republik India"/>
  <tag k="official_name:cs" v="Indická republika"/>
  <tag k="official_name:de" v="Republik Indien"/>
  <tag k="official_name:el" v="Δημοκρατία της Ινδίας"/>
  <tag k="official_name:en" v="Republic of India"/>
  <tag k="official_name:eo" v="Respubliko Barato"/>
  <tag k="official_name:es" v="República de la India"/>
  <tag k="official_name:fa" v="جمهوری هندوستان"/>
  <tag k="official_name:fr" v="République de l'Inde"/>
  <tag k="official_name:hi" v="भारत गणराज्य"/>
  <tag k="official_name:hu" v="Indiai Köztársaság"/>
  <tag k="official_name:id" v="Republik India"/>
  <tag k="official_name:it" v="Repubblica dell'India"/>
  <tag k="official_name:ks" v="جۆمہوٗرِیہَ ہِندوستان"/>
  <tag k="official_name:ku" v="Komara Hindistanê"/>
  <tag k="official_name:lb" v="Republik Indien"/>
  <tag k="official_name:lt" v="Indijos Respublika"/>
  <tag k="official_name:lv" v="Indijas Republika"/>
  <tag k="official_name:no" v="Republikken India"/>
  <tag k="official_name:pa" v="ਭਾਰਤ ਗਣਰਾਜ"/>
  <tag k="official_name:pl" v="Republika Indii"/>
  <tag k="official_name:pnb" v="بھارت گنراج"/>
  <tag k="official_name:ps" v="د هند جمهوريت"/>
  <tag k="official_name:ru" v="Республика Индия"/>
  <tag k="official_name:sr" v="Република Индија"/>
  <tag k="official_name:sv" v="Republiken Indien"/>
  <tag k="official_name:tl" v="Republika ng Indya"/>
  <tag k="official_name:ur" v="جمہوریہ بھارت"/>
  <tag k="official_name:vi" v="Cộng hoà Ấn Độ"/>
  <tag k="population" v="1428627663"/>
  <tag k="population:date" v="2023"/>
  <tag k="source:population" v="https://en.wikipedia.org/wiki/India#cite_note-22"/>
  <tag k="sqkm" v="3287263"/>
  <tag k="timezone" v="Asia/Kolkata"/>
  <tag k="type" v="boundary"/>
  <tag k="wikidata" v="Q668"/>
  <tag k="wikimedia_commons" v="Category:India"/>
  <tag k="wikipedia" v="en:India"/>
 </relation>
 <relation id="1819595" visible="true" version="52" changeset="176019175" timestamp="2025-12-16T18:41:25Z" user="Olyon" uid="1443767">
  <member type="way" ref="1304041290" role="outer"/>
  <member type="way" ref="740511801" role="outer"/>
  <member type="way" ref="1304064585" role="outer"/>
  <member type="way" ref="1304064584" role="outer"/>
  <member type="way" ref="1304277415" role="outer"/>
  <member type="way" ref="1304277414" role="outer"/>
  <member type="way" ref="1304277413" role="outer"/>
  <member type="way" ref="1304277420" role="outer"/>
  <member type="way" ref="1304277421" role="outer"/>
  <member type="way" ref="1304086687" role="outer"/>
  <member type="way" ref="740511763" role="outer"/>
  <member type="way" ref="1304418041" role="outer"/>
  <member type="way" ref="1304396394" role="outer"/>
  <member type="way" ref="745988606" role="outer"/>
  <member type="way" ref="748713610" role="outer"/>
  <member type="way" ref="745968495" role="outer"/>
  <member type="way" ref="745988575" role="outer"/>
  <member type="way" ref="745968243" role="outer"/>
  <member type="way" ref="745996620" role="outer"/>
  <member type="way" ref="748829099" role="outer"/>
  <member type="way" ref="748829091" role="outer"/>
  <member type="way" ref="745996610" role="outer"/>
  <member type="way" ref="688704799" role="outer"/>
  <member type="way" ref="745996614" role="outer"/>
  <member type="way" ref="745982176" role="outer"/>
  <member type="way" ref="96795674" role="outer"/>
  <member type="way" ref="125349592" role="outer"/>
  <member type="way" ref="593746604" role="outer"/>
  <member type="way" ref="593746605" role="outer"/>
  <member type="way" ref="593746607" role="outer"/>
  <member type="way" ref="593746608" role="outer"/>
  <member type="way" ref="593746611" role="outer"/>
  <member type="way" ref="593746612" role="outer"/>
  <member type="way" ref="593746615" role="outer"/>
  <member type="way" ref="593746610" role="outer"/>
  <member type="way" ref="593746614" role="outer"/>
  <member type="way" ref="125234734" role="outer"/>
  <member type="way" ref="745996603" role="outer"/>
  <member type="way" ref="661042569" role="outer"/>
  <member type="way" ref="661042568" role="outer"/>
  <member type="way" ref="593722015" role="outer"/>
  <member type="way" ref="593722018" role="outer"/>
  <member type="way" ref="593722012" role="outer"/>
  <member type="way" ref="593722007" role="outer"/>
  <member type="way" ref="157295468" role="outer"/>
  <member type="way" ref="626129073" role="outer"/>
  <member type="way" ref="626129071" role="outer"/>
  <member type="way" ref="157292554" role="outer"/>
  <member type="way" ref="959901313" role="outer"/>
  <member type="way" ref="1304035342" role="outer"/>
  <member type="way" ref="1304035343" role="outer"/>
  <member type="way" ref="739922929" role="outer"/>
  <member type="way" ref="1304038920" role="outer"/>
  <member type="way" ref="1304041291" role="outer"/>
  <member type="node" ref="335885603" role="admin_centre"/>
  <member type="relation" ref="6286168" role="subarea"/>
  <member type="relation" ref="6286164" role="subarea"/>
  <tag k="admin_level" v="5"/>
  <tag k="boundary" v="administrative"/>
  <tag k="name" v="Thiruvallur"/>
  <tag k="name:kn" v="ತಿರುವಳ್ಳೂರು ಜಿಲ್ಲೆ"/>
  <tag k="name:ta" v="திருவள்ளூர் மாவட்டம்"/>
  <tag k="official_name" v="Thiruvallur District"/>
  <tag k="ref:LGD:district" v="589"/>
  <tag k="type" v="boundary"/>
  <tag k="wikidata" v="Q15204"/>
  <tag k="wikipedia" v="en:Tiruvallur district"/>
 </relation>
 <relation id="2022095" visible="true" version="326" changeset="179235218" timestamp="2026-03-02T04:10:13Z" user="Akira4755" uid="12069816">
  <member type="way" ref="1279936445" role="outer"/>
  <member type="way" ref="733267926" role="outer"/>
  <member type="way" ref="21104694" role="outer"/>
  <member type="way" ref="733267946" role="outer"/>
  <member type="way" ref="21104710" role="outer"/>
  <member type="way" ref="1279936454" role="outer"/>
  <member type="way" ref="21104701" role="outer"/>
  <member type="way" ref="690017316" role="outer"/>
  <member type="way" ref="478231897" role="outer"/>
  <member type="way" ref="732973800" role="outer"/>
  <member type="way" ref="21104687" role="outer"/>
  <member type="way" ref="733010011" role="outer"/>
  <member type="way" ref="21353094" role="outer"/>
  <member type="way" ref="21391529" role="outer"/>
  <member type="way" ref="690017863" role="outer"/>
  <member type="way" ref="21391501" role="outer"/>
  <member type="way" ref="732829969" role="outer"/>
  <member type="way" ref="21352873" role="outer"/>
  <member type="way" ref="732829974" role="outer"/>
  <member type="way" ref="732829975" role="outer"/>
  <member type="way" ref="21353129" role="outer"/>
  <member type="way" ref="732829983" role="outer"/>
  <member type="way" ref="21353190" role="outer"/>
  <member type="way" ref="732820817" role="outer"/>
  <member type="way" ref="21352889" role="outer"/>
  <member type="way" ref="21352868" role="outer"/>
  <member type="way" ref="21353090" role="outer"/>
  <member type="way" ref="554927316" role="outer"/>
  <member type="way" ref="630167047" role="outer"/>
  <member type="way" ref="630168947" role="outer"/>
  <member type="way" ref="21353178" role="outer"/>
  <member type="way" ref="732809976" role="outer"/>
  <member type="way" ref="21391632" role="outer"/>
  <member type="way" ref="21353181" role="outer"/>
  <member type="way" ref="630158614" role="outer"/>
  <member type="way" ref="630158613" role="outer"/>
  <member type="way" ref="626570629" role="outer"/>
  <member type="way" ref="21352917" role="outer"/>
  <member type="way" ref="732806954" role="outer"/>
  <member type="way" ref="21352834" role="outer"/>
  <member type="way" ref="732806957" role="outer"/>
  <member type="way" ref="21352948" role="outer"/>
  <member type="way" ref="630123446" role="outer"/>
  <member type="way" ref="627424747" role="outer"/>
  <member type="way" ref="732806963" role="outer"/>
  <member type="way" ref="21353086" role="outer"/>
  <member type="way" ref="21352904" role="outer"/>
  <member type="way" ref="21352913" role="outer"/>
  <member type="way" ref="732676510" role="outer"/>
  <member type="way" ref="626571977" role="outer"/>
  <member type="way" ref="630097418" role="outer"/>
  <member type="way" ref="626571976" role="outer"/>
  <member type="way" ref="690018781" role="outer"/>
  <member type="way" ref="731773336" role="outer"/>
  <member type="way" ref="732676530" role="outer"/>
  <member type="way" ref="732806961" role="outer"/>
  <member type="way" ref="731726154" role="outer"/>
  <member type="way" ref="732806958" role="outer"/>
  <member type="way" ref="732806955" role="outer"/>
  <member type="way" ref="1300572202" role="outer"/>
  <member type="way" ref="731773314" role="outer"/>
  <member type="way" ref="1300572201" role="outer"/>
  <member type="way" ref="1300579738" role="outer"/>
  <member type="way" ref="1300582324" role="outer"/>
  <member type="way" ref="1300582323" role="outer"/>
  <member type="way" ref="1300585994" role="outer"/>
  <member type="way" ref="1300654351" role="outer"/>
  <member type="way" ref="147056946" role="outer"/>
  <member type="way" ref="1300721769" role="outer"/>
  <member type="way" ref="1300721768" role="outer"/>
  <member type="way" ref="1300722654" role="outer"/>
  <member type="way" ref="731875192" role="outer"/>
  <member type="way" ref="1300837225" role="outer"/>
  <member type="way" ref="1300837807" role="outer"/>
  <member type="way" ref="1300838208" role="outer"/>
  <member type="way" ref="1300839396" role="outer"/>
  <member type="way" ref="1300839395" role="outer"/>
  <member type="way" ref="1300840614" role="outer"/>
  <member type="way" ref="732988015" role="outer"/>
  <member type="way" ref="732988013" role="outer"/>
  <member type="way" ref="1300841660" role="outer"/>
  <member type="way" ref="1300841661" role="outer"/>
  <member type="way" ref="1300842703" role="outer"/>
  <member type="way" ref="731936785" role="outer"/>
  <member type="way" ref="731948956" role="outer"/>
  <member type="way" ref="733167547" role="outer"/>
  <member type="way" ref="731948946" role="outer"/>
  <member type="way" ref="731934637" role="outer"/>
  <member type="way" ref="733167519" role="outer"/>
  <member type="way" ref="733167571" role="outer"/>
  <member type="way" ref="733167572" role="outer"/>
  <member type="way" ref="731948959" role="outer"/>
  <member type="way" ref="731973629" role="outer"/>
  <member type="way" ref="731973626" role="outer"/>
  <member type="way" ref="733167574" role="outer"/>
  <member type="way" ref="733169479" role="outer"/>
  <member type="way" ref="733170820" role="outer"/>
  <member type="way" ref="731963754" role="outer"/>
  <member type="way" ref="733286811" role="outer"/>
  <member type="way" ref="731973617" role="outer"/>
  <member type="way" ref="731973620" role="outer"/>
  <member type="way" ref="731973654" role="outer"/>
  <member type="way" ref="733328654" role="outer"/>
  <member type="way" ref="731963753" role="outer"/>
  <member type="way" ref="537184153" role="outer"/>
  <member type="way" ref="733328670" role="outer"/>
  <member type="way" ref="704653787" role="outer"/>
  <member type="way" ref="704646865" role="outer"/>
  <member type="way" ref="704646866" role="outer"/>
  <member type="way" ref="704653786" role="outer"/>
  <member type="way" ref="704882564" role="outer"/>
  <member type="way" ref="733809188" role="outer"/>
  <member type="way" ref="733809189" role="outer"/>
  <member type="way" ref="733809190" role="outer"/>
  <member type="way" ref="1302466627" role="outer"/>
  <member type="way" ref="1302467323" role="outer"/>
  <member type="way" ref="733819337" role="outer"/>
  <member type="way" ref="733809191" role="outer"/>
  <member type="way" ref="733819334" role="outer"/>
  <member type="way" ref="733819305" role="outer"/>
  <member type="way" ref="704912243" role="outer"/>
  <member type="way" ref="1302552516" role="outer"/>
  <member type="way" ref="704945068" role="outer"/>
  <member type="way" ref="1302553963" role="outer"/>
  <member type="way" ref="704945080" role="outer"/>
  <member type="way" ref="1302637458" role="outer"/>
  <member type="way" ref="1302637457" role="outer"/>
  <member type="way" ref="1302637456" role="outer"/>
  <member type="way" ref="1302638479" role="outer"/>
  <member type="way" ref="704964054" role="outer"/>
  <member type="way" ref="1302638478" role="outer"/>
  <member type="way" ref="1302638477" role="outer"/>
  <member type="way" ref="1302638476" role="outer"/>
  <member type="way" ref="1302639667" role="outer"/>
  <member type="way" ref="1302641588" role="outer"/>
  <member type="way" ref="1302643409" role="outer"/>
  <member type="way" ref="1302654093" role="outer"/>
  <member type="way" ref="1302654094" role="outer"/>
  <member type="way" ref="1302654095" role="outer"/>
  <member type="way" ref="1302654096" role="outer"/>
  <member type="way" ref="1302651265" role="outer"/>
  <member type="way" ref="1302651266" role="outer"/>
  <member type="way" ref="1302650437" role="outer"/>
  <member type="way" ref="734036202" role="outer"/>
  <member type="way" ref="1302650438" role="outer"/>
  <member type="way" ref="705574561" role="outer"/>
  <member type="way" ref="1302650439" role="outer"/>
  <member type="way" ref="1302650441" role="outer"/>
  <member type="way" ref="1302650440" role="outer"/>
  <member type="way" ref="734919145" role="outer"/>
  <member type="way" ref="705964621" role="outer"/>
  <member type="way" ref="734924325" role="outer"/>
  <member type="way" ref="705962296" role="outer"/>
  <member type="way" ref="734925061" role="outer"/>
  <member type="way" ref="705960535" role="outer"/>
  <member type="way" ref="734926904" role="outer"/>
  <member type="way" ref="1044451389" role="outer"/>
  <member type="way" ref="708253937" role="outer"/>
  <member type="way" ref="734926901" role="outer"/>
  <member type="way" ref="708253940" role="outer"/>
  <member type="way" ref="734928436" role="outer"/>
  <member type="way" ref="708253946" role="outer"/>
  <member type="way" ref="708253953" role="outer"/>
  <member type="way" ref="708253954" role="outer"/>
  <member type="way" ref="734928386" role="outer"/>
  <member type="way" ref="708244536" role="outer"/>
  <member type="way" ref="708244535" role="outer"/>
  <member type="way" ref="709006500" role="outer"/>
  <member type="way" ref="709006501" role="outer"/>
  <member type="way" ref="709006504" role="outer"/>
  <member type="way" ref="709006502" role="outer"/>
  <member type="way" ref="735049025" role="outer"/>
  <member type="way" ref="709006506" role="outer"/>
  <member type="way" ref="736515533" role="outer"/>
  <member type="way" ref="1303151850" role="outer"/>
  <member type="way" ref="1303151849" role="outer"/>
  <member type="way" ref="1303151847" role="outer"/>
  <member type="way" ref="709258371" role="outer"/>
  <member type="way" ref="736901474" role="outer"/>
  <member type="way" ref="736903880" role="outer"/>
  <member type="way" ref="1303260981" role="outer"/>
  <member type="way" ref="1303261479" role="outer"/>
  <member type="way" ref="710062096" role="outer"/>
  <member type="way" ref="710065313" role="outer"/>
  <member type="way" ref="736903877" role="outer"/>
  <member type="way" ref="1303278888" role="outer"/>
  <member type="way" ref="737102768" role="outer"/>
  <member type="way" ref="710096899" role="outer"/>
  <member type="way" ref="737112144" role="outer"/>
  <member type="way" ref="280085933" role="outer"/>
  <member type="way" ref="738572649" role="outer"/>
  <member type="way" ref="1303283181" role="outer"/>
  <member type="way" ref="1303284937" role="outer"/>
  <member type="way" ref="45674332" role="outer"/>
  <member type="way" ref="1303284936" role="outer"/>
  <member type="way" ref="1303289449" role="outer"/>
  <member type="way" ref="737112190" role="outer"/>
  <member type="way" ref="1303318505" role="outer"/>
  <member type="way" ref="1303318504" role="outer"/>
  <member type="way" ref="1303395122" role="outer"/>
  <member type="way" ref="1303337261" role="outer"/>
  <member type="way" ref="1372202511" role="outer"/>
  <member type="way" ref="1303337260" role="outer"/>
  <member type="way" ref="1372202512" role="outer"/>
  <member type="way" ref="1303337266" role="outer"/>
  <member type="way" ref="1303337265" role="outer"/>
  <member type="way" ref="1303482459" role="outer"/>
  <member type="way" ref="1303481464" role="outer"/>
  <member type="way" ref="1303481463" role="outer"/>
  <member type="way" ref="1303479761" role="outer"/>
  <member type="way" ref="1303478149" role="outer"/>
  <member type="way" ref="1303475941" role="outer"/>
  <member type="way" ref="1303475940" role="outer"/>
  <member type="way" ref="1303429660" role="outer"/>
  <member type="way" ref="738572657" role="outer"/>
  <member type="way" ref="1304588980" role="outer"/>
  <member type="way" ref="1304591520" role="outer"/>
  <member type="way" ref="1304593457" role="outer"/>
  <member type="way" ref="1304595658" role="outer"/>
  <member type="way" ref="1304596667" role="outer"/>
  <member type="way" ref="1304598137" role="outer"/>
  <member type="way" ref="1304598138" role="outer"/>
  <member type="way" ref="1304598139" role="outer"/>
  <member type="way" ref="1304598140" role="outer"/>
  <member type="way" ref="1304596665" role="outer"/>
  <member type="way" ref="1304608951" role="outer"/>
  <member type="way" ref="1304610099" role="outer"/>
  <member type="way" ref="1304610098" role="outer"/>
  <member type="way" ref="1304608949" role="outer"/>
  <member type="way" ref="1304596663" role="outer"/>
  <member type="way" ref="1304595656" role="outer"/>
  <member type="way" ref="1304593455" role="outer"/>
  <member type="way" ref="1304623708" role="outer"/>
  <member type="way" ref="1304623707" role="outer"/>
  <member type="way" ref="1304624735" role="outer"/>
  <member type="way" ref="1304626813" role="outer"/>
  <member type="way" ref="1304626812" role="outer"/>
  <member type="way" ref="1304626811" role="outer"/>
  <member type="way" ref="1304629636" role="outer"/>
  <member type="way" ref="1304631130" role="outer"/>
  <member type="way" ref="1304632491" role="outer"/>
  <member type="way" ref="1304633990" role="outer"/>
  <member type="way" ref="1304482047" role="outer"/>
  <member type="way" ref="739870471" role="outer"/>
  <member type="way" ref="740455099" role="outer"/>
  <member type="way" ref="1304497111" role="outer"/>
  <member type="way" ref="1304498732" role="outer"/>
  <member type="way" ref="1304499197" role="outer"/>
  <member type="way" ref="1304499198" role="outer"/>
  <member type="way" ref="1304305005" role="outer"/>
  <member type="way" ref="1304377892" role="outer"/>
  <member type="way" ref="1304379272" role="outer"/>
  <member type="way" ref="1304380346" role="outer"/>
  <member type="way" ref="1304381201" role="outer"/>
  <member type="way" ref="1304381202" role="outer"/>
  <member type="way" ref="1304382112" role="outer"/>
  <member type="way" ref="1304383262" role="outer"/>
  <member type="way" ref="1304383661" role="outer"/>
  <member type="way" ref="1457744122" role="outer"/>
  <member type="way" ref="1459000593" role="outer"/>
  <member type="way" ref="1117114809" role="outer"/>
  <member type="way" ref="1458515706" role="outer"/>
  <member type="way" ref="1459000606" role="outer"/>
  <member type="way" ref="1459000599" role="outer"/>
  <member type="way" ref="1459000598" role="outer"/>
  <member type="way" ref="149922654" role="outer"/>
  <member type="way" ref="1459000605" role="outer"/>
  <member type="way" ref="1459000597" role="outer"/>
  <member type="way" ref="748669271" role="outer"/>
  <member type="way" ref="1459000603" role="outer"/>
  <member type="way" ref="1458329521" role="outer"/>
  <member type="way" ref="1459000608" role="outer"/>
  <member type="way" ref="1459000609" role="outer"/>
  <member type="way" ref="740663227" role="outer"/>
  <member type="way" ref="1304384313" role="outer"/>
  <member type="way" ref="1304384312" role="outer"/>
  <member type="way" ref="1304382116" role="outer"/>
  <member type="way" ref="1304382117" role="outer"/>
  <member type="way" ref="1304382111" role="outer"/>
  <member type="way" ref="1304382118" role="outer"/>
  <member type="way" ref="1304381204" role="outer"/>
  <member type="way" ref="1304380348" role="outer"/>
  <member type="way" ref="1304386570" role="outer"/>
  <member type="way" ref="1304387683" role="outer"/>
  <member type="way" ref="1304390145" role="outer"/>
  <member type="way" ref="1304392059" role="outer"/>
  <member type="way" ref="1304392060" role="outer"/>
  <member type="way" ref="1304393165" role="outer"/>
  <member type="way" ref="1304392062" role="outer"/>
  <member type="way" ref="1304394700" role="outer"/>
  <member type="way" ref="1304394699" role="outer"/>
  <member type="way" ref="1304396395" role="outer"/>
  <member type="way" ref="1304396394" role="outer"/>
  <member type="way" ref="1304418041" role="outer"/>
  <member type="way" ref="740511763" role="outer"/>
  <member type="way" ref="1304086687" role="outer"/>
  <member type="way" ref="1304277421" role="outer"/>
  <member type="way" ref="1304277420" role="outer"/>
  <member type="way" ref="1304277413" role="outer"/>
  <member type="way" ref="1304277414" role="outer"/>
  <member type="way" ref="1304277415" role="outer"/>
  <member type="way" ref="1304064584" role="outer"/>
  <member type="way" ref="1304064585" role="outer"/>
  <member type="way" ref="740511801" role="outer"/>
  <member type="way" ref="1304041290" role="outer"/>
  <member type="way" ref="1304041291" role="outer"/>
  <member type="way" ref="1304038920" role="outer"/>
  <member type="way" ref="739922929" role="outer"/>
  <member type="way" ref="1304035343" role="outer"/>
  <member type="way" ref="1304035342" role="outer"/>
  <member type="way" ref="959901313" role="outer"/>
  <member type="way" ref="959117341" role="outer"/>
  <member type="way" ref="626129093" role="outer"/>
  <member type="way" ref="739184403" role="outer"/>
  <member type="way" ref="655693436" role="outer"/>
  <member type="way" ref="157292550" role="outer"/>
  <member type="way" ref="739184411" role="outer"/>
  <member type="way" ref="739184416" role="outer"/>
  <member type="way" ref="1188905159" role="outer"/>
  <member type="way" ref="739184422" role="outer"/>
  <member type="way" ref="739184425" role="outer"/>
  <member type="way" ref="20227377" role="outer"/>
  <member type="way" ref="626331548" role="outer"/>
  <member type="way" ref="626331546" role="outer"/>
  <member type="way" ref="626372240" role="outer"/>
  <member type="way" ref="739184428" role="outer"/>
  <member type="way" ref="626372234" role="outer"/>
  <member type="way" ref="626339808" role="outer"/>
  <member type="way" ref="626372242" role="outer"/>
  <member type="way" ref="626372235" role="outer"/>
  <member type="way" ref="20227325" role="outer"/>
  <member type="way" ref="739184431" role="outer"/>
  <member type="way" ref="626546594" role="outer"/>
  <member type="way" ref="626546593" role="outer"/>
  <member type="way" ref="626546595" role="outer"/>
  <member type="way" ref="626566956" role="outer"/>
  <member type="way" ref="626566955" role="outer"/>
  <member type="way" ref="739124600" role="outer"/>
  <member type="way" ref="20227315" role="outer"/>
  <member type="way" ref="690011944" role="outer"/>
  <member type="way" ref="736310840" role="outer"/>
  <member type="way" ref="20227310" role="outer"/>
  <member type="way" ref="20227321" role="outer"/>
  <member type="way" ref="626317982" role="outer"/>
  <member type="way" ref="736289283" role="outer"/>
  <member type="way" ref="20227351" role="outer"/>
  <member type="way" ref="735290033" role="outer"/>
  <member type="way" ref="626327427" role="outer"/>
  <member type="way" ref="626327428" role="outer"/>
  <member type="way" ref="626327426" role="outer"/>
  <member type="way" ref="735290034" role="outer"/>
  <member type="way" ref="20227334" role="outer"/>
  <member type="way" ref="20227330" role="outer"/>
  <member type="way" ref="626352541" role="outer"/>
  <member type="way" ref="626623958" role="outer"/>
  <member type="way" ref="626623957" role="outer"/>
  <member type="way" ref="21041172" role="outer"/>
  <member type="way" ref="735242087" role="outer"/>
  <member type="way" ref="626365447" role="outer"/>
  <member type="way" ref="735242093" role="outer"/>
  <member type="way" ref="21041773" role="outer"/>
  <member type="way" ref="626534358" role="outer"/>
  <member type="way" ref="626534357" role="outer"/>
  <member type="way" ref="21041696" role="outer"/>
  <member type="way" ref="735242109" role="outer"/>
  <member type="way" ref="626545699" role="outer"/>
  <member type="way" ref="626545700" role="outer"/>
  <member type="way" ref="626545701" role="outer"/>
  <member type="way" ref="626545697" role="outer"/>
  <member type="way" ref="21041299" role="outer"/>
  <member type="way" ref="690012986" role="outer"/>
  <member type="way" ref="735242101" role="outer"/>
  <member type="way" ref="734579496" role="outer"/>
  <member type="way" ref="21041473" role="outer"/>
  <member type="way" ref="554925767" role="outer"/>
  <member type="way" ref="1473943195" role="outer"/>
  <member type="way" ref="21041771" role="outer"/>
  <member type="way" ref="734620734" role="outer"/>
  <member type="way" ref="1473943203" role="outer"/>
  <member type="way" ref="1473943191" role="outer"/>
  <member type="way" ref="1473943200" role="outer"/>
  <member type="way" ref="554925772" role="outer"/>
  <member type="way" ref="554925771" role="outer"/>
  <member type="way" ref="1473851555" role="outer"/>
  <member type="way" ref="1473851556" role="outer"/>
  <member type="way" ref="626848813" role="outer"/>
  <member type="way" ref="1470786642" role="outer"/>
  <member type="way" ref="1474221438" role="outer"/>
  <member type="way" ref="1470786646" role="outer"/>
  <member type="way" ref="1471878736" role="outer"/>
  <member type="way" ref="554925768" role="outer"/>
  <member type="way" ref="1471878734" role="outer"/>
  <member type="way" ref="1471726878" role="outer"/>
  <member type="way" ref="1471744186" role="outer"/>
  <member type="way" ref="1471726876" role="outer"/>
  <member type="way" ref="1471744199" role="outer"/>
  <member type="way" ref="1471744196" role="outer"/>
  <member type="way" ref="1471744200" role="outer"/>
  <member type="way" ref="1471744187" role="outer"/>
  <member type="way" ref="1471744194" role="outer"/>
  <member type="way" ref="1471744189" role="outer"/>
  <member type="way" ref="1471744191" role="outer"/>
  <member type="way" ref="21041198" role="outer"/>
  <member type="way" ref="626873359" role="outer"/>
  <member type="way" ref="1471878719" role="outer"/>
  <member type="way" ref="1471878721" role="outer"/>
  <member type="way" ref="1471602862" role="outer"/>
  <member type="way" ref="626811337" role="outer"/>
  <member type="way" ref="1471602860" role="outer"/>
  <member type="way" ref="1471602859" role="outer"/>
  <member type="way" ref="1471602861" role="outer"/>
  <member type="way" ref="626811324" role="outer"/>
  <member type="way" ref="626811322" role="outer"/>
  <member type="way" ref="1471597409" role="outer"/>
  <member type="way" ref="690013571" role="outer"/>
  <member type="way" ref="626582361" role="outer"/>
  <member type="way" ref="1470786648" role="outer"/>
  <member type="way" ref="626582362" role="outer"/>
  <member type="way" ref="626582364" role="outer"/>
  <member type="way" ref="1472654558" role="outer"/>
  <member type="way" ref="1472654555" role="outer"/>
  <member type="way" ref="1470786637" role="outer"/>
  <member type="way" ref="626582363" role="outer"/>
  <member type="way" ref="1471755217" role="outer"/>
  <member type="way" ref="1472478081" role="outer"/>
  <member type="way" ref="1472478082" role="outer"/>
  <member type="way" ref="1472478075" role="outer"/>
  <member type="way" ref="21041418" role="outer"/>
  <member type="way" ref="1470786636" role="outer"/>
  <member type="way" ref="626582354" role="outer"/>
  <member type="way" ref="21041692" role="outer"/>
  <member type="way" ref="1475093252" role="outer"/>
  <member type="way" ref="21041540" role="outer"/>
  <member type="way" ref="1462113137" role="outer"/>
  <member type="way" ref="626373329" role="outer"/>
  <member type="way" ref="626373330" role="outer"/>
  <member type="way" ref="1462113141" role="outer"/>
  <member type="way" ref="1472773574" role="outer"/>
  <member type="way" ref="1472773572" role="outer"/>
  <member type="way" ref="21041284" role="outer"/>
  <member type="way" ref="1472773576" role="outer"/>
  <member type="way" ref="1484230598" role="outer"/>
  <member type="way" ref="1472773571" role="outer"/>
  <member type="way" ref="1484230597" role="outer"/>
  <member type="way" ref="626571065" role="outer"/>
  <member type="way" ref="1484230550" role="outer"/>
  <member type="way" ref="1451154238" role="outer"/>
  <member type="way" ref="1451154240" role="outer"/>
  <member type="way" ref="21041467" role="outer"/>
  <member type="way" ref="626787287" role="outer"/>
  <member type="way" ref="1451154256" role="outer"/>
  <member type="way" ref="1484443027" role="outer"/>
  <member type="way" ref="1484443024" role="outer"/>
  <member type="way" ref="21048125" role="outer"/>
  <member type="way" ref="21048195" role="outer"/>
  <member type="way" ref="626865996" role="outer"/>
  <member type="way" ref="626865999" role="outer"/>
  <member type="way" ref="627089829" role="outer"/>
  <member type="way" ref="627089828" role="outer"/>
  <member type="way" ref="733828241" role="outer"/>
  <member type="way" ref="21084480" role="outer"/>
  <member type="way" ref="626542541" role="outer"/>
  <member type="way" ref="1302294181" role="outer"/>
  <member type="way" ref="958886637" role="outer"/>
  <member type="way" ref="690014998" role="outer"/>
  <member type="way" ref="21084664" role="outer"/>
  <member type="way" ref="733656437" role="outer"/>
  <member type="way" ref="21084245" role="outer"/>
  <member type="way" ref="21084447" role="outer"/>
  <member type="way" ref="958886635" role="outer"/>
  <member type="way" ref="733656494" role="outer"/>
  <member type="way" ref="21084587" role="outer"/>
  <member type="way" ref="733638820" role="outer"/>
  <member type="way" ref="626599037" role="outer"/>
  <member type="way" ref="21084567" role="outer"/>
  <member type="way" ref="733638823" role="outer"/>
  <member type="way" ref="21084605" role="outer"/>
  <member type="way" ref="733638828" role="outer"/>
  <member type="way" ref="21084500" role="outer"/>
  <member type="way" ref="626851178" role="outer"/>
  <member type="way" ref="21084307" role="outer"/>
  <member type="way" ref="733638829" role="outer"/>
  <member type="way" ref="626876858" role="outer"/>
  <member type="way" ref="958886636" role="outer"/>
  <member type="way" ref="626851176" role="outer"/>
  <member type="way" ref="285872300" role="outer"/>
  <member type="way" ref="626876860" role="outer"/>
  <member type="way" ref="626876861" role="outer"/>
  <member type="way" ref="626876859" role="outer"/>
  <member type="way" ref="362421148" role="outer"/>
  <member type="way" ref="1103993301" role="outer"/>
  <member type="way" ref="1103993327" role="outer"/>
  <member type="way" ref="1103993328" role="outer"/>
  <member type="way" ref="1103993311" role="outer"/>
  <member type="way" ref="362421147" role="outer"/>
  <member type="way" ref="1103993313" role="outer"/>
  <member type="way" ref="1103993314" role="outer"/>
  <member type="way" ref="1103993318" role="outer"/>
  <member type="way" ref="1103993316" role="outer"/>
  <member type="way" ref="1103993322" role="outer"/>
  <member type="way" ref="1103993317" role="outer"/>
  <member type="way" ref="1103993321" role="outer"/>
  <member type="way" ref="1103993320" role="outer"/>
  <member type="way" ref="733498877" role="outer"/>
  <member type="way" ref="362421178" role="outer"/>
  <member type="way" ref="627318261" role="outer"/>
  <member type="way" ref="627318259" role="outer"/>
  <member type="way" ref="1072044731" role="outer"/>
  <member type="way" ref="362421153" role="outer"/>
  <member type="way" ref="362421179" role="outer"/>
  <member type="way" ref="440006753" role="outer"/>
  <member type="way" ref="440006752" role="outer"/>
  <member type="way" ref="21104722" role="outer"/>
  <member type="way" ref="733492368" role="outer"/>
  <member type="way" ref="21104713" role="outer"/>
  <member type="way" ref="690016484" role="outer"/>
  <member type="way" ref="21104691" role="outer"/>
  <member type="way" ref="733306269" role="outer"/>
  <member type="way" ref="325193989" role="outer"/>
  <member type="way" ref="733306276" role="outer"/>
  <member type="way" ref="554927313" role="outer"/>
  <member type="way" ref="626616836" role="outer"/>
  <member type="way" ref="733306286" role="outer"/>
  <member type="way" ref="21104753" role="outer"/>
  <member type="way" ref="626542429" role="outer"/>
  <member type="way" ref="733306341" role="outer"/>
  <member type="way" ref="1301241640" role="outer"/>
  <member type="way" ref="21104792" role="outer"/>
  <member type="way" ref="1301240376" role="outer"/>
  <member type="way" ref="733306348" role="outer"/>
  <member type="way" ref="733306359" role="outer"/>
  <member type="way" ref="554927315" role="outer"/>
  <member type="way" ref="1274364956" role="outer"/>
  <member type="way" ref="21104769" role="outer"/>
  <member type="way" ref="90800165" role="outer"/>
  <member type="way" ref="1105894456" role="outer"/>
  <member type="way" ref="593619000" role="outer"/>
  <member type="way" ref="593618999" role="outer"/>
  <member type="way" ref="1105894457" role="outer"/>
  <member type="way" ref="1274364950" role="outer"/>
  <member type="way" ref="733306364" role="outer"/>
  <member type="way" ref="593619001" role="outer"/>
  <member type="way" ref="90800126" role="outer"/>
  <member type="way" ref="1274364949" role="outer"/>
  <member type="way" ref="90800172" role="outer"/>
  <member type="way" ref="733267890" role="outer"/>
  <member type="way" ref="1106237289" role="outer"/>
  <member type="way" ref="1106237288" role="outer"/>
  <member type="way" ref="1274364927" role="outer"/>
  <member type="way" ref="1106494068" role="outer"/>
  <member type="way" ref="90821560" role="outer"/>
  <member type="way" ref="1274364946" role="outer"/>
  <member type="way" ref="1274364945" role="outer"/>
  <member type="way" ref="1106494066" role="outer"/>
  <member type="way" ref="1106494067" role="outer"/>
  <member type="way" ref="592693951" role="outer"/>
  <member type="way" ref="593620494" role="outer"/>
  <member type="way" ref="592681018" role="outer"/>
  <member type="way" ref="1274364944" role="outer"/>
  <member type="way" ref="114207049" role="outer"/>
  <member type="way" ref="592693965" role="outer"/>
  <member type="way" ref="592693962" role="outer"/>
  <member type="way" ref="592693972" role="outer"/>
  <member type="way" ref="592693969" role="outer"/>
  <member type="way" ref="1274364930" role="outer"/>
  <member type="way" ref="1279936423" role="outer"/>
  <member type="way" ref="90800192" role="outer"/>
  <member type="way" ref="1279936426" role="outer"/>
  <member type="way" ref="1274364933" role="outer"/>
  <member type="way" ref="362421186" role="outer"/>
  <member type="way" ref="554927312" role="outer"/>
  <member type="way" ref="362421161" role="outer"/>
  <member type="way" ref="593615867" role="outer"/>
  <member type="way" ref="626317943" role="outer"/>
  <member type="way" ref="733638832" role="inner"/>
  <member type="way" ref="1104985185" role="inner"/>
  <member type="way" ref="1104985184" role="inner"/>
  <member type="way" ref="357863894" role="inner"/>
  <member type="way" ref="357863897" role="inner"/>
  <member type="way" ref="733638831" role="inner"/>
  <member type="way" ref="357863899" role="inner"/>
  <member type="way" ref="357863902" role="inner"/>
  <member type="node" ref="8434044218" role="admin_centre"/>
  <member type="node" ref="2237699936" role="label"/>
  <tag k="admin_level" v="4"/>
  <tag k="alt_name" v="Seemandhra"/>
  <tag k="alt_name:hi" v="आंध्र प्रदेसग"/>
  <tag k="boundary" v="administrative"/>
  <tag k="is_in:country_code" v="IN"/>
  <tag k="ISO3166-2" v="IN-AP"/>
  <tag k="name" v="Andhra Pradesh"/>
  <tag k="name:ar" v="آندرا برديش"/>
  <tag k="name:cs" v="Ándhrapradéš"/>
  <tag k="name:en" v="Andhra Pradesh"/>
  <tag k="name:eo" v="Andra-Pradeŝo"/>
  <tag k="name:fa" v="آندرا پرادش"/>
  <tag k="name:hi" v="आन्ध्र प्रदेश"/>
  <tag k="name:ja" v="アーンドラ・プラデーシュ"/>
  <tag k="name:kn" v="ಆಂಧ್ರ ಪ್ರದೇಶ"/>
  <tag k="name:ko" v="안드라프라데시"/>
  <tag k="name:ku" v="Andhra Pradeş"/>
  <tag k="name:ml" v="ആന്ധ്രാപ്രദേശ്"/>
  <tag k="name:mr" v="आंध्र प्रदेश"/>
  <tag k="name:or" v="ଆନ୍ଧ୍ର ପ୍ରଦେଶ"/>
  <tag k="name:pa" v="ਆਂਧਰਾ ਪ੍ਰਦੇਸ਼"/>
  <tag k="name:ru" v="Андхра-Прадеш"/>
  <tag k="name:ta" v="ஆந்திரப் பிரதேசம்"/>
  <tag k="name:te" v="ఆంధ్ర ప్రదేశ్"/>
  <tag k="name:uk" v="Андхра-Прадеш"/>
  <tag k="name:ur" v="آندھرا پردیش"/>
  <tag k="name:zh" v="安得拉邦"/>
  <tag k="ref" v="AP"/>
  <tag k="ref:LGD:state" v="28"/>
  <tag k="type" v="boundary"/>
  <tag k="wikidata" v="Q1159"/>
  <tag k="wikipedia" v="en:Andhra Pradesh"/>
 </relation>
 <relation id="10237258" visible="true" version="10" changeset="176018096" timestamp="2025-12-16T18:09:53Z" user="Olyon" uid="1443767">
  <member type="way" ref="1304041292" role="outer"/>
  <member type="way" ref="1304038919" role="outer"/>
  <member type="way" ref="1304041291" role="outer"/>
  <member type="way" ref="1304041290" role="outer"/>
  <member type="node" ref="245621251" role="admin_centre"/>
  <tag k="admin_level" v="6"/>
  <tag k="boundary" v="administrative"/>
  <tag k="name" v="Satyavedu"/>
  <tag k="name:te" v="సత్యవేడు"/>
  <tag k="ref:LGD:subdistrict" v="5402"/>
  <tag k="type" v="boundary"/>
  <tag k="wikidata" v="Q60366805"/>
 </relation>
 <relation id="10302479" visible="true" version="14" changeset="176018096" timestamp="2025-12-16T18:09:53Z" user="Olyon" uid="1443767">
  <member type="way" ref="1304035343" role="outer"/>
  <member type="way" ref="739922929" role="outer"/>
  <member type="way" ref="1304038920" role="outer"/>
  <member type="way" ref="1304041291" role="outer"/>
  <member type="way" ref="745996599" role="outer"/>
  <member type="way" ref="745996598" role="outer"/>
  <member type="node" ref="1069366786" role="admin_centre"/>
  <tag k="admin_level" v="6"/>
  <tag k="boundary" v="administrative"/>
  <tag k="name" v="Gummidipoondi"/>
  <tag k="name:en" v="Gummidipoondi"/>
  <tag k="name:ta" v="கும்மிடிப்பூண்டி"/>
  <tag k="ref:LGD:subdistrict" v="5693"/>
  <tag k="type" v="boundary"/>
  <tag k="wikidata" v="Q5618194"/>
  <tag k="wikipedia" v="en:Gummidipoondi taluk"/>
 </relation>
 <relation id="13997802" visible="true" version="29" changeset="178215798" timestamp="2026-02-07T06:50:25Z" user="arjunaraoc" uid="2742073">
  <member type="way" ref="1304515139" role="outer"/>
  <member type="way" ref="1304116542" role="outer"/>
  <member type="way" ref="1304116543" role="outer"/>
  <member type="way" ref="1304116544" role="outer"/>
  <member type="way" ref="1304116545" role="outer"/>
  <member type="way" ref="1304114293" role="outer"/>
  <member type="way" ref="1304114294" role="outer"/>
  <member type="way" ref="1304096018" role="outer"/>
  <member type="way" ref="1304097677" role="outer"/>
  <member type="way" ref="1304097678" role="outer"/>
  <member type="way" ref="1304097679" role="outer"/>
  <member type="way" ref="1304097680" role="outer"/>
  <member type="way" ref="1304097681" role="outer"/>
  <member type="way" ref="1304096020" role="outer"/>
  <member type="way" ref="1304096021" role="outer"/>
  <member type="way" ref="1304092085" role="outer"/>
  <member type="way" ref="1304092086" role="outer"/>
  <member type="way" ref="1304092087" role="outer"/>
  <member type="way" ref="1304089483" role="outer"/>
  <member type="way" ref="740511765" role="outer"/>
  <member type="way" ref="1304086685" role="outer"/>
  <member type="way" ref="1304086686" role="outer"/>
  <member type="way" ref="1304086687" role="outer"/>
  <member type="way" ref="1304086688" role="outer"/>
  <member type="way" ref="740511794" role="outer"/>
  <member type="way" ref="1304084567" role="outer"/>
  <member type="way" ref="1304064581" role="outer"/>
  <member type="way" ref="1304064583" role="outer"/>
  <member type="way" ref="1304064584" role="outer"/>
  <member type="way" ref="1304064585" role="outer"/>
  <member type="way" ref="740511801" role="outer"/>
  <member type="way" ref="1304041290" role="outer"/>
  <member type="way" ref="1304041291" role="outer"/>
  <member type="way" ref="1304038920" role="outer"/>
  <member type="way" ref="739922929" role="outer"/>
  <member type="way" ref="1304035343" role="outer"/>
  <member type="way" ref="1304035342" role="outer"/>
  <member type="way" ref="959901313" role="outer"/>
  <member type="way" ref="959117341" role="outer"/>
  <member type="way" ref="626129093" role="outer"/>
  <member type="way" ref="739184403" role="outer"/>
  <member type="way" ref="655693436" role="outer"/>
  <member type="way" ref="157292550" role="outer"/>
  <member type="way" ref="1304035354" role="outer"/>
  <member type="way" ref="1304035355" role="outer"/>
  <member type="way" ref="1304035356" role="outer"/>
  <member type="way" ref="1304035358" role="outer"/>
  <member type="way" ref="1304194935" role="outer"/>
  <member type="way" ref="1304194936" role="outer"/>
  <member type="way" ref="1303944435" role="outer"/>
  <member type="way" ref="1303944436" role="outer"/>
  <member type="way" ref="1303946248" role="outer"/>
  <member type="way" ref="1303946247" role="outer"/>
  <member type="way" ref="1303946246" role="outer"/>
  <member type="way" ref="1303946245" role="outer"/>
  <member type="way" ref="1303953574" role="outer"/>
  <member type="way" ref="1303953572" role="outer"/>
  <member type="way" ref="1303661203" role="outer"/>
  <member type="way" ref="1304423048" role="outer"/>
  <member type="way" ref="1304423047" role="outer"/>
  <member type="way" ref="1304423705" role="outer"/>
  <member type="way" ref="1304432060" role="outer"/>
  <member type="node" ref="335868152" role="admin_centre"/>
  <tag k="admin_level" v="5"/>
  <tag k="boundary" v="administrative"/>
  <tag k="name" v="Tirupati"/>
  <tag k="name:te" v="తిరుపతి"/>
  <tag k="official_name" v="Tirupati District"/>
  <tag k="official_name:te" v="తిరుపతి జిల్లా"/>
  <tag k="ref:LGD:district" v="752"/>
  <tag k="type" v="boundary"/>
  <tag k="wikidata" v="Q110714853"/>
  <tag k="wikipedia" v="en:Tirupati district"/>
 </relation>
 <relation id="15027366" visible="true" version="4" changeset="173498237" timestamp="2025-10-19T15:36:35Z" user="BJKavan" uid="10813684">
  <member type="node" ref="3233393892" role="admin_centre"/>
  <member type="relation" ref="7910817" role="subarea"/>
  <member type="relation" ref="10326122" role="subarea"/>
  <member type="relation" ref="10326123" role="subarea"/>
  <member type="relation" ref="10326416" role="subarea"/>
  <member type="relation" ref="10326124" role="subarea"/>
  <member type="relation" ref="10326126" role="subarea"/>
  <member type="relation" ref="10326415" role="subarea"/>
  <member type="relation" ref="10326121" role="subarea"/>
  <member type="relation" ref="10326417" role="subarea"/>
  <member type="relation" ref="10326119" role="subarea"/>
  <member type="relation" ref="10302483" role="subarea"/>
  <member type="relation" ref="10302482" role="subarea"/>
  <member type="relation" ref="10302481" role="subarea"/>
  <member type="relation" ref="6286168" role="subarea"/>
  <member type="relation" ref="10302480" role="subarea"/>
  <member type="relation" ref="10302479" role="subarea"/>
  <member type="relation" ref="10302478" role="subarea"/>
  <member type="relation" ref="1766358" role="subarea"/>
  <tag k="admin_level" v="7"/>
  <tag k="alt_name" v="Chennai Metropolitan Development Authority"/>
  <tag k="boundary" v="local_authority"/>
  <tag k="local_authority:IN" v="metropolitan_area"/>
  <tag k="name" v="Chennai Metropolitan Area"/>
  <tag k="name:bn" v="চেন্নাই মহানগর অঞ্চল"/>
  <tag k="name:hi" v="चेन्नई महानगरीय क्षेत्र"/>
  <tag k="name:te" v="చెన్నై మెట్రోపాలిటన్ ప్రాంతం"/>
  <tag k="official_name" v="Greater Chennai Metropolitan Area"/>
  <tag k="population" v="12395000"/>
  <tag k="population:date" v="2022"/>
  <tag k="short_name" v="CMA"/>
  <tag k="source:population" v="http://www.demographia.com/db-worldua.pdf"/>
  <tag k="type" v="boundary"/>
  <tag k="website" v="https://www.cmdachennai.gov.in/"/>
  <tag k="wikidata" v="Q955990"/>
  <tag k="wikipedia" v="en:Chennai metropolitan area"/>
 </relation>
 <relation id="17453159" visible="true" version="107" changeset="181221840" timestamp="2026-04-12T10:01:19Z" user="Printer（Dayinji）" uid="23559788">
  <member type="node" ref="16173236" role="admin_centre"/>
  <member type="node" ref="424314145" role="label"/>
  <member type="way" ref="896641415" role="outer"/>
  <member type="way" ref="150454541" role="outer"/>
  <member type="way" ref="727124731" role="outer"/>
  <member type="way" ref="1006741445" role="outer"/>
  <member type="way" ref="304171921" role="outer"/>
  <member type="way" ref="897114006" role="outer"/>
  <member type="way" ref="727124728" role="outer"/>
  <member type="way" ref="204419561" role="outer"/>
  <member type="way" ref="28293977" role="outer"/>
  <member type="way" ref="537398859" role="outer"/>
  <member type="way" ref="1461690412" role="outer"/>
  <member type="way" ref="289333530" role="outer"/>
  <member type="way" ref="727077458" role="outer"/>
  <member type="way" ref="727077477" role="outer"/>
  <member type="way" ref="903354275" role="outer"/>
  <member type="way" ref="537395722" role="outer"/>
  <member type="way" ref="537394875" role="outer"/>
  <member type="way" ref="533608851" role="outer"/>
  <member type="way" ref="524157498" role="outer"/>
  <member type="way" ref="1000908308" role="outer"/>
  <member type="way" ref="133286875" role="outer"/>
  <member type="way" ref="727077483" role="outer"/>
  <member type="way" ref="1000925863" role="outer"/>
  <member type="way" ref="133286026" role="outer"/>
  <member type="way" ref="889294649" role="outer"/>
  <member type="way" ref="1000925855" role="outer"/>
  <member type="way" ref="1000935163" role="outer"/>
  <member type="way" ref="889018470" role="outer"/>
  <member type="way" ref="889294643" role="outer"/>
  <member type="way" ref="889018465" role="outer"/>
  <member type="way" ref="889294659" role="outer"/>
  <member type="way" ref="1001103255" role="outer"/>
  <member type="way" ref="727077474" role="outer"/>
  <member type="way" ref="727077481" role="outer"/>
  <member type="way" ref="889362431" role="outer"/>
  <member type="way" ref="888994105" role="outer"/>
  <member type="way" ref="960893771" role="outer"/>
  <member type="way" ref="293480006" role="outer"/>
  <member type="way" ref="1001763306" role="outer"/>
  <member type="way" ref="727077471" role="outer"/>
  <member type="way" ref="481829500" role="outer"/>
  <member type="way" ref="133286045" role="outer"/>
  <member type="way" ref="1001838674" role="outer"/>
  <member type="way" ref="889362416" role="outer"/>
  <member type="way" ref="727077462" role="outer"/>
  <member type="way" ref="727077454" role="outer"/>
  <member type="way" ref="289333529" role="outer"/>
  <member type="way" ref="169984530" role="outer"/>
  <member type="way" ref="727083480" role="outer"/>
  <member type="way" ref="169984531" role="outer"/>
  <member type="way" ref="481829501" role="outer"/>
  <member type="way" ref="890768801" role="outer"/>
  <member type="way" ref="1002128321" role="outer"/>
  <member type="way" ref="293480016" role="outer"/>
  <member type="way" ref="1002128326" role="outer"/>
  <member type="way" ref="890768814" role="outer"/>
  <member type="way" ref="890768811" role="outer"/>
  <member type="way" ref="1002137180" role="outer"/>
  <member type="way" ref="888735241" role="outer"/>
  <member type="way" ref="888735242" role="outer"/>
  <member type="way" ref="727083541" role="outer"/>
  <member type="way" ref="890768828" role="outer"/>
  <member type="way" ref="890768823" role="outer"/>
  <member type="way" ref="1002143727" role="outer"/>
  <member type="way" ref="1002143726" role="outer"/>
  <member type="way" ref="890768820" role="outer"/>
  <member type="way" ref="725339010" role="outer"/>
  <member type="way" ref="888805561" role="outer"/>
  <member type="way" ref="890768835" role="outer"/>
  <member type="way" ref="890768839" role="outer"/>
  <member type="way" ref="1002238277" role="outer"/>
  <member type="way" ref="133285312" role="outer"/>
  <member type="way" ref="1002238273" role="outer"/>
  <member type="way" ref="1002238271" role="outer"/>
  <member type="way" ref="888907195" role="outer"/>
  <member type="way" ref="1002243149" role="outer"/>
  <member type="way" ref="888805560" role="outer"/>
  <member type="way" ref="133285002" role="outer"/>
  <member type="way" ref="1002244958" role="outer"/>
  <member type="way" ref="894413439" role="outer"/>
  <member type="way" ref="1002714482" role="outer"/>
  <member type="way" ref="888735251" role="outer"/>
  <member type="way" ref="444855584" role="outer"/>
  <member type="way" ref="1002714481" role="outer"/>
  <member type="way" ref="894413436" role="outer"/>
  <member type="way" ref="1003253872" role="outer"/>
  <member type="way" ref="725154567" role="outer"/>
  <member type="way" ref="1003253866" role="outer"/>
  <member type="way" ref="725154571" role="outer"/>
  <member type="way" ref="895704037" role="outer"/>
  <member type="way" ref="725154579" role="outer"/>
  <member type="way" ref="1003253868" role="outer"/>
  <member type="way" ref="888900235" role="outer"/>
  <member type="way" ref="1003253877" role="outer"/>
  <member type="way" ref="133284134" role="outer"/>
  <member type="way" ref="895730338" role="outer"/>
  <member type="way" ref="895704042" role="outer"/>
  <member type="way" ref="1003264245" role="outer"/>
  <member type="way" ref="725154588" role="outer"/>
  <member type="way" ref="293480014" role="outer"/>
  <member type="way" ref="133283013" role="outer"/>
  <member type="way" ref="1003736975" role="outer"/>
  <member type="way" ref="724793246" role="outer"/>
  <member type="way" ref="895346884" role="outer"/>
  <member type="way" ref="895346886" role="outer"/>
  <member type="way" ref="1010345654" role="outer"/>
  <member type="way" ref="293480003" role="outer"/>
  <member type="way" ref="1003933630" role="outer"/>
  <member type="way" ref="1010342568" role="outer"/>
  <member type="way" ref="1003990094" role="outer"/>
  <member type="way" ref="1010342569" role="outer"/>
  <member type="way" ref="1003990086" role="outer"/>
  <member type="way" ref="895300301" role="outer"/>
  <member type="way" ref="895346882" role="outer"/>
  <member type="way" ref="1010042387" role="outer"/>
  <member type="way" ref="1010042382" role="outer"/>
  <member type="way" ref="1004156501" role="outer"/>
  <member type="way" ref="1010048141" role="outer"/>
  <member type="way" ref="1010048135" role="outer"/>
  <member type="way" ref="724711202" role="outer"/>
  <member type="way" ref="1010048138" role="outer"/>
  <member type="way" ref="1004156485" role="outer"/>
  <member type="way" ref="1010048136" role="outer"/>
  <member type="way" ref="895346878" role="outer"/>
  <member type="way" ref="1010053661" role="outer"/>
  <member type="way" ref="1004156491" role="outer"/>
  <member type="way" ref="1004156492" role="outer"/>
  <member type="way" ref="895346880" role="outer"/>
  <member type="way" ref="1010340712" role="outer"/>
  <member type="way" ref="1010340723" role="outer"/>
  <member type="way" ref="133277196" role="outer"/>
  <member type="way" ref="724717837" role="outer"/>
  <member type="way" ref="1004330647" role="outer"/>
  <member type="way" ref="665592839" role="outer"/>
  <member type="way" ref="1011408014" role="outer"/>
  <member type="way" ref="1011408017" role="outer"/>
  <member type="way" ref="334783497" role="outer"/>
  <member type="way" ref="1011410510" role="outer"/>
  <member type="way" ref="1011410514" role="outer"/>
  <member type="way" ref="1011410521" role="outer"/>
  <member type="way" ref="1011410516" role="outer"/>
  <member type="way" ref="293480013" role="outer"/>
  <member type="way" ref="293480012" role="outer"/>
  <member type="way" ref="751503115" role="outer"/>
  <member type="way" ref="1012232807" role="outer"/>
  <member type="way" ref="1012232810" role="outer"/>
  <member type="way" ref="1012232811" role="outer"/>
  <member type="way" ref="590022642" role="outer"/>
  <member type="way" ref="1012498760" role="outer"/>
  <member type="way" ref="751503085" role="outer"/>
  <member type="way" ref="751503086" role="outer"/>
  <member type="way" ref="1012498763" role="outer"/>
  <member type="way" ref="1013088233" role="outer"/>
  <member type="way" ref="590022648" role="outer"/>
  <member type="way" ref="751503078" role="outer"/>
  <member type="way" ref="894044221" role="outer"/>
  <member type="way" ref="1004933624" role="outer"/>
  <member type="way" ref="687629524" role="outer"/>
  <member type="way" ref="1013363928" role="outer"/>
  <member type="way" ref="1013363931" role="outer"/>
  <member type="way" ref="1004933617" role="outer"/>
  <member type="way" ref="1013384803" role="outer"/>
  <member type="way" ref="751563125" role="outer"/>
  <member type="way" ref="1013384802" role="outer"/>
  <member type="way" ref="1013384800" role="outer"/>
  <member type="way" ref="894000897" role="outer"/>
  <member type="way" ref="1013384798" role="outer"/>
  <member type="way" ref="894000901" role="outer"/>
  <member type="way" ref="1004933613" role="outer"/>
  <member type="way" ref="1004933607" role="outer"/>
  <member type="way" ref="1013562597" role="outer"/>
  <member type="way" ref="894000900" role="outer"/>
  <member type="way" ref="1004947346" role="outer"/>
  <member type="way" ref="1013567398" role="outer"/>
  <member type="way" ref="1013567400" role="outer"/>
  <member type="way" ref="133277203" role="outer"/>
  <member type="way" ref="1013567392" role="outer"/>
  <member type="way" ref="1004947342" role="outer"/>
  <member type="way" ref="894000904" role="outer"/>
  <member type="way" ref="1013579784" role="outer"/>
  <member type="way" ref="1013579790" role="outer"/>
  <member type="way" ref="1005014526" role="outer"/>
  <member type="way" ref="1013593300" role="outer"/>
  <member type="way" ref="894000909" role="outer"/>
  <member type="way" ref="1013593302" role="outer"/>
  <member type="way" ref="1013593297" role="outer"/>
  <member type="way" ref="133270476" role="outer"/>
  <member type="way" ref="1013593296" role="outer"/>
  <member type="way" ref="1005024861" role="outer"/>
  <member type="way" ref="894000912" role="outer"/>
  <member type="way" ref="1005024860" role="outer"/>
  <member type="way" ref="894000917" role="outer"/>
  <member type="way" ref="1005039093" role="outer"/>
  <member type="way" ref="894236511" role="outer"/>
  <member type="way" ref="1005039102" role="outer"/>
  <member type="way" ref="894236540" role="outer"/>
  <member type="way" ref="1005046301" role="outer"/>
  <member type="way" ref="1005046302" role="outer"/>
  <member type="way" ref="894236537" role="outer"/>
  <member type="way" ref="894000918" role="outer"/>
  <member type="way" ref="133267813" role="outer"/>
  <member type="way" ref="894328004" role="outer"/>
  <member type="way" ref="1005046310" role="outer"/>
  <member type="way" ref="894328005" role="outer"/>
  <member type="way" ref="133267812" role="outer"/>
  <member type="way" ref="293480015" role="outer"/>
  <member type="way" ref="1444515289" role="outer"/>
  <member type="way" ref="1444495998" role="outer"/>
  <member type="way" ref="133267816" role="outer"/>
  <member type="way" ref="304111936" role="outer"/>
  <member type="way" ref="133266364" role="outer"/>
  <member type="way" ref="133266349" role="outer"/>
  <member type="way" ref="729227951" role="outer"/>
  <member type="way" ref="133266341" role="outer"/>
  <member type="way" ref="133266360" role="outer"/>
  <member type="way" ref="304114151" role="outer"/>
  <member type="way" ref="133266345" role="outer"/>
  <member type="way" ref="133266359" role="outer"/>
  <member type="way" ref="133266342" role="outer"/>
  <member type="way" ref="133266363" role="outer"/>
  <member type="way" ref="204426590" role="outer"/>
  <member type="way" ref="133266346" role="outer"/>
  <member type="way" ref="133266354" role="outer"/>
  <member type="way" ref="1498755878" role="outer"/>
  <member type="way" ref="1498755877" role="outer"/>
  <member type="way" ref="1498755880" role="outer"/>
  <member type="way" ref="1498755881" role="outer"/>
  <member type="way" ref="133266352" role="outer"/>
  <member type="way" ref="133266340" role="outer"/>
  <member type="way" ref="204426589" role="outer"/>
  <member type="way" ref="133266343" role="outer"/>
  <member type="way" ref="133266361" role="outer"/>
  <member type="way" ref="304370730" role="outer"/>
  <member type="way" ref="133266344" role="outer"/>
  <member type="way" ref="133266362" role="outer"/>
  <member type="way" ref="481835023" role="outer"/>
  <member type="way" ref="346345742" role="outer"/>
  <member type="way" ref="729227949" role="outer"/>
  <member type="way" ref="449273609" role="outer"/>
  <member type="way" ref="328164711" role="outer"/>
  <member type="way" ref="1124769678" role="outer"/>
  <member type="way" ref="481835022" role="outer"/>
  <member type="way" ref="534858341" role="outer"/>
  <member type="way" ref="28294431" role="outer"/>
  <member type="way" ref="729228851" role="outer"/>
  <member type="way" ref="449356697" role="outer"/>
  <member type="way" ref="449365590" role="outer"/>
  <member type="way" ref="1184946412" role="outer"/>
  <member type="way" ref="449365591" role="outer"/>
  <member type="way" ref="346343257" role="outer"/>
  <member type="way" ref="1184946405" role="outer"/>
  <member type="way" ref="449377470" role="outer"/>
  <member type="way" ref="449606792" role="outer"/>
  <member type="way" ref="449606793" role="outer"/>
  <member type="way" ref="449606794" role="outer"/>
  <member type="way" ref="449607181" role="outer"/>
  <member type="way" ref="666279080" role="outer"/>
  <member type="way" ref="449611011" role="outer"/>
  <member type="way" ref="526726961" role="outer"/>
  <member type="way" ref="526726960" role="outer"/>
  <member type="way" ref="526726962" role="outer"/>
  <member type="way" ref="751591782" role="outer"/>
  <member type="way" ref="346343262" role="outer"/>
  <member type="way" ref="526753119" role="outer"/>
  <member type="way" ref="526753124" role="outer"/>
  <member type="way" ref="526753115" role="outer"/>
  <member type="way" ref="449611010" role="outer"/>
  <member type="way" ref="751591744" role="outer"/>
  <member type="way" ref="449766377" role="outer"/>
  <member type="way" ref="526758011" role="outer"/>
  <member type="way" ref="526752582" role="outer"/>
  <member type="way" ref="526766994" role="outer"/>
  <member type="way" ref="526766993" role="outer"/>
  <member type="way" ref="526766992" role="outer"/>
  <member type="way" ref="328164704" role="outer"/>
  <member type="way" ref="526766991" role="outer"/>
  <member type="way" ref="449766373" role="outer"/>
  <member type="way" ref="751591741" role="outer"/>
  <member type="way" ref="526766990" role="outer"/>
  <member type="way" ref="1185079562" role="outer"/>
  <member type="way" ref="1185079560" role="outer"/>
  <member type="way" ref="508742798" role="outer"/>
  <member type="way" ref="508776663" role="outer"/>
  <member type="way" ref="1185079542" role="outer"/>
  <member type="way" ref="1185079525" role="outer"/>
  <member type="way" ref="751591729" role="outer"/>
  <member type="way" ref="1185079533" role="outer"/>
  <member type="way" ref="449817639" role="outer"/>
  <member type="way" ref="510287662" role="outer"/>
  <member type="way" ref="510287656" role="outer"/>
  <member type="way" ref="510203863" role="outer"/>
  <member type="way" ref="510287660" role="outer"/>
  <member type="way" ref="1185263378" role="outer"/>
  <member type="way" ref="1185263375" role="outer"/>
  <member type="way" ref="517982359" role="outer"/>
  <member type="way" ref="388198697" role="outer"/>
  <member type="way" ref="1185270527" role="outer"/>
  <member type="way" ref="513064556" role="outer"/>
  <member type="way" ref="1185270526" role="outer"/>
  <member type="way" ref="513066830" role="outer"/>
  <member type="way" ref="745534415" role="outer"/>
  <member type="way" ref="513065433" role="outer"/>
  <member type="way" ref="512323263" role="outer"/>
  <member type="way" ref="1185204372" role="outer"/>
  <member type="way" ref="512331094" role="outer"/>
  <member type="way" ref="512334326" role="outer"/>
  <member type="way" ref="1185202723" role="outer"/>
  <member type="way" ref="512335324" role="outer"/>
  <member type="way" ref="1303919549" role="outer"/>
  <member type="way" ref="512323264" role="outer"/>
  <member type="way" ref="745534398" role="outer"/>
  <member type="way" ref="1185202731" role="outer"/>
  <member type="way" ref="512342212" role="outer"/>
  <member type="way" ref="1185202728" role="outer"/>
  <member type="way" ref="1185202733" role="outer"/>
  <member type="way" ref="512344124" role="outer"/>
  <member type="way" ref="45328435" role="outer"/>
  <member type="way" ref="514007015" role="outer"/>
  <member type="way" ref="745437648" role="outer"/>
  <member type="way" ref="514007696" role="outer"/>
  <member type="way" ref="1185501048" role="outer"/>
  <member type="way" ref="514008350" role="outer"/>
  <member type="way" ref="756752284" role="outer"/>
  <member type="way" ref="514012527" role="outer"/>
  <member type="way" ref="519431147" role="outer"/>
  <member type="way" ref="519431146" role="outer"/>
  <member type="way" ref="514012530" role="outer"/>
  <member type="way" ref="514020616" role="outer"/>
  <member type="way" ref="745539268" role="outer"/>
  <member type="way" ref="514515606" role="outer"/>
  <member type="way" ref="1185537521" role="outer"/>
  <member type="way" ref="514517020" role="outer"/>
  <member type="way" ref="1185537519" role="outer"/>
  <member type="way" ref="514516170" role="outer"/>
  <member type="way" ref="514515603" role="outer"/>
  <member type="way" ref="1185556826" role="outer"/>
  <member type="way" ref="133260204" role="outer"/>
  <member type="way" ref="745539271" role="outer"/>
  <member type="way" ref="514514376" role="outer"/>
  <member type="way" ref="756677515" role="outer"/>
  <member type="way" ref="1185563526" role="outer"/>
  <member type="way" ref="1185563516" role="outer"/>
  <member type="way" ref="514333904" role="outer"/>
  <member type="way" ref="745539289" role="outer"/>
  <member type="way" ref="515053040" role="outer"/>
  <member type="way" ref="1185794591" role="outer"/>
  <member type="way" ref="515086692" role="outer"/>
  <member type="way" ref="1185792781" role="outer"/>
  <member type="way" ref="515086906" role="outer"/>
  <member type="way" ref="1185792778" role="outer"/>
  <member type="way" ref="1185786602" role="outer"/>
  <member type="way" ref="328163417" role="outer"/>
  <member type="way" ref="515088647" role="outer"/>
  <member type="way" ref="515081913" role="outer"/>
  <member type="way" ref="1185779127" role="outer"/>
  <member type="way" ref="515075390" role="outer"/>
  <member type="way" ref="515075723" role="outer"/>
  <member type="way" ref="515075393" role="outer"/>
  <member type="way" ref="1185782691" role="outer"/>
  <member type="way" ref="515081236" role="outer"/>
  <member type="way" ref="1185782695" role="outer"/>
  <member type="way" ref="45328438" role="outer"/>
  <member type="way" ref="460402769" role="outer"/>
  <member type="way" ref="525230238" role="outer"/>
  <member type="way" ref="744749216" role="outer"/>
  <member type="way" ref="525238044" role="outer"/>
  <member type="way" ref="525649616" role="outer"/>
  <member type="way" ref="111459660" role="outer"/>
  <member type="way" ref="525717846" role="outer"/>
  <member type="way" ref="755443722" role="outer"/>
  <member type="way" ref="525958864" role="outer"/>
  <member type="way" ref="525959306" role="outer"/>
  <member type="way" ref="525961150" role="outer"/>
  <member type="way" ref="525966838" role="outer"/>
  <member type="way" ref="526568355" role="outer"/>
  <member type="way" ref="526570350" role="outer"/>
  <member type="way" ref="526573316" role="outer"/>
  <member type="way" ref="328163412" role="outer"/>
  <member type="way" ref="744633939" role="outer"/>
  <member type="way" ref="526571468" role="outer"/>
  <member type="way" ref="526573990" role="outer"/>
  <member type="way" ref="526576640" role="outer"/>
  <member type="way" ref="526571471" role="outer"/>
  <member type="way" ref="1194262453" role="outer"/>
  <member type="way" ref="527530487" role="outer"/>
  <member type="way" ref="527551584" role="outer"/>
  <member type="way" ref="744633982" role="outer"/>
  <member type="way" ref="527565436" role="outer"/>
  <member type="way" ref="528225220" role="outer"/>
  <member type="way" ref="528225226" role="outer"/>
  <member type="way" ref="528234341" role="outer"/>
  <member type="way" ref="528236100" role="outer"/>
  <member type="way" ref="528793734" role="outer"/>
  <member type="way" ref="528796378" role="outer"/>
  <member type="way" ref="528798757" role="outer"/>
  <member type="way" ref="744550316" role="outer"/>
  <member type="way" ref="45325036" role="outer"/>
  <member type="way" ref="730228661" role="outer"/>
  <member type="way" ref="528894617" role="outer"/>
  <member type="way" ref="534202189" role="outer"/>
  <member type="way" ref="535553276" role="outer"/>
  <member type="way" ref="535550256" role="outer"/>
  <member type="way" ref="744550320" role="outer"/>
  <member type="way" ref="744550322" role="outer"/>
  <member type="way" ref="534202186" role="outer"/>
  <member type="way" ref="534210576" role="outer"/>
  <member type="way" ref="744544231" role="outer"/>
  <member type="way" ref="534316609" role="outer"/>
  <member type="way" ref="328160815" role="outer"/>
  <member type="way" ref="534323149" role="outer"/>
  <member type="way" ref="534327344" role="outer"/>
  <member type="way" ref="534327803" role="outer"/>
  <member type="way" ref="756365779" role="outer"/>
  <member type="way" ref="534347340" role="outer"/>
  <member type="way" ref="1193996580" role="outer"/>
  <member type="way" ref="534317311" role="outer"/>
  <member type="way" ref="1193996584" role="outer"/>
  <member type="way" ref="744642624" role="outer"/>
  <member type="way" ref="534358843" role="outer"/>
  <member type="way" ref="1193828429" role="outer"/>
  <member type="way" ref="111459661" role="outer"/>
  <member type="way" ref="481260252" role="outer"/>
  <member type="way" ref="460418460" role="outer"/>
  <member type="way" ref="481259104" role="outer"/>
  <member type="way" ref="480724415" role="outer"/>
  <member type="way" ref="472394221" role="outer"/>
  <member type="way" ref="472395205" role="outer"/>
  <member type="way" ref="1193795681" role="outer"/>
  <member type="way" ref="741837958" role="outer"/>
  <member type="way" ref="328160813" role="outer"/>
  <member type="way" ref="1193787335" role="outer"/>
  <member type="way" ref="472389958" role="outer"/>
  <member type="way" ref="1193787338" role="outer"/>
  <member type="way" ref="472387837" role="outer"/>
  <member type="way" ref="472383848" role="outer"/>
  <member type="way" ref="472383855" role="outer"/>
  <member type="way" ref="472382891" role="outer"/>
  <member type="way" ref="1193677243" role="outer"/>
  <member type="way" ref="472221683" role="outer"/>
  <member type="way" ref="472220769" role="outer"/>
  <member type="way" ref="45328020" role="outer"/>
  <member type="way" ref="1193371881" role="outer"/>
  <member type="way" ref="741837972" role="outer"/>
  <member type="way" ref="464783420" role="outer"/>
  <member type="way" ref="464782668" role="outer"/>
  <member type="way" ref="464782222" role="outer"/>
  <member type="way" ref="463973608" role="outer"/>
  <member type="way" ref="463727890" role="outer"/>
  <member type="way" ref="1193329110" role="outer"/>
  <member type="way" ref="1193329120" role="outer"/>
  <member type="way" ref="1193329121" role="outer"/>
  <member type="way" ref="463711690" role="outer"/>
  <member type="way" ref="463318228" role="outer"/>
  <member type="way" ref="463318040" role="outer"/>
  <member type="way" ref="463091269" role="outer"/>
  <member type="way" ref="1193312950" role="outer"/>
  <member type="way" ref="463090460" role="outer"/>
  <member type="way" ref="1193312956" role="outer"/>
  <member type="way" ref="741837963" role="outer"/>
  <member type="way" ref="463088633" role="outer"/>
  <member type="way" ref="463088113" role="outer"/>
  <member type="way" ref="462857958" role="outer"/>
  <member type="way" ref="462849958" role="outer"/>
  <member type="way" ref="1193268231" role="outer"/>
  <member type="way" ref="462848800" role="outer"/>
  <member type="way" ref="462844924" role="outer"/>
  <member type="way" ref="741837983" role="outer"/>
  <member type="way" ref="460770656" role="outer"/>
  <member type="way" ref="144904302" role="outer"/>
  <member type="way" ref="461964399" role="outer"/>
  <member type="way" ref="1193000941" role="outer"/>
  <member type="way" ref="461963330" role="outer"/>
  <member type="way" ref="760406001" role="outer"/>
  <member type="way" ref="741276427" role="outer"/>
  <member type="way" ref="461965800" role="outer"/>
  <member type="way" ref="461965804" role="outer"/>
  <member type="way" ref="461970690" role="outer"/>
  <member type="way" ref="741311891" role="outer"/>
  <member type="way" ref="328160811" role="outer"/>
  <member type="way" ref="461972515" role="outer"/>
  <member type="way" ref="1192998101" role="outer"/>
  <member type="way" ref="461971862" role="outer"/>
  <member type="way" ref="1193092458" role="outer"/>
  <member type="way" ref="461968509" role="outer"/>
  <member type="way" ref="461179860" role="outer"/>
  <member type="way" ref="448371587" role="outer"/>
  <member type="way" ref="1192929531" role="outer"/>
  <member type="way" ref="448370043" role="outer"/>
  <member type="way" ref="1192929532" role="outer"/>
  <member type="way" ref="448370042" role="outer"/>
  <member type="way" ref="328160814" role="outer"/>
  <member type="way" ref="448368705" role="outer"/>
  <member type="way" ref="741293772" role="outer"/>
  <member type="way" ref="1192924764" role="outer"/>
  <member type="way" ref="448368707" role="outer"/>
  <member type="way" ref="448368704" role="outer"/>
  <member type="way" ref="448366413" role="outer"/>
  <member type="way" ref="448366422" role="outer"/>
  <member type="way" ref="448132218" role="outer"/>
  <member type="way" ref="448125779" role="outer"/>
  <member type="way" ref="741285040" role="outer"/>
  <member type="way" ref="448123680" role="outer"/>
  <member type="way" ref="760258383" role="outer"/>
  <member type="way" ref="448119867" role="outer"/>
  <member type="way" ref="1192918992" role="outer"/>
  <member type="way" ref="448111430" role="outer"/>
  <member type="way" ref="448107578" role="outer"/>
  <member type="way" ref="448041493" role="outer"/>
  <member type="way" ref="448039584" role="outer"/>
  <member type="way" ref="1192693805" role="outer"/>
  <member type="way" ref="741281227" role="outer"/>
  <member type="way" ref="1192645092" role="outer"/>
  <member type="way" ref="132241612" role="outer"/>
  <member type="way" ref="1192645104" role="outer"/>
  <member type="way" ref="447158784" role="outer"/>
  <member type="way" ref="447099490" role="outer"/>
  <member type="way" ref="447099172" role="outer"/>
  <member type="way" ref="1192606616" role="outer"/>
  <member type="way" ref="446891770" role="outer"/>
  <member type="way" ref="446890948" role="outer"/>
  <member type="way" ref="446890961" role="outer"/>
  <member type="way" ref="446889833" role="outer"/>
  <member type="way" ref="446888096" role="outer"/>
  <member type="way" ref="446811538" role="outer"/>
  <member type="way" ref="446798559" role="outer"/>
  <member type="way" ref="434379966" role="outer"/>
  <member type="way" ref="434458243" role="outer"/>
  <member type="way" ref="434379960" role="outer"/>
  <member type="way" ref="741252181" role="outer"/>
  <member type="way" ref="196476564" role="outer"/>
  <member type="way" ref="434372040" role="outer"/>
  <member type="way" ref="434369455" role="outer"/>
  <member type="way" ref="434369454" role="outer"/>
  <member type="way" ref="433489605" role="outer"/>
  <member type="way" ref="432207240" role="outer"/>
  <member type="way" ref="432190349" role="outer"/>
  <member type="way" ref="432148643" role="outer"/>
  <member type="way" ref="431943319" role="outer"/>
  <member type="way" ref="1192571419" role="outer"/>
  <member type="way" ref="741240078" role="outer"/>
  <member type="way" ref="1192571421" role="outer"/>
  <member type="way" ref="328160812" role="outer"/>
  <member type="way" ref="196476584" role="outer"/>
  <member type="way" ref="1192479899" role="outer"/>
  <member type="way" ref="1192479900" role="outer"/>
  <member type="way" ref="406273935" role="outer"/>
  <member type="way" ref="1192479908" role="outer"/>
  <member type="way" ref="406273926" role="outer"/>
  <member type="way" ref="406273940" role="outer"/>
  <member type="way" ref="1192479912" role="outer"/>
  <member type="way" ref="406273931" role="outer"/>
  <member type="way" ref="339887626" role="outer"/>
  <member type="way" ref="741190641" role="outer"/>
  <member type="way" ref="45325026" role="outer"/>
  <member type="way" ref="1190170445" role="outer"/>
  <member type="way" ref="404382497" role="outer"/>
  <member type="way" ref="405328712" role="outer"/>
  <member type="way" ref="406873178" role="outer"/>
  <member type="way" ref="1195592665" role="outer"/>
  <member type="way" ref="406873172" role="outer"/>
  <member type="way" ref="1195592668" role="outer"/>
  <member type="way" ref="759162830" role="outer"/>
  <member type="way" ref="406873180" role="outer"/>
  <member type="way" ref="327941698" role="outer"/>
  <member type="way" ref="404452488" role="outer"/>
  <member type="way" ref="404382498" role="outer"/>
  <member type="way" ref="404359604" role="outer"/>
  <member type="way" ref="404296431" role="outer"/>
  <member type="way" ref="404296430" role="outer"/>
  <member type="way" ref="404294970" role="outer"/>
  <member type="way" ref="404291334" role="outer"/>
  <member type="way" ref="404264621" role="outer"/>
  <member type="way" ref="328041115" role="outer"/>
  <member type="way" ref="1195982109" role="outer"/>
  <member type="way" ref="345708617" role="outer"/>
  <member type="way" ref="398718848" role="outer"/>
  <member type="way" ref="398718837" role="outer"/>
  <member type="way" ref="398718843" role="outer"/>
  <member type="way" ref="398670657" role="outer"/>
  <member type="way" ref="1196002645" role="outer"/>
  <member type="way" ref="1196002651" role="outer"/>
  <member type="way" ref="398589058" role="outer"/>
  <member type="way" ref="144795437" role="outer"/>
  <member type="way" ref="398586387" role="outer"/>
  <member type="way" ref="398583123" role="outer"/>
  <member type="way" ref="398580962" role="outer"/>
  <member type="way" ref="388344350" role="outer"/>
  <member type="way" ref="1196055070" role="outer"/>
  <member type="way" ref="345708616" role="outer"/>
  <member type="way" ref="398577190" role="outer"/>
  <member type="way" ref="398577192" role="outer"/>
  <member type="way" ref="724150940" role="outer"/>
  <member type="way" ref="388344339" role="outer"/>
  <member type="way" ref="398577202" role="outer"/>
  <member type="way" ref="1196056623" role="outer"/>
  <member type="way" ref="327941697" role="outer"/>
  <member type="way" ref="398577205" role="outer"/>
  <member type="way" ref="1196063352" role="outer"/>
  <member type="way" ref="398518283" role="outer"/>
  <member type="way" ref="328041114" role="outer"/>
  <member type="way" ref="398268017" role="outer"/>
  <member type="way" ref="144795438" role="outer"/>
  <member type="way" ref="723769419" role="outer"/>
  <member type="way" ref="398267185" role="outer"/>
  <member type="way" ref="398238533" role="outer"/>
  <member type="way" ref="398238530" role="outer"/>
  <member type="way" ref="398238537" role="outer"/>
  <member type="way" ref="398235562" role="outer"/>
  <member type="way" ref="397932140" role="outer"/>
  <member type="way" ref="397932143" role="outer"/>
  <member type="way" ref="397932137" role="outer"/>
  <member type="way" ref="397850272" role="outer"/>
  <member type="way" ref="1193060740" role="outer"/>
  <member type="way" ref="397856229" role="outer"/>
  <member type="way" ref="397856230" role="outer"/>
  <member type="way" ref="397850270" role="outer"/>
  <member type="way" ref="45325030" role="outer"/>
  <member type="way" ref="397840575" role="outer"/>
  <member type="way" ref="397840578" role="outer"/>
  <member type="way" ref="397809059" role="outer"/>
  <member type="way" ref="397343056" role="outer"/>
  <member type="way" ref="1182943236" role="outer"/>
  <member type="way" ref="144795441" role="outer"/>
  <member type="way" ref="397343025" role="outer"/>
  <member type="way" ref="723549531" role="outer"/>
  <member type="way" ref="1182943251" role="outer"/>
  <member type="way" ref="397157997" role="outer"/>
  <member type="way" ref="285123814" role="outer"/>
  <member type="way" ref="399046444" role="outer"/>
  <member type="way" ref="668725966" role="outer"/>
  <member type="way" ref="399050380" role="outer"/>
  <member type="way" ref="1126477630" role="outer"/>
  <member type="way" ref="399050379" role="outer"/>
  <member type="way" ref="399051677" role="outer"/>
  <member type="way" ref="45325935" role="outer"/>
  <member type="way" ref="399051678" role="outer"/>
  <member type="way" ref="399053162" role="outer"/>
  <member type="way" ref="399053165" role="outer"/>
  <member type="way" ref="758823027" role="outer"/>
  <member type="way" ref="399059230" role="outer"/>
  <member type="way" ref="399059232" role="outer"/>
  <member type="way" ref="385377761" role="outer"/>
  <member type="way" ref="327959505" role="outer"/>
  <member type="way" ref="385461617" role="outer"/>
  <member type="way" ref="385377762" role="outer"/>
  <member type="way" ref="398963615" role="outer"/>
  <member type="way" ref="1191214643" role="outer"/>
  <member type="way" ref="1190302193" role="outer"/>
  <member type="way" ref="1190302194" role="outer"/>
  <member type="way" ref="397141580" role="outer"/>
  <member type="way" ref="397136947" role="outer"/>
  <member type="way" ref="397115045" role="outer"/>
  <member type="way" ref="1190316641" role="outer"/>
  <member type="way" ref="45325024" role="outer"/>
  <member type="way" ref="1190316642" role="outer"/>
  <member type="way" ref="397115041" role="outer"/>
  <member type="way" ref="1190316643" role="outer"/>
  <member type="way" ref="1190316644" role="outer"/>
  <member type="way" ref="1190316645" role="outer"/>
  <member type="way" ref="1190316646" role="outer"/>
  <member type="way" ref="1190302195" role="outer"/>
  <member type="way" ref="1189928875" role="outer"/>
  <member type="way" ref="396991689" role="outer"/>
  <member type="way" ref="396950675" role="outer"/>
  <member type="way" ref="396950676" role="outer"/>
  <member type="way" ref="1185672186" role="outer"/>
  <member type="way" ref="144795434" role="outer"/>
  <member type="way" ref="395743315" role="outer"/>
  <member type="way" ref="1183384255" role="outer"/>
  <member type="way" ref="395743320" role="outer"/>
  <member type="way" ref="395792459" role="outer"/>
  <member type="way" ref="329942875" role="outer"/>
  <member type="way" ref="1183380199" role="outer"/>
  <member type="way" ref="395791275" role="outer"/>
  <member type="way" ref="722781356" role="outer"/>
  <member type="way" ref="395789456" role="outer"/>
  <member type="way" ref="395851788" role="outer"/>
  <member type="way" ref="395848929" role="outer"/>
  <member type="way" ref="395174739" role="outer"/>
  <member type="way" ref="1183340976" role="outer"/>
  <member type="way" ref="1183340980" role="outer"/>
  <member type="way" ref="1183340988" role="outer"/>
  <member type="way" ref="1183340989" role="outer"/>
  <member type="way" ref="395174740" role="outer"/>
  <member type="way" ref="1183340974" role="outer"/>
  <member type="way" ref="45325932" role="outer"/>
  <member type="way" ref="1183302230" role="outer"/>
  <member type="way" ref="394989091" role="outer"/>
  <member type="way" ref="1183302223" role="outer"/>
  <member type="way" ref="144764816" role="outer"/>
  <member type="way" ref="1183302225" role="outer"/>
  <member type="way" ref="1183302238" role="outer"/>
  <member type="way" ref="394989087" role="outer"/>
  <member type="way" ref="1183018485" role="outer"/>
  <member type="way" ref="394975056" role="outer"/>
  <member type="way" ref="722722671" role="outer"/>
  <member type="way" ref="1183018493" role="outer"/>
  <member type="way" ref="394975051" role="outer"/>
  <member type="way" ref="1183018503" role="outer"/>
  <member type="way" ref="47397517" role="outer"/>
  <member type="way" ref="1182997342" role="outer"/>
  <member type="way" ref="394975061" role="outer"/>
  <member type="way" ref="394975052" role="outer"/>
  <member type="way" ref="394975050" role="outer"/>
  <member type="way" ref="1182938666" role="outer"/>
  <member type="way" ref="394975046" role="outer"/>
  <member type="way" ref="1182938673" role="outer"/>
  <member type="way" ref="1182938680" role="outer"/>
  <member type="way" ref="136079056" role="outer"/>
  <member type="way" ref="1182938691" role="outer"/>
  <member type="way" ref="721268760" role="outer"/>
  <member type="way" ref="394975043" role="outer"/>
  <member type="way" ref="1182935052" role="outer"/>
  <member type="way" ref="1182935069" role="outer"/>
  <member type="way" ref="47397523" role="outer"/>
  <member type="way" ref="327955950" role="outer"/>
  <member type="way" ref="327955947" role="outer"/>
  <member type="way" ref="1182667258" role="outer"/>
  <member type="way" ref="1182667274" role="outer"/>
  <member type="way" ref="721276590" role="outer"/>
  <member type="way" ref="394624378" role="outer"/>
  <member type="way" ref="721276587" role="outer"/>
  <member type="way" ref="1182258919" role="outer"/>
  <member type="way" ref="47395260" role="outer"/>
  <member type="way" ref="394465186" role="outer"/>
  <member type="way" ref="1182246707" role="outer"/>
  <member type="way" ref="394465187" role="outer"/>
  <member type="way" ref="327955951" role="outer"/>
  <member type="way" ref="1182246705" role="outer"/>
  <member type="way" ref="394449729" role="outer"/>
  <member type="way" ref="394443979" role="outer"/>
  <member type="way" ref="394442804" role="outer"/>
  <member type="way" ref="394442801" role="outer"/>
  <member type="way" ref="1182244170" role="outer"/>
  <member type="way" ref="394381853" role="outer"/>
  <member type="way" ref="1182244169" role="outer"/>
  <member type="way" ref="1182244187" role="outer"/>
  <member type="way" ref="721017949" role="outer"/>
  <member type="way" ref="328252242" role="outer"/>
  <member type="way" ref="393580891" role="outer"/>
  <member type="way" ref="393579338" role="outer"/>
  <member type="way" ref="1182163371" role="outer"/>
  <member type="way" ref="721017958" role="outer"/>
  <member type="way" ref="393519610" role="outer"/>
  <member type="way" ref="1182163375" role="outer"/>
  <member type="way" ref="393579336" role="outer"/>
  <member type="way" ref="393498653" role="outer"/>
  <member type="way" ref="393517554" role="outer"/>
  <member type="way" ref="1182108702" role="outer"/>
  <member type="way" ref="330810113" role="outer"/>
  <member type="way" ref="1182108710" role="outer"/>
  <member type="way" ref="393517560" role="outer"/>
  <member type="way" ref="393491952" role="outer"/>
  <member type="way" ref="393485414" role="outer"/>
  <member type="way" ref="393485405" role="outer"/>
  <member type="way" ref="1182088303" role="outer"/>
  <member type="way" ref="393485410" role="outer"/>
  <member type="way" ref="1182088305" role="outer"/>
  <member type="way" ref="1182087078" role="outer"/>
  <member type="way" ref="393485403" role="outer"/>
  <member type="way" ref="1182085890" role="outer"/>
  <member type="way" ref="393353035" role="outer"/>
  <member type="way" ref="1182085892" role="outer"/>
  <member type="way" ref="393283466" role="outer"/>
  <member type="way" ref="330670798" role="outer"/>
  <member type="way" ref="330670796" role="outer"/>
  <member type="way" ref="330594927" role="outer"/>
  <member type="way" ref="1034908123" role="outer"/>
  <member type="way" ref="775123555" role="outer"/>
  <member type="way" ref="1243995206" role="outer"/>
  <member type="way" ref="1243995205" role="outer"/>
  <member type="way" ref="1243995204" role="outer"/>
  <member type="way" ref="1243995203" role="outer"/>
  <member type="way" ref="1243995202" role="outer"/>
  <member type="way" ref="148107460" role="outer"/>
  <member type="way" ref="745377243" role="outer"/>
  <member type="way" ref="201989216" role="outer"/>
  <member type="way" ref="201989214" role="outer"/>
  <member type="way" ref="393979062" role="outer"/>
  <member type="way" ref="806965654" role="outer"/>
  <member type="way" ref="204426587" role="outer"/>
  <member type="way" ref="47378718" role="outer"/>
  <member type="way" ref="721017960" role="outer"/>
  <member type="way" ref="201989222" role="outer"/>
  <member type="way" ref="47378180" role="outer"/>
  <member type="way" ref="201989211" role="outer"/>
  <member type="way" ref="537050619" role="outer"/>
  <member type="way" ref="201989215" role="outer"/>
  <member type="way" ref="537050618" role="outer"/>
  <member type="way" ref="47377950" role="outer"/>
  <member type="way" ref="680010956" role="outer"/>
  <member type="way" ref="680010957" role="outer"/>
  <member type="way" ref="46342323" role="outer"/>
  <member type="way" ref="201989206" role="outer"/>
  <member type="way" ref="201989203" role="outer"/>
  <member type="way" ref="537050612" role="outer"/>
  <member type="way" ref="201989212" role="outer"/>
  <member type="way" ref="719025933" role="outer"/>
  <member type="way" ref="201989224" role="outer"/>
  <member type="way" ref="719025932" role="outer"/>
  <member type="way" ref="201989221" role="outer"/>
  <member type="way" ref="537052157" role="outer"/>
  <member type="way" ref="201989201" role="outer"/>
  <member type="way" ref="201989213" role="outer"/>
  <member type="way" ref="201989217" role="outer"/>
  <member type="way" ref="201989210" role="outer"/>
  <member type="way" ref="1498755887" role="outer"/>
  <member type="way" ref="1498755882" role="outer"/>
  <member type="way" ref="288962101" role="outer"/>
  <member type="way" ref="868036658" role="outer"/>
  <member type="way" ref="1498755884" role="outer"/>
  <member type="way" ref="536962322" role="outer"/>
  <member type="way" ref="201989207" role="outer"/>
  <member type="way" ref="201989218" role="outer"/>
  <member type="way" ref="201989219" role="outer"/>
  <member type="way" ref="537053851" role="outer"/>
  <member type="way" ref="202057037" role="outer"/>
  <member type="way" ref="202057039" role="outer"/>
  <member type="way" ref="484823878" role="outer"/>
  <member type="way" ref="484548020" role="outer"/>
  <member type="way" ref="484553387" role="outer"/>
  <member type="way" ref="201989209" role="outer"/>
  <member type="way" ref="1452774041" role="outer"/>
  <member type="way" ref="1452774042" role="outer"/>
  <member type="way" ref="537069331" role="outer"/>
  <member type="way" ref="201989205" role="outer"/>
  <member type="way" ref="201963201" role="outer"/>
  <member type="way" ref="843910193" role="outer"/>
  <member type="way" ref="1305062634" role="outer"/>
  <member type="way" ref="845790751" role="outer"/>
  <member type="way" ref="845790750" role="outer"/>
  <member type="way" ref="1361381571" role="outer"/>
  <member type="way" ref="1361381570" role="outer"/>
  <member type="way" ref="1361381572" role="outer"/>
  <member type="way" ref="201963204" role="outer"/>
  <member type="way" ref="911415831" role="outer"/>
  <member type="way" ref="201963202" role="outer"/>
  <member type="way" ref="201963203" role="outer"/>
  <member type="way" ref="817049118" role="outer"/>
  <member type="way" ref="804672674" role="outer"/>
  <member type="way" ref="201864294" role="outer"/>
  <member type="way" ref="1454180185" role="outer"/>
  <member type="way" ref="201864295" role="outer"/>
  <member type="way" ref="1305062635" role="outer"/>
  <member type="way" ref="201864296" role="outer"/>
  <member type="way" ref="201864293" role="outer"/>
  <member type="way" ref="1453878646" role="outer"/>
  <member type="way" ref="899519646" role="outer"/>
  <member type="way" ref="1453878643" role="outer"/>
  <member type="way" ref="898009158" role="outer"/>
  <member type="way" ref="826045692" role="outer"/>
  <member type="way" ref="895941548" role="outer"/>
  <member type="way" ref="201864292" role="outer"/>
  <member type="way" ref="973960228" role="outer"/>
  <member type="way" ref="973960227" role="outer"/>
  <member type="way" ref="296644252" role="outer"/>
  <member type="way" ref="525054377" role="outer"/>
  <member type="way" ref="563799816" role="outer"/>
  <member type="way" ref="1493090667" role="outer"/>
  <member type="way" ref="204779878" role="outer"/>
  <member type="way" ref="201864297" role="outer"/>
  <member type="way" ref="340317211" role="outer"/>
  <member type="way" ref="204784124" role="outer"/>
  <member type="way" ref="201864290" role="outer"/>
  <member type="way" ref="1168804850" role="outer"/>
  <member type="way" ref="484308119" role="outer"/>
  <member type="way" ref="329316222" role="outer"/>
  <member type="way" ref="905717165" role="outer"/>
  <member type="way" ref="1276291269" role="outer"/>
  <member type="way" ref="132959991" role="outer"/>
  <member type="way" ref="754090663" role="outer"/>
  <member type="way" ref="586703158" role="outer"/>
  <member type="way" ref="1168804844" role="outer"/>
  <member type="way" ref="741956963" role="outer"/>
  <member type="way" ref="586703113" role="outer"/>
  <member type="way" ref="586703114" role="outer"/>
  <member type="way" ref="1327845756" role="outer"/>
  <member type="way" ref="1168804847" role="outer"/>
  <member type="way" ref="831368207" role="outer"/>
  <member type="way" ref="831368208" role="outer"/>
  <member type="way" ref="831328508" role="outer"/>
  <member type="way" ref="831326963" role="outer"/>
  <member type="way" ref="831326962" role="outer"/>
  <member type="way" ref="711800850" role="outer"/>
  <member type="way" ref="711800848" role="outer"/>
  <member type="way" ref="1168813188" role="outer"/>
  <member type="way" ref="586703111" role="outer"/>
  <member type="way" ref="754022067" role="outer"/>
  <member type="way" ref="754022064" role="outer"/>
  <member type="way" ref="687745245" role="outer"/>
  <member type="way" ref="586703112" role="outer"/>
  <member type="way" ref="1208805194" role="outer"/>
  <member type="way" ref="586703128" role="outer"/>
  <member type="way" ref="753881192" role="outer"/>
  <member type="way" ref="586703110" role="outer"/>
  <member type="way" ref="753862699" role="outer"/>
  <member type="way" ref="753873786" role="outer"/>
  <member type="way" ref="586703142" role="outer"/>
  <member type="way" ref="586703149" role="outer"/>
  <member type="way" ref="1208704561" role="outer"/>
  <member type="way" ref="715330049" role="outer"/>
  <member type="way" ref="715330050" role="outer"/>
  <member type="way" ref="586703152" role="outer"/>
  <member type="way" ref="1208704558" role="outer"/>
  <member type="way" ref="753873784" role="outer"/>
  <member type="way" ref="753226353" role="outer"/>
  <member type="way" ref="586703151" role="outer"/>
  <member type="way" ref="1208704556" role="outer"/>
  <member type="way" ref="1208704559" role="outer"/>
  <member type="way" ref="753226352" role="outer"/>
  <member type="way" ref="753226350" role="outer"/>
  <member type="way" ref="914054260" role="outer"/>
  <member type="way" ref="586703153" role="outer"/>
  <member type="way" ref="586703155" role="outer"/>
  <member type="way" ref="586703109" role="outer"/>
  <member type="way" ref="687791386" role="outer"/>
  <member type="way" ref="753220693" role="outer"/>
  <member type="way" ref="711425439" role="outer"/>
  <member type="way" ref="586703156" role="outer"/>
  <member type="way" ref="1208662329" role="outer"/>
  <member type="way" ref="1253359921" role="outer"/>
  <member type="way" ref="1253359920" role="outer"/>
  <member type="way" ref="586703157" role="outer"/>
  <member type="way" ref="711403829" role="outer"/>
  <member type="way" ref="711403827" role="outer"/>
  <member type="way" ref="711403826" role="outer"/>
  <member type="way" ref="1208657659" role="outer"/>
  <member type="way" ref="753220687" role="outer"/>
  <member type="way" ref="753192811" role="outer"/>
  <member type="way" ref="1034042790" role="outer"/>
  <member type="way" ref="687791426" role="outer"/>
  <member type="way" ref="1034042791" role="outer"/>
  <member type="way" ref="586687993" role="outer"/>
  <member type="way" ref="753192810" role="outer"/>
  <member type="way" ref="753192807" role="outer"/>
  <member type="way" ref="1018980068" role="outer"/>
  <member type="way" ref="586687994" role="outer"/>
  <member type="way" ref="1190576550" role="outer"/>
  <member type="way" ref="753192802" role="outer"/>
  <member type="way" ref="1190576580" role="outer"/>
  <member type="way" ref="687829923" role="outer"/>
  <member type="way" ref="1190576581" role="outer"/>
  <member type="way" ref="753080693" role="outer"/>
  <member type="way" ref="586687995" role="outer"/>
  <member type="way" ref="753080684" role="outer"/>
  <member type="way" ref="685512861" role="outer"/>
  <member type="way" ref="711236978" role="outer"/>
  <member type="way" ref="1015354551" role="outer"/>
  <member type="way" ref="1226129087" role="outer"/>
  <member type="way" ref="1226123368" role="outer"/>
  <member type="way" ref="143827382" role="outer"/>
  <member type="way" ref="754632587" role="outer"/>
  <member type="way" ref="902751653" role="outer"/>
  <member type="way" ref="1190576583" role="outer"/>
  <member type="way" ref="711236983" role="outer"/>
  <member type="way" ref="711232941" role="outer"/>
  <member type="way" ref="1015354549" role="outer"/>
  <member type="way" ref="1190576582" role="outer"/>
  <member type="way" ref="586687996" role="outer"/>
  <member type="way" ref="1190576536" role="outer"/>
  <member type="way" ref="1190576535" role="outer"/>
  <member type="way" ref="711137505" role="outer"/>
  <member type="way" ref="685517616" role="outer"/>
  <member type="way" ref="1207305976" role="outer"/>
  <member type="way" ref="711397800" role="outer"/>
  <member type="way" ref="1190576534" role="outer"/>
  <member type="way" ref="263782367" role="outer"/>
  <member type="way" ref="586687999" role="outer"/>
  <member type="way" ref="754831831" role="outer"/>
  <member type="way" ref="1017955068" role="outer"/>
  <member type="way" ref="711934898" role="outer"/>
  <member type="way" ref="1017955066" role="outer"/>
  <member type="way" ref="685507735" role="outer"/>
  <member type="way" ref="1017955064" role="outer"/>
  <member type="way" ref="1190576533" role="outer"/>
  <member type="way" ref="711934903" role="outer"/>
  <member type="way" ref="1237236091" role="outer"/>
  <member type="way" ref="711497989" role="outer"/>
  <member type="way" ref="1190576490" role="outer"/>
  <member type="way" ref="1017955062" role="outer"/>
  <member type="way" ref="253403862" role="outer"/>
  <member type="way" ref="1190576491" role="outer"/>
  <member type="way" ref="692537950" role="outer"/>
  <member type="way" ref="692537948" role="outer"/>
  <member type="way" ref="1190576492" role="outer"/>
  <member type="way" ref="692559461" role="outer"/>
  <member type="way" ref="1207813445" role="outer"/>
  <member type="way" ref="1190576484" role="outer"/>
  <member type="way" ref="1190576485" role="outer"/>
  <member type="way" ref="143862799" role="outer"/>
  <member type="way" ref="693667159" role="outer"/>
  <member type="way" ref="692565384" role="outer"/>
  <member type="way" ref="693667158" role="outer"/>
  <member type="way" ref="692565386" role="outer"/>
  <member type="way" ref="1190576483" role="outer"/>
  <member type="way" ref="586687978" role="outer"/>
  <member type="way" ref="692772462" role="outer"/>
  <member type="way" ref="692827380" role="outer"/>
  <member type="way" ref="1190576482" role="outer"/>
  <member type="way" ref="586687979" role="outer"/>
  <member type="way" ref="1190576477" role="outer"/>
  <member type="way" ref="1190576481" role="outer"/>
  <member type="way" ref="1190576476" role="outer"/>
  <member type="way" ref="1211343105" role="outer"/>
  <member type="way" ref="1211343113" role="outer"/>
  <member type="way" ref="1211485134" role="outer"/>
  <member type="way" ref="1251046314" role="outer"/>
  <member type="way" ref="1253453818" role="outer"/>
  <member type="way" ref="1251055882" role="outer"/>
  <member type="way" ref="1253453821" role="outer"/>
  <member type="way" ref="1251055883" role="outer"/>
  <member type="way" ref="1251055892" role="outer"/>
  <member type="way" ref="1251055890" role="outer"/>
  <member type="way" ref="1251055884" role="outer"/>
  <member type="way" ref="1251055885" role="outer"/>
  <member type="way" ref="586687980" role="outer"/>
  <member type="way" ref="1211620817" role="outer"/>
  <member type="way" ref="586687981" role="outer"/>
  <member type="way" ref="1211115730" role="outer"/>
  <member type="way" ref="693080733" role="outer"/>
  <member type="way" ref="693085320" role="outer"/>
  <member type="way" ref="755580940" role="outer"/>
  <member type="way" ref="586687982" role="outer"/>
  <member type="way" ref="755580936" role="outer"/>
  <member type="way" ref="1210922879" role="outer"/>
  <member type="way" ref="586687983" role="outer"/>
  <member type="way" ref="1210893801" role="outer"/>
  <member type="way" ref="1109750368" role="outer"/>
  <member type="way" ref="586687984" role="outer"/>
  <member type="way" ref="1253446774" role="outer"/>
  <member type="way" ref="586687990" role="outer"/>
  <member type="way" ref="1210893797" role="outer"/>
  <member type="way" ref="586690210" role="outer"/>
  <member type="way" ref="586687991" role="outer"/>
  <member type="way" ref="586687989" role="outer"/>
  <member type="way" ref="689949477" role="outer"/>
  <member type="way" ref="586687986" role="outer"/>
  <member type="way" ref="586687992" role="outer"/>
  <member type="way" ref="690998419" role="outer"/>
  <member type="way" ref="406255736" role="outer"/>
  <member type="way" ref="1435830124" role="outer"/>
  <member type="way" ref="157387301" role="outer"/>
  <member type="way" ref="936802039" role="outer"/>
  <member type="way" ref="936802032" role="outer"/>
  <member type="way" ref="936802033" role="outer"/>
  <member type="way" ref="936802035" role="outer"/>
  <member type="way" ref="1207058607" role="outer"/>
  <member type="way" ref="1207058603" role="outer"/>
  <member type="way" ref="1207058606" role="outer"/>
  <member type="way" ref="1207058605" role="outer"/>
  <member type="way" ref="936802037" role="outer"/>
  <member type="way" ref="936802034" role="outer"/>
  <member type="way" ref="936802036" role="outer"/>
  <member type="way" ref="400848013" role="outer"/>
  <member type="way" ref="682309721" role="outer"/>
  <member type="way" ref="331220188" role="outer"/>
  <member type="way" ref="682309723" role="outer"/>
  <member type="way" ref="687624855" role="outer"/>
  <member type="way" ref="690028868" role="outer"/>
  <member type="way" ref="155164863" role="outer"/>
  <member type="way" ref="1076221206" role="outer"/>
  <member type="way" ref="752717774" role="outer"/>
  <member type="way" ref="1077421174" role="outer"/>
  <member type="way" ref="228393704" role="outer"/>
  <member type="way" ref="752713900" role="outer"/>
  <member type="way" ref="1077421196" role="outer"/>
  <member type="way" ref="752713918" role="outer"/>
  <member type="way" ref="1077421197" role="outer"/>
  <member type="way" ref="155164864" role="outer"/>
  <member type="way" ref="283881286" role="outer"/>
  <member type="way" ref="686261115" role="outer"/>
  <member type="way" ref="155164843" role="outer"/>
  <member type="way" ref="907212974" role="outer"/>
  <member type="way" ref="752686172" role="outer"/>
  <member type="way" ref="752686177" role="outer"/>
  <member type="way" ref="283881287" role="outer"/>
  <member type="way" ref="1077421195" role="outer"/>
  <member type="way" ref="686261114" role="outer"/>
  <member type="way" ref="620330796" role="outer"/>
  <member type="way" ref="752305853" role="outer"/>
  <member type="way" ref="145750052" role="outer"/>
  <member type="way" ref="685818100" role="outer"/>
  <member type="way" ref="752305851" role="outer"/>
  <member type="way" ref="620330793" role="outer"/>
  <member type="way" ref="620322797" role="outer"/>
  <member type="way" ref="1076221419" role="outer"/>
  <member type="way" ref="619854487" role="outer"/>
  <member type="way" ref="752305858" role="outer"/>
  <member type="way" ref="619854488" role="outer"/>
  <member type="way" ref="685813958" role="outer"/>
  <member type="way" ref="206642072" role="outer"/>
  <member type="way" ref="206642073" role="outer"/>
  <member type="way" ref="1076221415" role="outer"/>
  <member type="way" ref="685813959" role="outer"/>
  <member type="way" ref="206644834" role="outer"/>
  <member type="way" ref="28294329" role="outer"/>
  <member type="way" ref="1076357676" role="outer"/>
  <member type="way" ref="751811364" role="outer"/>
  <member type="way" ref="1076357686" role="outer"/>
  <member type="way" ref="288306178" role="outer"/>
  <member type="way" ref="751811394" role="outer"/>
  <member type="way" ref="1076357688" role="outer"/>
  <member type="way" ref="751811409" role="outer"/>
  <member type="way" ref="684940528" role="outer"/>
  <member type="way" ref="751811414" role="outer"/>
  <member type="way" ref="751811426" role="outer"/>
  <member type="way" ref="751811432" role="outer"/>
  <member type="way" ref="751811458" role="outer"/>
  <member type="way" ref="751811463" role="outer"/>
  <member type="way" ref="1299763722" role="outer"/>
  <member type="way" ref="751664750" role="outer"/>
  <member type="way" ref="1076357696" role="outer"/>
  <member type="way" ref="133295842" role="outer"/>
  <member type="way" ref="751664755" role="outer"/>
  <member type="way" ref="239809732" role="outer"/>
  <member type="way" ref="684611767" role="outer"/>
  <member type="way" ref="751664768" role="outer"/>
  <member type="way" ref="1076357717" role="outer"/>
  <member type="way" ref="239809731" role="outer"/>
  <member type="way" ref="1076357718" role="outer"/>
  <member type="way" ref="133295827" role="outer"/>
  <member type="way" ref="751637909" role="outer"/>
  <member type="way" ref="1076357745" role="outer"/>
  <member type="way" ref="290443593" role="outer"/>
  <member type="way" ref="751637883" role="outer"/>
  <member type="way" ref="1076357747" role="outer"/>
  <member type="way" ref="684611765" role="outer"/>
  <member type="way" ref="1444591759" role="outer"/>
  <member type="way" ref="1444591764" role="outer"/>
  <member type="way" ref="1442419757" role="outer"/>
  <member type="way" ref="751637912" role="outer"/>
  <member type="way" ref="1442419759" role="outer"/>
  <member type="way" ref="1076357748" role="outer"/>
  <member type="way" ref="1442419763" role="outer"/>
  <member type="way" ref="751637885" role="outer"/>
  <member type="way" ref="1076357755" role="outer"/>
  <member type="way" ref="1442419760" role="outer"/>
  <member type="way" ref="154887624" role="outer"/>
  <member type="way" ref="1443362994" role="outer"/>
  <member type="way" ref="1076357759" role="outer"/>
  <member type="way" ref="154887673" role="outer"/>
  <member type="way" ref="751637915" role="outer"/>
  <member type="way" ref="1444629707" role="outer"/>
  <member type="way" ref="1444629704" role="outer"/>
  <member type="way" ref="133295838" role="outer"/>
  <member type="way" ref="1076221474" role="outer"/>
  <member type="way" ref="751637938" role="outer"/>
  <member type="way" ref="688627598" role="outer"/>
  <member type="way" ref="1442078969" role="outer"/>
  <member type="way" ref="1442078967" role="outer"/>
  <member type="way" ref="133295124" role="outer"/>
  <member type="way" ref="1076221473" role="outer"/>
  <member type="way" ref="751608887" role="outer"/>
  <member type="way" ref="1459670210" role="outer"/>
  <member type="way" ref="1459670213" role="outer"/>
  <member type="way" ref="1076221442" role="outer"/>
  <member type="way" ref="1076357725" role="outer"/>
  <member type="way" ref="680866407" role="outer"/>
  <member type="way" ref="1459131454" role="outer"/>
  <member type="way" ref="751608889" role="outer"/>
  <member type="way" ref="751608895" role="outer"/>
  <member type="way" ref="1459131456" role="outer"/>
  <member type="way" ref="1459131449" role="outer"/>
  <member type="way" ref="751608901" role="outer"/>
  <member type="way" ref="1459131444" role="outer"/>
  <member type="way" ref="133258812" role="outer"/>
  <member type="way" ref="1076357723" role="outer"/>
  <member type="way" ref="1459346322" role="outer"/>
  <member type="way" ref="1435901099" role="outer"/>
  <member type="way" ref="1459467864" role="outer"/>
  <member type="way" ref="1076357724" role="outer"/>
  <member type="way" ref="1459467868" role="outer"/>
  <member type="way" ref="751608919" role="outer"/>
  <member type="way" ref="1459467862" role="outer"/>
  <member type="way" ref="546219301" role="outer"/>
  <member type="way" ref="751608929" role="outer"/>
  <member type="way" ref="1447258832" role="outer"/>
  <member type="way" ref="546219318" role="outer"/>
  <member type="way" ref="527611268" role="outer"/>
  <member type="way" ref="154887617" role="outer"/>
  <member type="way" ref="546210590" role="outer"/>
  <member type="way" ref="527611285" role="outer"/>
  <member type="way" ref="1449263145" role="outer"/>
  <member type="way" ref="1449263140" role="outer"/>
  <member type="way" ref="546192370" role="outer"/>
  <member type="way" ref="154887672" role="outer"/>
  <member type="way" ref="1449570062" role="outer"/>
  <member type="way" ref="1449570067" role="outer"/>
  <member type="way" ref="1449570072" role="outer"/>
  <member type="way" ref="133258826" role="outer"/>
  <member type="way" ref="1449570070" role="outer"/>
  <member type="way" ref="1449570075" role="outer"/>
  <member type="way" ref="133257080" role="outer"/>
  <member type="way" ref="546192368" role="outer"/>
  <member type="way" ref="1449570074" role="outer"/>
  <member type="way" ref="1449570065" role="outer"/>
  <member type="way" ref="1449570063" role="outer"/>
  <member type="way" ref="1449570060" role="outer"/>
  <member type="way" ref="546192367" role="outer"/>
  <member type="way" ref="751563101" role="outer"/>
  <member type="way" ref="1449263136" role="outer"/>
  <member type="way" ref="1449263132" role="outer"/>
  <member type="way" ref="133142038" role="outer"/>
  <member type="way" ref="1449263154" role="outer"/>
  <member type="way" ref="546210564" role="outer"/>
  <member type="way" ref="1447546994" role="outer"/>
  <member type="way" ref="546412685" role="outer"/>
  <member type="way" ref="546425345" role="outer"/>
  <member type="way" ref="751506397" role="outer"/>
  <member type="way" ref="133137325" role="outer"/>
  <member type="way" ref="1436613702" role="outer"/>
  <member type="way" ref="591142999" role="outer"/>
  <member type="way" ref="1436613709" role="outer"/>
  <member type="way" ref="679027935" role="outer"/>
  <member type="way" ref="687802266" role="outer"/>
  <member type="way" ref="680102958" role="outer"/>
  <member type="way" ref="751512696" role="outer"/>
  <member type="way" ref="687906154" role="outer"/>
  <member type="way" ref="687907111" role="outer"/>
  <member type="way" ref="687906153" role="outer"/>
  <member type="way" ref="1076357732" role="outer"/>
  <member type="way" ref="1433877627" role="outer"/>
  <member type="way" ref="1433877631" role="outer"/>
  <member type="way" ref="679027937" role="outer"/>
  <member type="way" ref="1433877619" role="outer"/>
  <member type="way" ref="653912256" role="outer"/>
  <member type="way" ref="1433877635" role="outer"/>
  <member type="way" ref="653912251" role="outer"/>
  <member type="way" ref="1433877637" role="outer"/>
  <member type="way" ref="133147360" role="outer"/>
  <member type="way" ref="1433877633" role="outer"/>
  <member type="way" ref="1433877622" role="outer"/>
  <member type="way" ref="1433877625" role="outer"/>
  <member type="way" ref="751512704" role="outer"/>
  <member type="way" ref="751512710" role="outer"/>
  <member type="way" ref="1433877628" role="outer"/>
  <member type="way" ref="1076357733" role="outer"/>
  <member type="way" ref="1434060023" role="outer"/>
  <member type="way" ref="1433979298" role="outer"/>
  <member type="way" ref="1434060013" role="outer"/>
  <member type="way" ref="1434060005" role="outer"/>
  <member type="way" ref="133166442" role="outer"/>
  <member type="way" ref="1434060010" role="outer"/>
  <member type="way" ref="1076357734" role="outer"/>
  <member type="way" ref="1433954058" role="outer"/>
  <member type="way" ref="1433954054" role="outer"/>
  <member type="way" ref="145025630" role="outer"/>
  <member type="way" ref="305675944" role="outer"/>
  <member type="way" ref="1433937471" role="outer"/>
  <member type="way" ref="1076357729" role="outer"/>
  <member type="way" ref="751512726" role="outer"/>
  <member type="way" ref="603974330" role="outer"/>
  <member type="way" ref="751512730" role="outer"/>
  <member type="way" ref="603956176" role="outer"/>
  <member type="way" ref="1457193145" role="outer"/>
  <member type="way" ref="1457193148" role="outer"/>
  <member type="way" ref="1457193153" role="outer"/>
  <member type="way" ref="733697221" role="outer"/>
  <member type="way" ref="603959905" role="outer"/>
  <member type="way" ref="1457338066" role="outer"/>
  <member type="way" ref="603956180" role="outer"/>
  <member type="way" ref="1457338059" role="outer"/>
  <member type="way" ref="133305660" role="outer"/>
  <member type="way" ref="1457338053" role="outer"/>
  <member type="way" ref="751512844" role="outer"/>
  <member type="way" ref="1457338052" role="outer"/>
  <member type="way" ref="1457338057" role="outer"/>
  <member type="way" ref="1457338061" role="outer"/>
  <member type="way" ref="724752494" role="outer"/>
  <member type="way" ref="1457338073" role="outer"/>
  <member type="way" ref="133305668" role="outer"/>
  <member type="way" ref="1457338048" role="outer"/>
  <member type="way" ref="871155938" role="outer"/>
  <member type="way" ref="749893484" role="outer"/>
  <member type="way" ref="1458861520" role="outer"/>
  <member type="way" ref="1458881479" role="outer"/>
  <member type="way" ref="724752493" role="outer"/>
  <member type="way" ref="749893483" role="outer"/>
  <member type="way" ref="1076221373" role="outer"/>
  <member type="way" ref="724781883" role="outer"/>
  <member type="way" ref="1076357774" role="outer"/>
  <member type="way" ref="1458379839" role="outer"/>
  <member type="way" ref="1458379842" role="outer"/>
  <member type="way" ref="686317560" role="outer"/>
  <member type="way" ref="1458379830" role="outer"/>
  <member type="way" ref="1436114737" role="outer"/>
  <member type="way" ref="724781885" role="outer"/>
  <member type="way" ref="294994287" role="outer"/>
  <member type="way" ref="1076221445" role="outer"/>
  <member type="way" ref="1310983011" role="outer"/>
  <member type="way" ref="1311188400" role="outer"/>
  <member type="way" ref="685418574" role="outer"/>
  <member type="way" ref="751313946" role="outer"/>
  <member type="way" ref="686321874" role="outer"/>
  <member type="way" ref="1076221281" role="outer"/>
  <member type="way" ref="150349738" role="outer"/>
  <member type="way" ref="1076357775" role="outer"/>
  <member type="way" ref="729375362" role="outer"/>
  <member type="way" ref="685400005" role="outer"/>
  <member type="way" ref="150469469" role="outer"/>
  <member type="way" ref="1076221210" role="outer"/>
  <member type="way" ref="751308545" role="outer"/>
  <member type="way" ref="751308549" role="outer"/>
  <member type="way" ref="358925581" role="outer"/>
  <member type="way" ref="358925580" role="outer"/>
  <member type="way" ref="295000399" role="outer"/>
  <member type="way" ref="1436118593" role="outer"/>
  <member type="way" ref="1076997988" role="outer"/>
  <member type="way" ref="150469473" role="outer"/>
  <member type="way" ref="1076997987" role="outer"/>
  <member type="way" ref="1076997986" role="outer"/>
  <member type="way" ref="150472733" role="outer"/>
  <member type="way" ref="780624550" role="outer"/>
  <member type="way" ref="1210727506" role="outer"/>
  <member type="way" ref="751292204" role="outer"/>
  <member type="way" ref="751292208" role="outer"/>
  <member type="way" ref="1210727507" role="outer"/>
  <member type="way" ref="1076997985" role="outer"/>
  <member type="way" ref="685605975" role="outer"/>
  <member type="way" ref="1076997980" role="outer"/>
  <member type="way" ref="686329523" role="outer"/>
  <member type="way" ref="686347965" role="outer"/>
  <member type="way" ref="686347966" role="outer"/>
  <member type="way" ref="686347967" role="outer"/>
  <member type="way" ref="28294236" role="outer"/>
  <member type="way" ref="1076997990" role="outer"/>
  <member type="way" ref="726098792" role="outer"/>
  <member type="way" ref="354481312" role="outer"/>
  <member type="way" ref="686342897" role="outer"/>
  <member type="way" ref="686340597" role="outer"/>
  <member type="way" ref="726098801" role="outer"/>
  <member type="way" ref="686340618" role="outer"/>
  <member type="way" ref="726098808" role="outer"/>
  <member type="way" ref="686100703" role="outer"/>
  <member type="way" ref="1076221429" role="outer"/>
  <member type="way" ref="686093832" role="outer"/>
  <member type="way" ref="728946473" role="outer"/>
  <member type="way" ref="728862223" role="outer"/>
  <member type="way" ref="686100702" role="outer"/>
  <member type="way" ref="686093833" role="outer"/>
  <member type="way" ref="686093834" role="outer"/>
  <member type="way" ref="686139979" role="outer"/>
  <member type="way" ref="728866100" role="outer"/>
  <member type="way" ref="728866099" role="outer"/>
  <member type="way" ref="686093896" role="outer"/>
  <member type="way" ref="1076221425" role="outer"/>
  <member type="way" ref="686070170" role="outer"/>
  <member type="way" ref="686064056" role="outer"/>
  <member type="way" ref="728953338" role="outer"/>
  <member type="way" ref="780158073" role="outer"/>
  <member type="way" ref="686064061" role="outer"/>
  <member type="way" ref="780158075" role="outer"/>
  <member type="way" ref="728953341" role="outer"/>
  <member type="way" ref="686125834" role="outer"/>
  <member type="way" ref="1076997949" role="outer"/>
  <member type="way" ref="728988002" role="outer"/>
  <member type="way" ref="686064062" role="outer"/>
  <member type="way" ref="1076997944" role="outer"/>
  <member type="way" ref="728988021" role="outer"/>
  <member type="way" ref="686123281" role="outer"/>
  <member type="way" ref="729001277" role="outer"/>
  <member type="way" ref="686048770" role="outer"/>
  <member type="way" ref="686048782" role="outer"/>
  <member type="way" ref="1076997945" role="outer"/>
  <member type="way" ref="1077275649" role="outer"/>
  <member type="way" ref="729001274" role="outer"/>
  <member type="way" ref="686048793" role="outer"/>
  <member type="way" ref="729001273" role="outer"/>
  <member type="way" ref="685987290" role="outer"/>
  <member type="way" ref="1077275648" role="outer"/>
  <member type="way" ref="685987307" role="outer"/>
  <member type="way" ref="685987289" role="outer"/>
  <member type="way" ref="1077202872" role="outer"/>
  <member type="way" ref="685982880" role="outer"/>
  <member type="way" ref="819658964" role="outer"/>
  <member type="way" ref="819658963" role="outer"/>
  <member type="way" ref="1077202873" role="outer"/>
  <member type="way" ref="729019680" role="outer"/>
  <member type="way" ref="656848972" role="outer"/>
  <member type="way" ref="729019681" role="outer"/>
  <member type="way" ref="656848971" role="outer"/>
  <member type="way" ref="685982845" role="outer"/>
  <member type="way" ref="1077202876" role="outer"/>
  <member type="way" ref="685982846" role="outer"/>
  <member type="way" ref="729019670" role="outer"/>
  <member type="way" ref="1436190517" role="outer"/>
  <member type="way" ref="167237595" role="outer"/>
  <member type="way" ref="780168130" role="outer"/>
  <member type="way" ref="686117776" role="outer"/>
  <member type="way" ref="685928769" role="outer"/>
  <member type="way" ref="780168132" role="outer"/>
  <member type="way" ref="780168133" role="outer"/>
  <member type="way" ref="685982859" role="outer"/>
  <member type="way" ref="729009343" role="outer"/>
  <member type="way" ref="1436187671" role="outer"/>
  <member type="way" ref="685969999" role="outer"/>
  <member type="way" ref="729009363" role="outer"/>
  <member type="way" ref="686135933" role="outer"/>
  <member type="way" ref="685982860" role="outer"/>
  <member type="way" ref="1436182864" role="outer"/>
  <member type="way" ref="685948343" role="outer"/>
  <member type="way" ref="780216405" role="outer"/>
  <member type="way" ref="685969998" role="outer"/>
  <member type="way" ref="728946400" role="outer"/>
  <member type="way" ref="728946409" role="outer"/>
  <member type="way" ref="685969987" role="outer"/>
  <member type="way" ref="685982861" role="outer"/>
  <member type="way" ref="685969967" role="outer"/>
  <member type="way" ref="685982873" role="outer"/>
  <member type="way" ref="685982878" role="outer"/>
  <member type="way" ref="685969966" role="outer"/>
  <member type="way" ref="685969964" role="outer"/>
  <member type="way" ref="661445389" role="outer"/>
  <member type="way" ref="661445390" role="outer"/>
  <member type="way" ref="728710983" role="outer"/>
  <member type="way" ref="661437151" role="outer"/>
  <member type="way" ref="1077202868" role="outer"/>
  <member type="way" ref="728288351" role="outer"/>
  <member type="way" ref="661437156" role="outer"/>
  <member type="way" ref="661431813" role="outer"/>
  <member type="way" ref="1077202867" role="outer"/>
  <member type="way" ref="661431809" role="outer"/>
  <member type="way" ref="661431815" role="outer"/>
  <member type="way" ref="661431814" role="outer"/>
  <member type="way" ref="728727583" role="outer"/>
  <member type="way" ref="696195023" role="outer"/>
  <member type="way" ref="728727576" role="outer"/>
  <member type="way" ref="666438092" role="outer"/>
  <member type="way" ref="28294135" role="outer"/>
  <member type="way" ref="661467747" role="outer"/>
  <member type="way" ref="40478128" role="outer"/>
  <member type="way" ref="728730167" role="outer"/>
  <member type="way" ref="696176541" role="outer"/>
  <member type="way" ref="203588104" role="outer"/>
  <member type="way" ref="203588102" role="outer"/>
  <member type="way" ref="728677119" role="outer"/>
  <member type="way" ref="310459424" role="outer"/>
  <member type="way" ref="399625841" role="outer"/>
  <member type="way" ref="399625840" role="outer"/>
  <member type="way" ref="203588178" role="outer"/>
  <member type="way" ref="310459422" role="outer"/>
  <member type="way" ref="728677135" role="outer"/>
  <member type="way" ref="399625839" role="outer"/>
  <member type="way" ref="310459537" role="outer"/>
  <member type="way" ref="728677139" role="outer"/>
  <member type="way" ref="399625842" role="outer"/>
  <member type="way" ref="203588100" role="outer"/>
  <member type="way" ref="661467751" role="outer"/>
  <member type="way" ref="728677287" role="outer"/>
  <member type="way" ref="203588106" role="outer"/>
  <member type="way" ref="687213826" role="outer"/>
  <member type="way" ref="687219611" role="outer"/>
  <member type="way" ref="150493367" role="outer"/>
  <member type="way" ref="40495929" role="outer"/>
  <member type="way" ref="687153975" role="outer"/>
  <member type="way" ref="203588103" role="outer"/>
  <member type="way" ref="728834152" role="outer"/>
  <member type="way" ref="399621914" role="outer"/>
  <member type="way" ref="399621913" role="outer"/>
  <member type="way" ref="203588092" role="outer"/>
  <member type="way" ref="687153983" role="outer"/>
  <member type="way" ref="728825303" role="outer"/>
  <member type="way" ref="203588099" role="outer"/>
  <member type="way" ref="399621912" role="outer"/>
  <member type="way" ref="399621915" role="outer"/>
  <member type="way" ref="686167490" role="outer"/>
  <member type="way" ref="203588098" role="outer"/>
  <member type="way" ref="687425021" role="outer"/>
  <member type="way" ref="727564768" role="outer"/>
  <member type="way" ref="727583745" role="outer"/>
  <member type="way" ref="727564769" role="outer"/>
  <member type="way" ref="727583753" role="outer"/>
  <member type="way" ref="727577760" role="outer"/>
  <member type="way" ref="399617357" role="outer"/>
  <member type="way" ref="727377954" role="outer"/>
  <member type="way" ref="685742412" role="outer"/>
  <member type="way" ref="203588093" role="outer"/>
  <member type="way" ref="727322782" role="outer"/>
  <member type="way" ref="727322750" role="outer"/>
  <member type="way" ref="727322764" role="outer"/>
  <member type="way" ref="727322756" role="outer"/>
  <member type="way" ref="727322744" role="outer"/>
  <member type="way" ref="727322708" role="outer"/>
  <member type="way" ref="203579526" role="outer"/>
  <member type="way" ref="727322718" role="outer"/>
  <member type="way" ref="727322717" role="outer"/>
  <member type="way" ref="203579521" role="outer"/>
  <member type="way" ref="399617356" role="outer"/>
  <member type="way" ref="203554386" role="outer"/>
  <member type="way" ref="727322715" role="outer"/>
  <member type="way" ref="203554387" role="outer"/>
  <member type="way" ref="237676682" role="outer"/>
  <member type="way" ref="399613998" role="outer"/>
  <member type="way" ref="315385898" role="outer"/>
  <member type="way" ref="727312634" role="outer"/>
  <member type="way" ref="727312640" role="outer"/>
  <member type="way" ref="317742755" role="outer"/>
  <member type="way" ref="150467988" role="outer"/>
  <member type="way" ref="727312649" role="outer"/>
  <member type="way" ref="907157121" role="outer"/>
  <member type="way" ref="1089438429" role="outer"/>
  <member type="way" ref="727312652" role="outer"/>
  <member type="way" ref="150466660" role="outer"/>
  <member type="way" ref="1010031491" role="outer"/>
  <member type="way" ref="727301633" role="outer"/>
  <member type="way" ref="1455776592" role="outer"/>
  <member type="way" ref="907157144" role="outer"/>
  <member type="way" ref="203591110" role="outer"/>
  <member type="way" ref="961006215" role="outer"/>
  <member type="way" ref="727301676" role="outer"/>
  <member type="way" ref="727297492" role="outer"/>
  <member type="way" ref="1453258681" role="outer"/>
  <member type="way" ref="150455336" role="outer"/>
  <member type="way" ref="1212654946" role="outer"/>
  <member type="way" ref="727297495" role="outer"/>
  <member type="way" ref="864088326" role="outer"/>
  <member type="way" ref="864088323" role="outer"/>
  <member type="way" ref="203748569" role="outer"/>
  <member type="way" ref="907157215" role="outer"/>
  <member type="way" ref="150455337" role="outer"/>
  <member type="way" ref="907157217" role="outer"/>
  <member type="way" ref="1455766474" role="outer"/>
  <member type="way" ref="304171537" role="outer"/>
  <member type="way" ref="727241929" role="outer"/>
  <member type="way" ref="864039908" role="outer"/>
  <member type="way" ref="925255871" role="outer"/>
  <member type="way" ref="727241932" role="outer"/>
  <member type="way" ref="203748570" role="outer"/>
  <member type="way" ref="133171749" role="inner"/>
  <member type="way" ref="133155474" role="inner"/>
  <member type="relation" ref="2025855" role="subarea"/>
  <member type="relation" ref="2022095" role="subarea"/>
  <member type="relation" ref="2027346" role="subarea"/>
  <member type="relation" ref="2025886" role="subarea"/>
  <member type="relation" ref="1958982" role="subarea"/>
  <member type="relation" ref="1942809" role="subarea"/>
  <member type="relation" ref="1972004" role="subarea"/>
  <member type="relation" ref="1952530" role="subarea"/>
  <member type="relation" ref="1942586" role="subarea"/>
  <member type="relation" ref="11251493" role="subarea"/>
  <member type="relation" ref="1949080" role="subarea"/>
  <member type="relation" ref="1942601" role="subarea"/>
  <member type="relation" ref="364186" role="subarea"/>
  <member type="relation" ref="1943188" role="subarea"/>
  <member type="relation" ref="1960191" role="subarea"/>
  <member type="relation" ref="2019939" role="subarea"/>
  <member type="relation" ref="2018151" role="subarea"/>
  <member type="relation" ref="5515045" role="subarea"/>
  <member type="relation" ref="2027460" role="subarea"/>
  <member type="relation" ref="1950071" role="subarea"/>
  <member type="relation" ref="1950884" role="subarea"/>
  <member type="relation" ref="2027869" role="subarea"/>
  <member type="relation" ref="2027521" role="subarea"/>
  <member type="relation" ref="2029046" role="subarea"/>
  <member type="relation" ref="2027973" role="subarea"/>
  <member type="relation" ref="1984022" role="land_area"/>
  <member type="relation" ref="107001" role="subarea"/>
  <member type="relation" ref="1942686" role="subarea"/>
  <member type="relation" ref="1942920" role="subarea"/>
  <member type="relation" ref="1791324" role="subarea"/>
  <member type="relation" ref="96905" role="subarea"/>
  <member type="relation" ref="3250963" role="subarea"/>
  <member type="relation" ref="2026458" role="subarea"/>
  <member type="relation" ref="9987086" role="subarea"/>
  <member type="relation" ref="1942587" role="subarea"/>
  <member type="relation" ref="1960177" role="subarea"/>
  <tag k="boundary" v="administrative"/>
  <tag k="name" v="Mainland India"/>
  <tag k="name:en" v="Mainland India"/>
  <tag k="name:ja" v="インド本土"/>
  <tag k="type" v="boundary"/>
 </relation>
</osm>
